4380,0.12,1001.10,31.30,-3.11,-3.81,6.70,-0.01,-0.13,-0.01,8.43
4445,0.00,1001.12,31.27,-2.97,-3.88,6.57,-0.02,0.09,-0.02,8.43
4484,0.00,1001.12,31.25,-2.91,-3.61,6.56,-0.01,0.07,-0.00,8.43
4522,0.00,1001.13,31.24,-3.38,-3.77,6.59,-0.01,-0.18,-0.00,8.43
4560,0.00,1001.13,31.24,-2.74,-3.62,7.02,-0.00,0.05,-0.01,8.42
4598,0.00,1001.14,31.24,-3.04,-3.66,6.70,-0.00,0.34,0.01,8.43
4649,0.00,1001.14,31.24,-3.46,-3.81,6.53,0.00,-0.38,-0.01,8.42
4688,0.00,1001.13,31.23,-2.55,-3.64,7.43,0.01,-0.32,0.01,8.42
4726,0.00,1001.13,31.23,-2.90,-3.75,6.66,-0.02,0.22,0.00,8.42
4764,0.00,1001.13,31.23,-3.17,-3.59,6.76,-0.01,0.25,0.01,8.42
4802,0.00,1001.12,31.23,-3.28,-3.50,6.69,-0.03,0.19,0.00,8.42
4853,0.00,1001.13,31.24,-3.73,-3.67,6.67,0.03,-0.25,-0.01,8.42
4892,0.00,1001.13,31.24,-2.87,-3.70,6.95,0.01,-0.29,-0.00,8.42
4939,0.00,1001.13,31.24,-3.21,-3.62,6.64,0.02,0.01,-0.01,8.41
4978,0.00,1001.13,31.24,-3.19,-3.53,6.76,0.03,-0.22,-0.01,8.41
5016,0.00,1001.13,31.24,-2.72,-3.76,6.74,-0.01,0.01,-0.00,8.42
5068,0.00,1001.13,31.24,-3.19,-3.63,7.02,0.01,-0.07,-0.01,8.42
5107,0.00,1001.13,31.24,-2.82,-3.49,6.91,0.01,-0.19,-0.00,8.42
5145,0.00,1001.12,31.24,-2.79,-3.77,6.92,-0.01,0.17,-0.01,8.42
5183,0.00,1001.12,31.24,-3.48,-3.59,6.66,0.01,0.03,-0.01,8.42
5221,0.00,1001.12,31.25,-3.16,-3.56,6.79,0.01,-0.27,-0.03,8.42
5272,0.05,1001.11,31.25,-2.65,-3.58,7.17,-0.00,0.10,-0.00,8.42
5311,0.03,1001.11,31.25,-3.61,-3.52,6.47,-0.01,0.04,-0.03,8.42
5349,0.07,1001.11,31.25,-2.63,-3.71,7.19,0.01,-0.28,-0.01,8.42
5387,0.02,1001.12,31.25,-2.71,-3.54,7.22,-0.02,0.07,-0.02,8.42
5425,0.02,1001.12,31.26,-3.24,-3.58,6.79,-0.01,-0.02,-0.01,8.42
5486,0.00,1001.12,31.26,-3.39,-3.43,6.83,-0.01,0.10,0.01,8.42
5525,0.00,1001.12,31.26,-2.51,-3.63,7.15,-0.02,0.04,0.00,8.42
5563,0.00,1001.12,31.25,-3.23,-3.64,6.93,-0.03,0.47,0.00,8.42
5601,0.00,1001.13,31.25,-3.51,-3.76,6.32,-0.01,0.04,-0.00,8.42
5639,0.00,1001.12,31.26,-3.40,-3.53,6.86,0.01,-0.11,-0.01,8.42
5691,0.01,1001.12,31.26,-3.26,-3.71,6.72,0.03,-0.23,-0.01,8.42
5730,0.00,1001.12,31.26,-2.89,-3.56,7.02,0.03,-0.23,-0.01,8.42
5768,0.03,1001.11,31.26,-3.06,-3.58,6.82,0.04,-0.27,-0.01,8.42
5806,0.01,1001.12,31.26,-2.68,-3.43,7.10,-0.00,-0.20,-0.01,8.42
5844,0.03,1001.11,31.26,-2.65,-3.50,7.01,-0.01,0.43,0.00,8.42
5895,0.03,1001.11,31.27,-3.07,-3.74,6.79,0.01,-0.43,-0.01,8.42
5934,0.04,1001.11,31.27,-2.66,-3.53,7.00,-0.00,0.02,-0.01,8.42
5980,0.00,1001.12,31.27,-3.17,-3.51,6.84,0.02,-0.21,-0.01,8.42
6019,0.03,1001.11,31.27,-2.69,-3.39,6.87,-0.01,-0.10,-0.00,8.41
6057,0.04,1001.11,31.27,-3.17,-3.68,6.57,0.02,-0.21,-0.01,8.41
6108,0.06,1001.11,31.27,-2.41,-2.99,7.24,0.03,-0.18,-0.02,8.42
6147,0.06,1001.11,31.27,-3.01,-3.76,6.80,0.00,-0.13,-0.01,8.42
6185,0.02,1001.12,31.27,-2.45,-3.54,7.24,0.02,-0.48,-0.01,8.41
6223,0.05,1001.11,31.27,-2.36,-3.46,7.01,-0.03,-0.06,-0.02,8.41
6261,0.12,1001.10,31.27,-2.64,-3.48,6.90,-0.01,-0.51,-0.02,8.42
6312,0.18,1001.10,31.27,-1.51,-3.36,8.17,-0.12,0.72,0.01,8.42
6350,0.18,1001.10,31.27,-3.21,-3.52,6.41,-0.23,0.79,0.01,8.42
6388,0.19,1001.09,31.27,-2.55,-3.75,7.22,-0.03,0.56,0.01,8.41
6426,0.23,1001.09,31.27,-3.99,-3.68,5.78,-0.01,-0.17,0.00,8.42
6464,0.25,1001.09,31.27,-2.91,-3.88,6.91,0.02,-0.94,-0.01,8.42
6525,0.27,1001.09,31.28,-2.39,-3.40,7.20,-0.03,0.46,0.01,8.42
6564,0.26,1001.09,31.28,-2.97,-3.66,6.79,-0.06,0.40,0.01,8.42
6602,0.19,1001.10,31.28,-3.13,-3.68,6.72,-0.04,0.30,0.00,8.42
6640,0.26,1001.09,31.28,-3.34,-3.76,6.68,-0.03,0.12,0.00,8.42
6678,0.27,1001.09,31.29,-3.27,-3.67,6.73,-0.01,-0.04,-0.01,8.42
6730,0.28,1001.08,31.29,-3.09,-3.66,6.80,-0.01,0.00,-0.01,8.42
6769,0.22,1001.09,31.29,-2.49,-3.87,5.54,-0.01,0.09,-0.01,8.42
6807,0.23,1001.09,31.30,-3.29,-3.67,6.69,-0.02,-0.00,-0.01,8.42
6845,0.17,1001.10,31.30,-3.16,-3.50,6.92,-0.01,0.10,-0.01,8.42
6883,0.18,1001.10,31.30,-3.13,-3.64,6.88,-0.00,-0.20,-0.01,8.42
6935,0.24,1001.09,31.30,-3.37,-3.68,6.64,-0.01,0.01,-0.00,8.42
6974,0.26,1001.09,31.30,-2.88,-3.61,6.98,-0.01,-0.09,-0.01,8.42
7020,0.24,1001.09,31.30,-3.31,-3.62,6.70,-0.02,0.13,-0.01,8.42
7059,0.25,1001.09,31.30,-3.27,-3.69,6.79,-0.01,0.00,-0.00,8.42
7097,0.26,1001.09,31.30,-2.98,-3.73,6.98,-0.01,0.02,-0.00,8.42
7149,0.21,1001.09,31.31,-3.62,-3.64,6.46,-0.01,-0.13,-0.01,8.42
7188,0.22,1001.09,31.31,-2.94,-3.65,7.01,-0.01,-0.21,-0.00,8.42
7226,0.18,1001.10,31.31,-3.42,-3.85,6.59,0.00,0.01,-0.01,8.42
7264,0.18,1001.10,31.32,-3.00,-3.65,7.15,-0.01,-0.19,-0.02,8.42
7302,0.18,1001.10,31.32,-2.86,-3.57,6.97,-0.02,0.10,0.01,8.42
7353,0.23,1001.09,31.33,-3.11,-3.64,6.86,-0.02,-0.26,-0.01,8.42
7392,0.20,1001.09,31.33,-2.92,-3.79,6.91,-0.01,-0.15,-0.00,8.41
7430,0.24,1001.09,31.33,-2.92,-3.67,6.74,-0.01,-0.11,-0.01,8.42
7468,0.31,1001.08,31.34,-2.96,-3.46,7.04,0.02,-0.41,-0.00,8.42
7506,0.33,1001.08,31.34,-2.29,-3.41,6.95,-0.02,0.13,-0.01,8.42
7567,0.27,1001.09,31.35,-3.34,-3.73,7.08,-0.02,0.00,-0.01,8.42
7606,0.29,1001.08,31.35,-2.57,-3.66,7.06,-0.00,-0.00,-0.01,8.42
7644,0.34,1001.08,31.35,-3.24,-3.69,6.74,-0.01,0.14,0.00,8.42
7682,0.24,1001.09,31.35,-3.94,-3.21,6.83,0.05,-0.94,0.02,8.41
7720,0.25,1001.09,31.36,-2.22,-3.67,6.79,0.01,-0.36,-0.03,8.42
7772,0.26,1001.09,31.36,-3.20,-3.53,7.42,-0.01,-0.13,0.00,8.42
7811,0.27,1001.09,31.37,-2.36,-3.77,6.93,-0.02,0.25,-0.01,8.42
7849,0.34,1001.08,31.37,-3.10,-3.61,6.85,-0.01,0.01,0.01,8.42
7887,0.37,1001.07,31.37,-2.65,-3.79,6.94,-0.02,-0.03,-0.00,8.41
7925,0.34,1001.08,31.37,-2.72,-3.46,6.90,0.00,-0.13,0.03,8.41
7976,0.31,1001.08,31.38,-2.56,-3.61,7.04,-0.02,0.12,-0.01,8.41
8015,0.32,1001.08,31.38,-3.26,-3.59,6.80,-0.01,0.14,0.00,8.41
8061,0.34,1001.08,31.38,-2.93,-3.73,6.76,-0.01,-0.24,-0.00,8.41
8100,0.32,1001.08,31.38,-2.70,-3.56,7.13,-0.01,0.03,0.01,8.41
8138,0.34,1001.08,31.38,-3.10,-3.63,6.64,-0.00,-0.18,-0.00,8.41
8190,0.32,1001.08,31.38,-3.06,-3.29,8.15,0.06,-0.42,0.03,8.41
8229,0.31,1001.08,31.38,-2.79,-3.72,6.80,0.01,-0.22,-0.02,8.41
8267,0.36,1001.07,31.37,-2.70,-3.80,7.01,0.06,-0.84,0.02,8.41
8305,0.45,1001.06,31.38,-1.83,-3.41,7.28,-0.00,-0.47,-0.03,8.41
8343,0.50,1001.06,31.38,-1.14,-4.02,7.68,-0.01,0.13,0.05,8.41
8394,0.52,1001.06,31.38,-1.88,-3.50,7.13,-0.04,0.99,0.01,8.42
8432,0.52,1001.06,31.38,-2.72,-4.06,6.74,-0.06,1.27,0.03,8.41
8470,0.48,1001.06,31.38,-3.62,-3.72,6.34,-0.03,0.39,-0.01,8.41
8508,0.40,1001.07,31.39,-3.60,-3.94,6.49,0.00,0.46,-0.02,8.42
8546,0.26,1001.09,31.39,-4.21,-3.74,6.29,0.02,-0.14,-0.01,8.42
8613,0.18,1001.10,31.40,-2.49,-3.64,7.47,0.06,-0.32,0.04,8.42
8652,0.12,1001.10,31.40,-3.35,-3.36,6.68,0.01,0.01,-0.02,8.42
8690,0.08,1001.11,31.40,-2.75,-3.54,6.92,0.01,0.01,0.01,8.42
8728,0.09,1001.11,31.41,-3.21,-3.57,7.35,-0.02,0.64,0.01,8.42
8766,0.08,1001.11,31.41,-3.62,-3.62,6.23,0.00,0.51,-0.00,8.42
8818,0.08,1001.11,31.42,-3.40,-3.77,6.82,-0.01,0.34,-0.01,8.42
8857,0.04,1001.11,31.42,-4.03,-3.41,6.06,0.03,0.01,-0.00,8.42
8895,0.09,1001.11,31.42,-3.44,-3.97,7.00,0.03,0.06,-0.01,8.42
8933,0.08,1001.11,31.43,-3.67,-3.14,6.15,0.04,-0.11,0.02,8.42
8971,0.08,1001.11,31.43,-3.40,-3.61,6.79,-0.00,-0.32,0.01,8.42
9023,0.10,1001.11,31.44,-3.81,-3.41,6.09,0.01,-0.05,0.02,8.42
9062,0.10,1001.11,31.44,-3.38,-3.61,6.82,0.00,-0.08,-0.01,8.42
9110,0.08,1001.11,31.44,-3.77,-3.38,6.39,-0.03,0.08,0.01,8.42
9149,0.09,1001.11,31.45,-3.78,-3.71,6.49,0.01,-0.15,-0.02,8.42
9187,0.11,1001.10,31.45,-3.32,-3.11,6.93,-0.02,-0.03,-0.01,8.42
9239,0.15,1001.10,31.45,-3.73,-3.83,6.43,0.02,-0.28,-0.03,8.42
9278,0.12,1001.10,31.46,-3.31,-3.12,6.89,-0.07,-0.59,-0.05,8.41
9316,0.11,1001.10,31.46,-3.49,-3.66,6.83,-0.09,-0.10,-0.06,8.42
9354,0.18,1001.10,31.47,-3.79,-3.59,6.90,-0.07,-0.67,-0.09,8.41
9392,0.28,1001.08,31.47,-2.13,-3.50,6.96,-0.17,-0.35,-0.04,8.42
9444,0.35,1001.08,31.48,-2.03,-4.08,8.82,-0.10,-1.55,-0.11,8.41
9483,0.53,1001.05,31.48,-2.15,-3.59,7.02,-0.03,-0.33,-0.03,8.41
9521,0.71,1001.03,31.49,-3.46,-3.43,6.44,0.05,-2.50,-0.09,8.42
9559,0.87,1001.01,31.49,-0.20,-3.62,7.92,-0.01,-2.76,-0.18,8.42
9597,1.03,1001.00,31.50,1.10,-3.70,7.60,-0.05,-1.03,-0.06,8.41
9656,1.42,1000.95,31.50,1.07,-3.22,8.57,-0.05,-0.89,0.02,8.42
9695,1.51,1000.94,31.50,0.12,-4.30,6.95,-0.04,-0.50,0.01,8.41
9733,1.61,1000.93,31.51,0.74,-3.45,7.56,0.01,-1.66,0.01,8.42
9771,1.33,1000.96,31.51,1.74,-3.96,7.78,-0.04,-0.20,-0.03,8.42
9809,0.98,1001.00,31.51,1.55,-3.46,7.35,-0.02,-0.64,-0.02,8.42
9860,0.65,1001.04,31.52,2.19,-3.53,8.03,-0.04,0.94,0.05,8.42
9898,0.46,1001.06,31.52,1.04,-3.89,7.29,-0.05,-0.08,-0.01,8.42
9936,0.40,1001.07,31.53,0.89,-4.09,7.06,0.01,-0.07,-0.07,8.41
9974,0.38,1001.07,31.53,1.81,-3.48,7.70,0.03,-0.98,-0.04,8.42
10012,0.21,1001.09,31.54,1.80,-2.74,8.84,-0.01,-1.82,-0.14,8.42
10063,0.00,1001.14,31.55,2.99,-3.06,6.03,-0.05,1.30,-0.20,8.42
10102,0.00,1001.14,31.54,0.83,-3.17,7.90,0.15,-0.18,-0.19,8.42
10150,0.00,1001.17,31.54,3.14,-4.30,7.12,0.00,0.24,-0.05,8.42
10189,0.00,1001.19,31.54,2.26,-3.57,7.72,-0.03,-0.17,-0.03,8.42
10227,0.00,1001.21,31.53,1.59,-3.39,4.74,0.02,-0.62,-0.11,8.42
10278,0.00,1001.23,31.53,6.38,-3.35,8.53,0.11,-3.26,-0.59,8.42
10317,0.00,1001.25,31.52,4.42,-2.17,9.03,0.46,2.44,-0.39,8.42
10355,0.00,1001.26,31.51,1.74,-3.41,9.40,0.89,1.53,-0.08,8.41
10393,0.00,1001.26,31.50,2.93,-2.74,8.47,1.22,0.91,0.01,8.41
10431,0.00,1001.24,31.49,3.06,0.40,4.96,1.15,1.11,0.00,8.41
10482,0.00,1001.23,31.48,2.59,-3.85,9.39,0.76,0.04,-0.53,8.41
10520,0.00,1001.21,31.47,1.49,-1.24,9.57,0.57,-1.15,-0.97,8.42
10558,0.00,1001.20,31.46,1.74,-2.33,8.40,0.34,-0.81,-1.43,8.42
10596,0.00,1001.19,31.46,3.43,-0.22,8.83,0.12,-0.74,-1.29,8.41
10634,0.00,1001.18,31.45,3.84,-0.73,8.55,-0.52,0.85,-0.58,8.41
10693,0.00,1001.17,31.44,2.60,-1.51,6.37,0.74,1.59,-0.39,8.42
10732,0.00,1001.17,31.43,1.23,-0.33,7.60,0.27,0.65,-0.73,8.42
10770,0.00,1001.16,31.42,1.88,-1.61,7.29,0.26,0.92,-0.93,8.41
10808,0.00,1001.15,31.42,1.75,-1.05,8.06,0.47,2.74,-0.25,8.41
10846,0.00,1001.15,31.41,1.38,-0.40,7.00,0.15,1.50,-0.17,8.41
10897,0.00,1001.16,31.41,2.25,-1.93,10.10,0.17,-0.14,-0.12,8.42
10936,0.00,1001.16,31.40,0.99,-0.26,7.18,-0.16,-0.96,0.07,8.42
10974,0.00,1001.17,31.40,-1.53,-0.36,7.41,-0.66,-0.07,-0.05,8.41
11012,0.00,1001.16,31.40,-1.21,-0.62,9.10,-0.07,0.67,-0.52,8.42
11050,0.00,1001.17,31.39,-1.00,-0.19,8.09,0.42,0.92,-0.30,8.42
11101,0.00,1001.17,31.39,-1.81,-0.34,7.30,0.53,0.57,0.04,8.42
11139,0.00,1001.17,31.38,-0.91,0.22,8.49,0.59,-0.28,-0.15,8.42
11187,0.00,1001.18,31.38,-2.71,-0.11,7.92,0.11,0.69,0.09,8.41
11226,0.00,1001.18,31.37,-1.37,0.45,8.77,0.03,0.66,-0.09,8.41
11264,0.00,1001.18,31.37,-1.61,-0.33,7.84,0.22,0.45,-0.35,8.42
11315,0.00,1001.19,31.37,-1.04,1.13,7.81,0.47,0.04,-0.47,8.41
11353,0.00,1001.19,31.36,-1.02,0.12,8.43,0.34,-0.72,-0.60,8.42
11391,0.00,1001.21,31.36,0.50,-0.18,7.21,0.25,-1.49,-0.84,8.42
11429,0.00,1001.20,31.36,0.37,0.34,7.24,-0.18,-2.17,-0.85,8.42
11467,0.00,1001.20,31.36,0.93,-0.40,8.13,-0.51,-2.26,-0.98,8.42
11518,0.00,1001.19,31.36,2.40,0.32,8.03,-0.69,-1.78,-0.71,8.42
11556,0.00,1001.17,31.36,2.63,-0.79,7.75,-0.81,-2.10,-0.21,8.42
11594,0.00,1001.16,31.36,2.17,0.02,8.02,-0.17,-1.70,-0.21,8.42
11632,0.00,1001.15,31.36,2.66,0.15,7.86,0.24,-1.13,-0.41,8.42
11670,0.00,1001.15,31.36,2.20,0.63,9.00,0.81,0.76,0.40,8.42
11729,0.00,1001.14,31.36,3.72,-0.45,6.90,-0.01,0.61,-0.00,8.42
11768,0.00,1001.14,31.36,2.11,-0.14,8.29,0.11,0.84,0.09,8.42
11806,0.00,1001.13,31.35,2.33,0.43,7.78,-0.00,-0.08,0.02,8.42
11844,0.00,1001.12,31.35,2.28,0.01,8.15,0.07,-0.04,0.03,8.42
11882,0.02,1001.11,31.35,1.85,0.12,6.96,-0.04,-1.60,-0.04,8.41
11933,0.10,1001.11,31.35,1.49,0.23,6.67,-0.06,2.72,0.08,8.41
11971,0.00,1001.14,31.35,1.81,0.58,5.57,-0.66,2.10,0.22,8.41
12009,0.00,1001.18,31.35,-2.44,-0.44,14.93,-0.67,-0.61,0.25,8.41
12047,0.00,1001.20,31.35,3.80,-1.14,8.54,0.13,-0.78,0.09,8.42
12085,0.00,1001.21,31.34,1.29,0.45,7.75,-0.08,-0.09,-0.03,8.42
12136,0.00,1001.20,31.34,0.97,-0.46,6.29,0.10,-2.48,0.03,8.42
12174,0.00,1001.21,31.34,3.66,0.07,9.32,0.13,-3.65,0.19,8.41
12222,0.00,1001.22,31.33,7.76,-0.88,8.01,0.09,-1.34,0.09,8.42
12261,0.00,1001.23,31.32,4.28,-0.17,8.92,0.00,-1.08,0.04,8.42
12299,0.00,1001.24,31.31,6.49,0.19,6.64,-0.03,-0.43,0.01,8.41
12350,0.00,1001.25,31.30,4.32,-0.48,6.56,-0.07,0.09,-0.03,8.42
12389,0.00,1001.26,31.29,5.30,-0.25,7.45,-0.05,-0.19,-0.02,8.41
12427,0.00,1001.27,31.28,6.46,-0.14,7.70,-0.12,0.90,-0.03,8.41
12465,0.00,1001.27,31.28,3.03,-0.04,7.29,-0.27,0.36,-0.06,8.41
12503,0.00,1001.27,31.28,6.00,-0.84,6.38,0.09,0.61,-0.16,8.41
12554,0.00,1001.27,31.27,4.88,0.33,7.81,0.12,0.79,-0.08,8.41
12592,0.00,1001.26,31.27,3.73,-0.14,9.29,-0.03,1.10,-0.01,8.41
12630,0.00,1001.27,31.27,4.41,-0.88,7.29,0.09,1.09,-0.01,8.41
12668,0.00,1001.26,31.27,2.74,0.64,5.28,0.01,0.76,-0.05,8.41
12706,0.00,1001.27,31.27,1.34,-0.37,8.30,0.04,0.07,0.03,8.41
12767,0.00,1001.27,31.27,3.06,-0.06,8.04,0.01,0.32,-0.00,8.41
12806,0.00,1001.27,31.27,2.46,0.06,7.79,-0.02,-0.12,-0.01,8.41
12844,0.00,1001.28,31.27,3.15,-0.40,7.93,0.08,0.27,-0.03,8.41
12882,0.00,1001.28,31.27,2.49,-0.16,8.52,0.01,-0.09,0.01,8.41
12920,0.00,1001.29,31.27,3.27,-0.32,7.48,-0.08,-0.15,-0.03,8.41
12972,0.00,1001.28,31.27,2.23,-0.13,8.12,0.03,-0.40,0.03,8.41
13010,0.00,1001.28,31.27,3.10,-0.30,7.82,-0.04,-0.69,0.00,8.41
13048,0.00,1001.29,31.27,4.57,-0.13,7.58,0.01,-0.56,0.03,8.41
13086,0.00,1001.29,31.27,3.46,0.06,8.14,0.01,0.37,-0.02,8.41
13124,0.00,1001.28,31.28,3.02,-0.04,7.47,0.01,0.01,-0.03,8.41
13175,0.00,1001.28,31.28,4.03,-0.72,8.18,0.09,-0.00,-0.12,8.41
13214,0.00,1001.28,31.27,3.13,0.26,7.89,0.08,-0.13,-0.19,8.41
13260,0.00,1001.26,31.27,3.33,0.03,8.91,0.10,0.32,-0.16,8.41
13299,0.00,1001.25,31.26,2.85,0.04,7.94,0.28,-0.37,-0.13,8.41
13337,0.00,1001.24,31.26,3.76,0.27,7.64,0.17,-0.32,-0.02,8.41
13388,0.00,1001.24,31.25,4.23,1.28,6.57,-0.29,0.66,0.11,8.41
13426,0.00,1001.25,31.25,2.98,0.57,7.58,-0.57,1.27,0.26,8.41
13464,0.00,1001.24,31.24,1.94,-0.57,8.96,-0.69,1.22,0.16,8.41
13502,0.00,1001.23,31.23,2.73,-1.30,10.18,-0.50,-0.28,-0.20,8.41
13540,0.00,1001.23,31.23,3.11,-0.50,9.19,-0.21,0.62,-0.33,8.41
13591,0.00,1001.22,31.22,2.26,-1.06,9.00,-0.10,1.73,-0.23,8.41
13629,0.00,1001.22,31.22,2.28,-0.14,9.50,-0.19,2.61,0.07,8.41
13667,0.00,1001.22,31.21,-0.35,0.41,8.45,-0.52,3.05,0.09,8.41
13705,0.00,1001.23,31.21,-1.44,-0.56,9.45,-0.90,0.93,-0.06,8.41
13743,0.00,1001.24,31.21,-1.02,-1.74,9.08,-0.91,4.40,-0.43,8.41
13804,0.00,1001.23,31.21,-4.53,-3.18,6.90,-1.15,5.66,-0.84,8.41
13843,0.00,1001.22,31.21,-5.49,-3.27,5.06,-1.24,8.24,-1.16,8.41
13881,0.00,1001.22,31.20,-5.98,-2.37,3.00,-1.52,3.65,-1.58,8.41
13919,0.00,1001.21,31.20,-2.92,-4.40,-0.14,-1.04,4.71,-1.99,8.41
13957,0.00,1001.20,31.20,-4.22,-4.98,0.31,-0.58,3.34,-2.03,8.41
14008,0.00,1001.20,31.20,-5.88,-5.19,-0.35,0.13,3.18,-1.99,8.41
14047,0.00,1001.21,31.20,-9.77,-4.94,-1.83,0.38,2.37,-0.99,8.41
14085,0.00,1001.20,31.20,-6.27,-5.98,-2.29,-0.84,0.81,0.84,8.41
14123,0.00,1001.20,31.19,-7.43,-6.79,-2.88,0.01,4.13,0.01,8.41
14161,0.00,1001.19,31.19,-4.47,-5.44,-2.24,-0.66,4.88,0.37,8.41
14212,0.00,1001.18,31.18,-6.20,-6.13,-7.24,-0.44,1.71,-0.38,8.41
14251,0.00,1001.19,31.17,-5.49,-5.59,-6.87,-0.50,4.01,-0.42,8.41
14297,0.00,1001.19,31.17,-3.85,-5.38,-7.66,-0.61,1.35,-0.39,8.41
14336,0.00,1001.19,31.16,-3.09,-5.62,-8.98,-0.50,2.17,-0.19,8.41
14374,0.00,1001.20,31.16,-4.17,-5.94,-10.26,-0.32,2.62,-0.51,8.41
14426,0.00,1001.20,31.15,-2.95,-5.62,-10.81,-0.21,0.69,-0.12,8.41
14465,0.00,1001.20,31.15,-2.17,-5.46,-10.21,-0.08,0.44,-0.05,8.41
14503,0.00,1001.21,31.15,-1.99,-5.23,-9.78,-0.09,0.29,-0.01,8.41
14541,0.00,1001.22,31.15,-2.30,-5.62,-9.71,-0.03,-0.40,0.09,8.42
14579,0.00,1001.21,31.15,-2.69,-5.68,-9.63,-0.05,-0.41,0.09,8.42
14630,0.00,1001.21,31.15,-2.99,-5.59,-9.91,0.01,-0.24,-0.02,8.42
14669,0.00,1001.21,31.15,-2.43,-5.32,-9.24,-0.05,-0.49,0.03,8.42
14707,0.00,1001.21,31.15,-2.78,-5.45,-10.00,-0.04,-1.03,-0.01,8.41
14745,0.00,1001.21,31.15,-2.06,-4.61,-10.34,0.10,-2.90,0.20,8.41
14783,0.00,1001.21,31.15,-4.39,-4.00,-9.88,0.20,-6.00,0.13,8.41
14844,0.00,1001.21,31.15,-6.95,-5.21,-8.61,0.65,-7.03,0.20,8.41
14883,0.00,1001.22,31.15,-7.98,-4.71,-5.75,1.05,-5.53,-0.13,8.41
14921,0.00,1001.21,31.15,-6.50,-4.15,-4.23,1.22,-4.96,-0.38,8.41
14959,0.00,1001.21,31.15,-6.24,-4.64,-0.69,1.61,-6.22,-0.97,8.41
14997,0.00,1001.21,31.15,-8.17,-4.16,2.81,1.61,-3.69,-0.87,8.41
15048,0.00,1001.21,31.16,-3.11,-2.66,2.66,2.35,-3.41,-1.40,8.41
15087,0.00,1001.21,31.16,-6.68,-3.57,6.52,2.86,-2.64,-1.40,8.41
15125,0.00,1001.21,31.16,-4.12,-1.85,4.95,2.87,-3.52,-1.82,8.41
15163,0.00,1001.21,31.16,-2.77,-2.85,9.34,3.30,0.45,-1.69,8.41
15201,0.00,1001.21,31.17,-1.70,-1.84,8.33,2.66,-2.25,-1.27,8.41
15252,0.00,1001.20,31.17,2.53,-2.25,8.04,1.96,0.56,-0.94,8.41
15290,0.00,1001.20,31.17,1.28,-1.32,8.85,1.10,-0.17,-0.40,8.41
15336,0.00,1001.21,31.17,3.36,-1.27,8.60,0.31,-0.57,-0.35,8.41
15375,0.00,1001.21,31.17,0.70,-2.87,9.09,0.28,0.44,-0.45,8.41
15413,0.00,1001.21,31.17,1.43,-1.65,8.65,0.29,-0.44,-0.81,8.41
15464,0.00,1001.21,31.17,0.52,-2.21,8.51,0.54,-0.52,-1.05,8.41
15502,0.00,1001.21,31.17,0.51,-1.99,7.70,0.59,-1.00,-1.14,8.41
15540,0.00,1001.21,31.16,1.35,-0.34,7.83,0.56,0.34,-1.20,8.41
15578,0.00,1001.21,31.16,-0.78,-1.11,8.59,0.41,-0.75,-0.78,8.41
15616,0.00,1001.21,31.15,0.60,-0.49,8.08,0.24,-1.04,-0.49,8.41
15667,0.00,1001.21,31.15,1.04,-0.01,8.68,0.12,0.70,-0.02,8.41
15705,0.00,1001.21,31.14,0.84,-0.20,9.20,-0.03,-0.47,0.34,8.41
15743,0.00,1001.21,31.13,2.03,-0.30,8.63,0.06,-0.07,0.33,8.41
15781,0.00,1001.22,31.12,1.11,-0.15,8.81,0.16,0.33,0.40,8.41
15819,0.00,1001.23,31.12,0.90,-0.31,8.75,0.18,-0.16,0.38,8.41
15880,0.00,1001.22,31.11,1.11,0.13,9.26,0.14,0.56,0.08,8.41
15918,0.00,1001.22,31.10,0.38,0.33,9.16,-0.20,-0.14,0.12,8.42
15956,0.00,1001.22,31.09,1.53,0.49,9.09,-0.28,0.13,0.05,8.42
15994,0.00,1001.23,31.08,0.44,-0.22,8.85,-0.06,0.31,0.20,8.42
16032,0.00,1001.23,31.08,0.29,-0.44,7.78,0.27,-0.15,0.30,8.42
16083,0.00,1001.24,31.07,0.09,-0.46,7.48,0.48,-0.06,0.17,8.42
16121,0.00,1001.23,31.07,0.09,-0.21,7.14,0.30,-0.36,0.04,8.42
16159,0.00,1001.23,31.06,0.19,-0.15,8.13,0.26,0.76,0.03,8.41
16197,0.00,1001.23,31.06,-0.12,-0.81,8.65,0.19,-0.42,0.31,8.41
16235,0.00,1001.23,31.06,0.68,-0.23,8.06,0.16,-1.12,0.29,8.41
16286,0.00,1001.24,31.06,0.00,-0.55,9.16,0.19,0.36,0.27,8.41
16324,0.00,1001.23,31.05,-0.13,0.47,8.64,-0.00,0.05,0.28,8.41
16370,0.00,1001.22,31.05,1.38,0.80,8.06,-0.03,-0.32,0.06,8.41
16409,0.00,1001.22,31.04,0.41,0.14,8.10,0.09,-0.21,0.01,8.41
16447,0.00,1001.22,31.04,0.53,0.57,7.69,0.09,-0.25,-0.05,8.42
16498,0.00,1001.22,31.04,0.33,0.24,8.14,0.22,-0.04,0.01,8.41
16536,0.00,1001.22,31.03,0.83,0.40,8.27,0.02,-0.05,0.11,8.41
16574,0.00,1001.22,31.03,0.92,0.26,8.26,-0.14,-0.01,0.09,8.41
16612,0.00,1001.22,31.02,0.61,0.44,8.49,-0.02,-0.07,0.05,8.41
16650,0.00,1001.23,31.02,1.02,0.56,8.49,0.08,-0.16,-0.08,8.41
16701,0.00,1001.22,31.01,0.79,0.54,8.42,0.03,-0.11,-0.12,8.41
16739,0.00,1001.22,31.01,0.81,0.69,8.17,-0.04,-0.16,-0.05,8.41
16777,0.00,1001.22,31.00,0.79,0.59,8.53,-0.04,0.12,-0.01,8.41
16815,0.00,1001.23,30.99,-0.85,-2.71,7.16,-0.15,-0.01,0.03,8.41
16853,0.00,1001.23,30.99,-1.98,6.97,6.91,-0.01,-0.32,0.11,8.41
16914,0.00,1001.23,30.98,0.55,0.36,8.51,-0.08,0.29,0.09,8.41
16953,0.00,1001.23,30.97,0.83,0.64,8.47,0.07,-0.07,0.01,8.41
16991,0.00,1001.22,30.96,0.73,0.85,8.62,0.21,-0.17,-0.01,8.41
17029,0.00,1001.22,30.95,0.66,0.80,8.24,0.17,0.03,-0.01,8.41
17067,0.00,1001.22,30.94,0.55,1.24,8.48,0.23,0.37,0.04,8.41
17118,0.00,1001.22,30.94,0.18,0.61,8.57,0.08,0.09,0.22,8.41
17156,0.00,1001.23,30.93,0.81,2.24,7.99,0.09,0.07,0.15,8.41
17194,0.00,1001.24,30.93,0.50,0.94,7.70,0.23,-0.06,0.08,8.41
17232,0.00,1001.24,30.92,0.77,0.86,7.83,0.04,-0.13,0.11,8.41
17270,0.00,1001.24,30.92,0.90,1.21,7.92,0.03,0.26,0.10,8.41
17321,0.00,1001.24,30.92,0.75,1.17,9.38,-0.07,0.28,0.22,8.41
17359,0.00,1001.24,30.91,0.57,1.37,9.23,0.05,0.37,0.04,8.41
17405,0.00,1001.23,30.91,0.06,1.01,9.24,0.19,0.12,0.09,8.41
17444,0.00,1001.23,30.90,0.63,1.15,8.79,-0.08,0.15,0.03,8.41
17482,0.00,1001.24,30.90,-0.11,0.03,8.02,-0.11,0.12,-0.07,8.41
17533,0.00,1001.24,30.89,0.71,1.05,8.85,-0.10,0.01,0.23,8.41
17571,0.00,1001.24,30.89,1.41,1.27,8.39,-0.15,0.32,0.42,8.41
17609,0.00,1001.23,30.89,0.55,0.97,8.55,0.03,0.09,0.34,8.41
17647,0.00,1001.23,30.89,0.40,1.34,7.76,0.13,0.03,0.20,8.41
17685,0.00,1001.22,30.89,0.69,1.28,7.44,0.37,-0.30,0.12,8.41
17736,0.00,1001.22,30.89,-0.40,0.99,6.74,0.45,-0.49,0.10,8.41
17774,0.00,1001.23,30.88,0.40,1.79,6.27,0.40,-0.58,0.06,8.41
17812,0.00,1001.24,30.88,0.16,1.85,7.40,0.37,-0.22,0.05,8.42
17850,0.00,1001.24,30.88,-0.38,2.12,7.33,0.33,-0.36,-0.12,8.42
17888,0.00,1001.24,30.88,-0.92,2.60,8.12,0.35,-0.35,-0.21,8.42
17955,0.00,1001.24,30.88,0.41,0.98,7.97,-0.06,-0.29,-0.12,8.42
17994,0.00,1001.24,30.87,0.57,1.39,7.82,-0.31,0.71,0.01,8.42
18032,0.00,1001.24,30.87,1.35,1.66,8.03,-0.33,1.04,-0.14,8.42
18070,0.00,1001.24,30.86,0.66,1.76,8.58,-0.28,0.10,-0.24,8.42
18108,0.00,1001.24,30.86,1.23,2.23,8.27,-0.28,-0.59,-0.28,8.41
18159,0.00,1001.24,30.86,0.49,1.47,8.63,-0.18,-0.59,-0.40,8.41
18198,0.00,1001.24,30.85,0.57,1.89,8.55,0.07,0.09,-0.31,8.41
18236,0.00,1001.23,30.84,0.05,0.97,7.86,0.14,-0.26,0.08,8.41
18274,0.00,1001.23,30.84,1.52,1.70,6.65,-0.25,-0.01,-0.13,8.41
18312,0.00,1001.22,30.83,0.76,1.07,9.87,0.12,0.27,-0.07,8.41
18363,0.00,1001.23,30.82,1.02,1.03,7.21,0.07,-0.13,0.03,8.41
18401,0.00,1001.23,30.81,1.16,0.91,7.51,-0.10,0.04,0.01,8.41
18449,0.00,1001.23,30.81,0.56,0.56,8.15,-0.17,-0.09,0.03,8.41
18488,0.00,1001.23,30.80,0.98,1.08,8.28,-0.22,-0.01,-0.01,8.41
18526,0.00,1001.24,30.79,0.60,1.36,8.88,-0.36,0.25,0.10,8.41
18577,0.00,1001.23,30.78,0.87,1.60,7.58,-0.03,-0.42,0.08,8.41
18615,0.00,1001.23,30.77,0.67,1.63,9.03,0.03,0.16,-0.02,8.41
18653,0.00,1001.23,30.77,0.37,1.61,8.18,0.12,-0.38,0.09,8.41
18691,0.00,1001.22,30.76,1.67,2.26,8.23,-0.16,-0.58,-0.05,8.41
18729,0.00,1001.22,30.76,0.62,1.29,8.58,-0.08,0.23,-0.05,8.41
18780,0.00,1001.23,30.76,1.08,0.90,6.39,0.12,-0.48,-0.01,8.41
18818,0.00,1001.23,30.76,0.91,2.04,8.83,-0.00,-0.16,0.05,8.41
18856,0.00,1001.23,30.76,-0.44,1.37,8.11,-0.00,0.07,0.12,8.41
18894,0.00,1001.23,30.75,1.13,1.98,8.26,-0.08,-0.03,0.09,8.41
18932,0.00,1001.23,30.75,1.34,1.17,9.37,-0.04,0.15,0.02,8.41
18991,0.00,1001.22,30.75,1.04,1.37,8.40,0.06,-0.24,-0.12,8.41
19030,0.00,1001.23,30.75,1.81,1.14,8.56,0.13,-0.09,-0.17,8.41
19068,0.00,1001.23,30.74,0.40,1.32,7.97,0.22,0.02,-0.05,8.41
19106,0.00,1001.24,30.74,0.23,1.70,8.74,0.04,-0.06,0.10,8.41
19144,0.00,1001.24,30.74,0.57,1.32,7.96,0.17,-0.07,0.25,8.41
19195,0.00,1001.24,30.74,0.60,2.51,8.80,0.08,0.92,0.14,8.41
19233,0.00,1001.24,30.74,0.13,2.00,8.83,0.41,0.06,0.27,8.41
19271,0.00,1001.25,30.74,0.77,1.01,7.73,0.22,-0.53,0.18,8.41
19309,0.00,1001.26,30.74,0.98,1.05,6.74,0.09,-0.35,0.03,8.42
19347,0.00,1001.26,30.74,1.73,1.17,8.98,-0.07,-0.55,-0.03,8.41
19398,0.00,1001.26,30.74,-0.01,-0.77,8.70,-0.23,-1.79,-0.34,8.42
19437,0.00,1001.27,30.74,0.91,3.21,7.66,0.08,-0.68,-0.31,8.42
19485,0.00,1001.27,30.73,0.70,1.84,8.16,-0.55,-0.12,-0.28,8.41
19524,0.00,1001.27,30.73,1.79,1.37,8.63,-0.26,-0.27,0.19,8.42
19562,0.00,1001.26,30.73,1.00,1.16,8.51,0.12,0.70,0.25,8.41
19613,0.00,1001.26,30.73,0.33,0.91,8.78,0.00,3.50,0.32,8.41
19651,0.00,1001.25,30.72,-0.95,1.55,8.71,0.05,0.98,0.44,8.41
19689,0.00,1001.25,30.72,-0.26,-1.80,8.04,0.29,1.40,0.11,8.41
19727,0.00,1001.24,30.72,-0.26,1.58,9.00,-0.04,2.37,0.35,8.41
19765,0.00,1001.24,30.72,-1.88,-0.36,8.49,0.04,0.80,-0.28,8.41
19816,0.00,1001.24,30.71,-1.29,1.24,6.63,-0.16,-0.32,-0.18,8.41
19855,0.00,1001.24,30.71,-1.43,2.30,6.40,-0.31,-1.77,-0.25,8.41
19893,0.00,1001.24,30.71,-1.13,1.85,9.04,0.09,-2.49,-0.22,8.41
19931,0.00,1001.25,30.71,1.21,1.70,8.15,0.06,-2.70,-0.07,8.41
19969,0.00,1001.25,30.71,1.95,2.09,7.38,-0.21,-1.03,0.07,8.41
20028,0.00,1001.25,30.71,0.88,0.96,8.45,0.12,0.06,0.16,8.41
20066,0.00,1001.25,30.70,1.85,1.44,8.60,-0.01,0.27,0.27,8.41
20104,0.00,1001.24,30.70,2.54,1.28,8.09,-0.02,0.26,0.08,8.41
20142,0.00,1001.24,30.70,1.48,1.24,9.13,-0.00,-0.08,-0.12,8.41
20180,0.00,1001.23,30.70,0.91,1.44,8.04,0.27,-0.93,-0.14,8.41
20231,0.00,1001.24,30.70,1.37,2.06,8.09,0.15,-0.27,-0.05,8.41
20269,0.00,1001.25,30.70,1.59,1.49,7.54,0.05,-0.36,0.12,8.41
20307,0.00,1001.25,30.69,1.67,1.81,8.49,-0.08,-0.71,0.13,8.41
20345,0.00,1001.25,30.69,1.88,1.56,8.42,-0.03,-0.26,-0.03,8.42
20383,0.00,1001.26,30.69,2.34,2.11,8.11,-0.00,-0.11,-0.07,8.42
20434,0.00,1001.26,30.69,2.61,1.61,9.01,-0.10,-0.00,0.09,8.41
20472,0.00,1001.26,30.68,2.22,1.66,8.01,0.12,-0.19,-0.02,8.41
20520,0.00,1001.27,30.67,2.36,1.59,7.59,0.12,-1.07,-0.10,8.42
20559,0.00,1001.26,30.66,2.60,1.59,8.63,0.14,-1.94,-0.37,8.42
20597,0.00,1001.26,30.65,3.13,1.81,8.09,0.15,-1.69,-0.08,8.42
20648,0.00,1001.26,30.65,3.62,2.20,7.41,0.03,-1.42,-0.05,8.42
20686,0.00,1001.26,30.64,4.35,2.21,7.18,0.05,-2.04,0.15,8.42
20724,0.00,1001.26,30.63,5.61,1.87,6.93,0.20,-2.79,0.06,8.42
20762,0.00,1001.27,30.63,5.80,1.93,4.54,0.13,-2.99,0.38,8.42
20800,0.00,1001.28,30.62,6.27,1.31,4.69,0.15,-0.99,0.35,8.41
20851,0.00,1001.29,30.62,8.22,2.29,5.22,0.11,-0.35,0.23,8.41
20889,0.00,1001.28,30.62,8.95,1.36,5.09,-0.11,-1.00,0.11,8.41
20927,0.00,1001.28,30.62,7.08,1.58,5.15,0.07,-0.68,-0.08,8.42
20965,0.00,1001.27,30.62,6.32,2.39,4.51,-0.01,0.67,0.15,8.41
21003,0.00,1001.26,30.63,8.76,1.76,5.22,-0.21,2.46,0.03,8.41
21062,0.00,1001.27,30.63,6.66,2.01,6.45,0.24,0.57,-0.08,8.41
21101,0.00,1001.28,30.63,6.88,2.01,5.72,-0.21,-0.44,-0.02,8.42
21139,0.00,1001.29,30.63,6.24,1.65,5.84,0.08,-0.25,-0.17,8.42
21177,0.00,1001.29,30.63,5.30,1.63,5.23,-0.10,0.30,-0.07,8.42
21215,0.00,1001.30,30.64,5.45,1.39,6.36,-0.33,1.59,-0.02,8.41
21266,0.00,1001.30,30.64,6.15,1.56,6.88,0.06,1.67,0.25,8.42
21304,0.00,1001.29,30.65,5.92,2.21,7.33,-0.17,1.60,0.02,8.42
21342,0.00,1001.29,30.65,2.93,2.30,8.00,-0.08,2.36,-0.24,8.42
21380,0.00,1001.29,30.66,2.27,1.75,7.36,0.04,0.97,0.07,8.42
21418,0.00,1001.30,30.66,2.86,2.24,8.67,-0.14,0.16,0.04,8.42
21469,0.00,1001.31,30.67,2.94,1.62,7.80,0.03,-0.09,-0.00,8.42
21507,0.00,1001.30,30.67,2.24,1.58,6.94,-0.05,0.07,0.01,8.41
21555,0.00,1001.30,30.68,1.94,1.50,7.77,-0.11,0.94,0.10,8.41
21594,0.00,1001.29,30.68,1.38,1.64,7.85,0.10,1.57,-0.20,8.42
21632,0.00,1001.28,30.68,0.99,1.58,8.47,-0.06,1.20,0.14,8.41
21683,0.00,1001.28,30.68,1.80,2.15,7.79,-0.12,0.43,-0.01,8.41
21721,0.00,1001.27,30.68,1.06,2.01,8.62,-0.17,-0.10,-0.01,8.41
21759,0.00,1001.27,30.68,-0.05,1.45,9.27,-0.08,-0.12,0.10,8.41
21797,0.00,1001.26,30.68,2.12,1.34,8.82,-0.16,-0.59,0.14,8.42
21835,0.00,1001.26,30.68,2.71,1.19,8.24,-0.09,-0.31,-0.01,8.42
21886,0.00,1001.25,30.67,1.23,1.61,7.34,0.10,-0.03,-0.03,8.42
21924,0.00,1001.26,30.67,0.60,1.58,6.55,0.00,-0.23,-0.04,8.42
21962,0.00,1001.26,30.66,2.42,1.20,10.19,-0.35,-0.27,-0.01,8.42
22000,0.00,1001.26,30.66,2.61,1.17,9.38,-0.01,0.17,-0.04,8.42
22038,0.00,1001.26,30.65,1.33,1.33,7.66,0.27,0.17,0.01,8.42
22097,0.00,1001.26,30.64,3.10,1.70,8.05,-0.03,-0.11,-0.02,8.42
22136,0.00,1001.26,30.63,2.30,1.24,8.83,0.08,0.34,-0.08,8.42
22174,0.00,1001.25,30.62,-0.36,1.46,7.21,0.18,0.14,-0.04,8.42
22212,0.00,1001.26,30.61,0.52,0.83,7.61,0.06,-0.60,0.03,8.42
22250,0.00,1001.26,30.61,2.42,1.50,8.46,-0.06,-0.50,0.02,8.42
22301,0.00,1001.26,30.60,1.47,1.57,9.05,-0.06,0.37,0.02,8.42
22339,0.00,1001.28,30.59,2.16,1.15,7.53,-0.01,-0.03,0.02,8.42
22377,0.00,1001.27,30.59,3.15,1.94,7.11,0.00,0.04,-0.09,8.42
22415,0.00,1001.28,30.58,1.03,1.76,7.37,-0.03,0.54,-0.11,8.42
22453,0.00,1001.29,30.58,2.62,0.46,8.83,0.01,0.69,0.08,8.42
22504,0.00,1001.29,30.57,-0.38,1.03,9.39,-0.02,1.65,-0.24,8.42
22543,0.00,1001.29,30.57,0.38,1.48,8.83,0.24,0.43,0.07,8.42
22591,0.00,1001.28,30.56,2.02,0.21,8.32,-0.40,-0.12,-0.14,8.42
22630,0.00,1001.27,30.56,0.56,2.21,7.24,0.02,-0.23,-0.02,8.42
22668,0.00,1001.27,30.56,0.70,2.00,8.27,0.20,-0.64,0.00,8.42
22719,0.00,1001.26,30.55,1.47,1.36,8.42,-0.18,-0.39,-0.05,8.42
22758,0.00,1001.25,30.55,1.02,1.08,7.90,0.06,-0.22,-0.05,8.42
22796,0.00,1001.24,30.55,-0.01,2.98,8.81,-0.01,-0.28,-0.02,8.42
22834,0.00,1001.25,30.54,0.79,1.16,8.99,0.14,-0.98,0.13,8.42
22872,0.00,1001.25,30.54,2.21,1.76,8.87,0.14,-0.22,0.04,8.42
22923,0.00,1001.23,30.54,0.60,1.62,8.30,0.32,-1.39,-0.06,8.42
22961,0.00,1001.24,30.54,3.08,1.40,7.16,0.12,-1.17,0.05,8.42
22999,0.00,1001.24,30.54,4.36,2.04,8.47,0.13,-0.31,-0.09,8.42
23037,0.00,1001.23,30.54,1.13,1.36,7.56,0.27,-0.66,-0.01,8.42
23075,0.00,1001.23,30.54,2.54,2.60,5.98,0.21,-1.19,0.07,8.42
23134,0.00,1001.22,30.54,3.25,1.67,9.17,0.03,-0.66,0.18,8.42
23173,0.00,1001.21,30.54,3.96,2.54,8.75,0.18,-1.01,0.02,8.42
23211,0.00,1001.21,30.53,4.18,1.66,7.34,-0.02,-2.34,-0.05,8.42
23249,0.00,1001.21,30.53,5.23,1.27,6.94,0.15,-0.42,0.13,8.42
23287,0.00,1001.20,30.53,5.85,3.56,5.81,0.28,0.17,0.08,8.42
23338,0.00,1001.19,30.53,5.80,1.31,6.78,0.09,0.48,-0.01,8.42
23376,0.00,1001.19,30.53,6.68,3.00,5.86,0.15,0.37,0.06,8.42
23414,0.00,1001.19,30.53,6.67,2.12,7.26,-0.13,0.39,-0.07,8.42
23452,0.00,1001.18,30.54,4.32,1.98,7.95,0.33,1.07,-0.12,8.42
23490,0.00,1001.17,30.54,5.25,3.11,6.67,0.24,0.53,-0.03,8.42
23541,0.00,1001.18,30.54,4.65,2.54,8.23,0.03,0.47,-0.19,8.42
23579,0.00,1001.19,30.54,4.94,4.44,9.14,0.12,-0.29,-0.08,8.42
23627,0.00,1001.18,30.53,2.91,2.74,8.67,0.28,0.06,-0.28,8.42
23666,0.00,1001.18,30.53,5.71,3.50,8.68,0.29,-0.35,-0.27,8.42
23704,0.00,1001.18,30.53,5.04,3.55,8.66,0.39,-0.21,-0.33,8.42
23755,0.00,1001.17,30.53,4.51,4.74,7.69,0.45,-0.33,-0.28,8.42
23793,0.00,1001.16,30.53,5.92,4.36,7.93,0.22,-0.82,-0.32,8.42
23831,0.00,1001.15,30.53,4.27,4.52,8.41,0.62,-0.85,-0.45,8.42
23869,0.00,1001.15,30.53,6.45,4.79,6.14,0.64,-1.25,-0.50,8.42
23907,0.00,1001.15,30.53,5.54,4.20,8.50,0.32,-0.38,-0.60,8.41
23958,0.00,1001.15,30.54,6.33,4.89,6.20,1.01,-0.69,-0.80,8.41
23996,0.00,1001.15,30.54,6.68,3.38,5.71,0.71,-0.02,-0.84,8.41
24034,0.00,1001.14,30.54,3.17,3.23,4.45,1.04,-0.05,-0.73,8.41
24072,0.00,1001.14,30.55,5.14,4.06,4.10,0.58,-0.30,-0.58,8.41
24110,0.00,1001.12,30.55,4.69,4.14,6.80,0.46,0.40,-0.50,8.41
24169,0.35,1001.08,30.56,4.27,4.27,5.70,0.68,-0.10,-0.55,8.41
24208,0.59,1001.05,30.56,4.85,5.59,6.96,0.61,0.89,-0.54,8.41
24246,0.76,1001.03,30.57,4.46,6.42,5.08,1.16,0.29,-0.59,8.41
24284,0.80,1001.02,30.57,4.59,7.00,4.81,0.75,0.65,-0.64,8.41
24322,0.85,1001.02,30.58,2.01,6.44,4.23,1.24,0.50,-0.55,8.41
24373,0.82,1001.02,30.58,1.78,8.27,2.53,0.88,0.18,-0.64,8.41
24411,0.81,1001.02,30.58,0.66,6.98,2.81,0.84,0.52,-0.45,8.41
24449,0.80,1001.02,30.59,1.61,7.29,1.35,0.99,-0.17,-0.08,8.42
24487,0.81,1001.02,30.59,4.53,6.90,2.82,0.61,0.15,-0.30,8.42
24525,0.81,1001.02,30.59,2.20,6.90,3.32,0.96,0.07,-0.20,8.42
24576,0.82,1001.02,30.60,2.66,6.36,2.37,0.84,-0.03,-0.25,8.41
24614,0.88,1001.01,30.60,-0.59,6.19,7.89,1.17,0.89,-0.50,8.42
24662,0.95,1001.00,30.60,2.72,5.98,-3.56,1.19,0.19,-0.56,8.42
24701,0.94,1001.01,30.60,1.57,6.95,-3.27,0.59,-0.20,-0.38,8.42
24739,1.04,1000.99,30.60,0.07,8.50,0.92,0.16,-0.30,-0.30,8.42
24790,1.03,1001.00,30.60,0.95,8.12,4.22,0.14,-0.25,-0.18,8.42
24828,1.13,1000.98,30.60,1.10,9.03,2.60,0.42,-0.24,-0.20,8.42
24866,1.16,1000.98,30.60,0.56,9.81,2.49,0.27,0.08,-0.12,8.42
24904,1.14,1000.98,30.61,0.18,9.20,2.99,0.36,-0.16,-0.04,8.41
24942,1.14,1000.98,30.61,1.09,9.48,1.69,0.49,0.27,-0.10,8.41
24993,1.13,1000.98,30.61,1.65,9.54,1.20,0.39,-0.31,0.03,8.41
25031,1.13,1000.98,30.62,1.72,9.74,1.08,0.45,-0.06,-0.03,8.41
25069,1.09,1000.99,30.62,0.89,10.08,0.31,0.47,0.38,0.01,8.41
25107,1.09,1000.99,30.62,2.41,9.54,0.48,0.49,-0.21,0.01,8.41
25145,1.09,1000.99,30.62,1.71,9.68,0.70,0.49,-0.06,-0.07,8.41
25204,1.09,1000.99,30.62,1.16,8.94,-0.10,0.51,-0.50,-0.01,8.41
25243,1.07,1000.99,30.61,0.87,9.33,-0.17,0.49,0.13,0.05,8.41
25281,1.13,1000.98,30.61,-0.68,7.96,-1.26,0.62,-1.89,0.06,8.41
25319,1.18,1000.98,30.61,3.11,10.54,-1.92,0.36,-2.06,0.01,8.41
25357,1.16,1000.98,30.61,1.70,9.67,-1.65,0.44,0.44,-0.24,8.41
25408,1.12,1000.98,30.61,1.52,9.13,-2.73,0.59,-0.38,0.13,8.41
25446,1.03,1001.00,30.60,4.74,10.49,-5.91,0.59,2.25,0.18,8.41
25484,1.06,1000.99,30.60,1.61,9.70,-3.45,0.34,0.19,-0.34,8.41
25522,1.10,1000.99,30.60,1.35,11.42,-2.22,0.04,-0.06,0.01,8.40
25560,1.16,1000.98,30.60,2.41,10.61,-4.15,0.30,0.48,-0.03,8.41
25611,1.13,1000.98,30.60,1.24,11.09,-3.39,-0.11,-0.15,-0.12,8.41
25650,1.14,1000.98,30.60,0.88,11.08,-3.95,-0.03,0.20,-0.18,8.41
25698,1.18,1000.98,30.60,1.15,9.62,-1.66,-0.31,0.06,0.07,8.41
25737,1.21,1000.97,30.60,1.96,9.53,-0.57,0.17,0.10,0.10,8.41
25775,1.24,1000.97,30.60,1.98,9.31,-3.55,-0.04,0.21,-0.14,8.41
25826,1.16,1000.98,30.60,1.98,9.52,-0.35,-0.25,-0.11,-0.20,8.41
25865,1.23,1000.97,30.60,1.13,8.60,-0.26,0.08,-0.08,-0.32,8.41
25903,1.28,1000.97,30.60,-0.33,9.61,-2.89,0.12,0.56,-0.21,8.41
25941,1.24,1000.97,30.60,3.12,8.64,-2.66,-0.12,0.05,-0.15,8.41
25979,1.25,1000.97,30.60,3.02,8.70,-2.19,-0.03,0.06,-0.29,8.41
26030,1.20,1000.98,30.61,-0.02,10.18,-2.40,-0.25,0.22,-0.50,8.41
26069,1.16,1000.98,30.61,-0.70,8.45,-0.86,-0.15,0.19,-0.32,8.41
26107,1.29,1000.96,30.61,0.46,10.12,-3.28,0.23,-0.18,-0.34,8.41
26145,1.33,1000.96,30.61,-0.62,9.64,-2.71,-0.44,0.02,-0.17,8.41
26183,1.30,1000.96,30.61,-0.95,8.97,-0.67,0.04,0.10,-0.18,8.41
26255,1.26,1000.97,30.61,1.78,8.71,-2.44,-0.12,-0.17,-0.09,8.41
26294,1.31,1000.96,30.61,0.04,10.88,-2.37,-0.11,-0.33,-0.25,8.41
26332,1.26,1000.97,30.61,0.53,10.75,-2.83,-0.18,0.10,0.15,8.41
26370,1.33,1000.96,30.60,2.47,10.55,-1.27,-0.13,0.01,-0.28,8.41
26408,1.34,1000.96,30.60,-0.89,10.75,0.41,-0.27,-0.18,-0.06,8.41
26459,1.29,1000.96,30.61,0.50,10.33,-2.66,0.01,-0.22,0.02,8.41
26497,1.26,1000.97,30.60,0.80,9.93,-1.99,-0.09,-0.20,0.08,8.41
26535,1.26,1000.97,30.60,-0.63,9.72,-1.07,-0.19,-0.82,-0.01,8.41
26573,1.24,1000.97,30.60,0.00,10.56,-0.25,0.13,-1.03,-0.08,8.41
26611,1.21,1000.97,30.60,1.38,8.98,-1.66,-0.06,-0.15,0.14,8.41
26662,1.30,1000.96,30.60,0.35,9.32,-1.74,-0.07,0.23,-0.03,8.41
26700,1.35,1000.96,30.60,-0.29,9.51,-0.96,-0.05,0.19,-0.06,8.41
26751,1.30,1000.96,30.60,0.45,9.78,-2.54,-0.08,0.08,-0.00,8.41
26790,1.31,1000.96,30.59,0.93,9.84,-2.18,-0.24,0.00,-0.05,8.41
26828,1.33,1000.96,30.59,0.77,9.39,-0.31,-0.23,0.27,-0.13,8.41
26879,1.34,1000.96,30.59,-1.00,8.95,0.00,-0.02,0.16,-0.25,8.41
26917,1.30,1000.96,30.59,-2.23,10.74,-1.02,-0.13,0.29,-0.16,8.41
26955,1.27,1000.97,30.59,-0.07,9.83,-1.30,0.05,-0.20,0.12,8.41
26993,1.32,1000.96,30.59,0.28,9.74,-1.12,-0.07,-0.21,-0.10,8.41
27031,1.25,1000.97,30.59,-0.36,10.42,-0.95,-0.04,-0.37,0.15,8.41
27082,1.21,1000.97,30.59,0.63,13.34,-1.78,0.07,-0.22,0.33,8.41
27120,1.26,1000.97,30.59,1.20,9.30,-2.00,0.00,-0.02,-0.04,8.42
27158,1.24,1000.97,30.59,-0.36,9.61,-1.18,-0.00,-0.08,0.09,8.42
27196,1.33,1000.96,30.59,1.02,9.75,-1.24,0.07,-0.06,0.03,8.42
27234,1.30,1000.96,30.59,1.01,9.38,-0.23,-0.01,0.04,-0.02,8.41
27297,1.29,1000.96,30.59,-1.08,10.40,-1.37,0.08,-0.11,0.07,8.41
27336,1.32,1000.96,30.58,0.88,10.14,-2.03,0.11,0.21,0.02,8.42
27374,1.35,1000.96,30.58,1.83,11.17,-1.96,-0.05,0.35,-0.05,8.42
27412,1.33,1000.96,30.58,-1.85,9.82,-0.13,-0.17,0.73,-0.04,8.42
27450,1.43,1000.95,30.58,3.24,0.75,-1.51,0.01,0.77,0.15,8.42
27501,1.42,1000.95,30.58,-0.43,23.96,-2.88,-0.02,-0.40,0.03,8.42
27540,1.40,1000.95,30.57,-0.18,9.95,-0.59,-0.17,1.48,0.24,8.41
27578,1.34,1000.96,30.57,0.35,9.29,0.18,-0.10,0.02,0.33,8.41
27616,1.34,1000.96,30.56,1.24,8.56,-0.11,-0.04,-0.50,0.34,8.41
27654,1.29,1000.96,30.56,0.46,9.07,-0.53,0.01,0.05,0.23,8.42
27705,1.35,1000.96,30.56,3.25,8.00,-2.53,0.11,0.01,0.36,8.42
27743,1.26,1000.97,30.55,1.71,9.07,-3.00,0.10,-0.49,0.04,8.42
27789,0.95,1001.00,30.55,3.33,9.60,-1.88,-0.08,0.16,-0.04,8.42
27828,0.71,1001.03,30.54,2.83,9.92,-2.60,-0.26,0.72,-0.22,8.42
27866,0.59,1001.05,30.54,0.99,9.91,-1.64,-0.15,0.39,-0.36,8.42
27917,0.40,1001.07,30.53,-1.45,9.99,-0.67,-0.58,0.56,-0.26,8.42
27956,0.22,1001.09,30.53,-1.81,12.08,-2.17,-0.14,0.17,0.02,8.42
27994,0.15,1001.10,30.52,1.41,12.42,-5.40,-0.45,-0.37,0.06,8.42
28032,0.07,1001.11,30.51,0.74,9.01,-3.21,-0.76,0.15,0.06,8.42
28070,0.13,1001.10,30.51,0.79,9.78,-1.70,-0.61,1.23,0.00,8.42
28121,0.18,1001.10,30.50,0.57,7.04,-0.05,-0.86,0.91,-0.13,8.42
28159,0.33,1001.08,30.50,0.12,12.02,1.30,-0.84,0.62,-0.28,8.42
28197,0.54,1001.05,30.50,-2.60,11.54,2.56,-0.69,-0.15,0.10,8.42
28235,0.74,1001.03,30.50,-1.37,8.71,2.39,-0.94,-0.50,0.27,8.42
28273,0.88,1001.01,30.50,0.74,8.88,2.74,-0.43,0.17,0.18,8.41
28334,0.97,1001.00,30.50,0.08,8.96,3.08,-0.65,0.07,0.12,8.42
28373,1.05,1000.99,30.49,1.72,9.08,0.11,-0.60,0.06,0.26,8.42
28411,1.07,1000.99,30.49,1.24,8.28,1.26,-0.78,0.07,0.07,8.41
28449,1.13,1000.98,30.49,1.43,8.63,2.58,-0.71,0.08,0.16,8.41
28487,1.18,1000.98,30.49,1.43,8.62,1.55,-0.66,0.25,-0.03,8.41
28538,1.20,1000.98,30.50,-0.12,8.33,3.44,-0.89,0.06,-0.02,8.41
28577,1.24,1000.97,30.50,-2.80,10.01,4.27,0.17,1.59,-0.31,8.41
28615,1.22,1000.97,30.50,-0.70,6.39,5.16,-0.44,-0.09,0.26,8.41
28653,1.24,1000.97,30.50,1.81,6.80,7.41,-0.80,-0.80,-0.14,8.41
28691,1.17,1000.98,30.50,0.48,9.43,0.89,-0.44,0.08,-0.04,8.41
28742,1.22,1000.97,30.50,1.13,8.23,5.20,-0.27,-0.02,0.12,8.42
28780,1.28,1000.97,30.50,-0.40,7.03,5.42,-0.21,-0.08,0.03,8.41
28826,1.20,1000.98,30.51,0.98,7.58,3.94,-0.23,-0.07,0.01,8.41
28865,1.26,1000.97,30.51,1.00,9.61,3.23,-0.16,0.08,0.01,8.41
28903,1.25,1000.97,30.51,0.90,8.55,3.57,-0.07,-0.15,0.04,8.41
28954,1.25,1000.97,30.51,1.10,5.73,5.32,0.00,0.38,-0.08,8.41
28992,1.23,1000.97,30.51,0.13,7.07,4.08,-0.11,0.12,-0.03,8.41
29030,1.22,1000.97,30.52,1.17,14.57,17.34,-0.22,-0.01,-0.08,8.41
29068,1.27,1000.97,30.52,0.32,12.00,4.39,-0.10,0.36,-0.09,8.41
29106,1.20,1000.98,30.52,0.49,7.83,5.09,-0.02,-0.09,0.05,8.41
29157,1.12,1000.98,30.53,0.68,5.98,4.57,-0.10,-0.05,0.04,8.41
29195,1.06,1000.99,30.53,1.25,8.28,3.18,-0.14,0.15,-0.03,8.41
29233,0.69,1001.04,30.53,1.21,6.72,5.02,-0.07,0.03,-0.02,8.41
29271,0.34,1001.08,30.53,1.04,10.33,2.30,-0.27,0.01,-0.08,8.42
29309,0.00,1001.12,30.53,0.37,10.48,3.82,-0.08,0.13,-0.07,8.42
29370,0.00,1001.15,30.53,1.01,6.98,6.37,-0.05,-0.16,0.03,8.42
29409,0.00,1001.16,30.53,-0.69,10.83,6.27,-0.01,0.03,-0.01,8.42
29447,0.00,1001.18,30.53,0.91,8.15,4.92,-0.04,-0.08,0.03,8.42
29485,0.00,1001.18,30.53,0.00,8.09,2.48,-0.38,-0.15,-0.02,8.42
29523,0.00,1001.19,30.53,1.61,9.42,5.06,-0.14,-0.05,0.06,8.42
29574,0.00,1001.20,30.53,0.26,7.36,4.46,-0.12,-0.07,0.04,8.42
29612,0.00,1001.21,30.53,-0.26,7.63,5.00,-0.06,-0.04,0.07,8.42
29650,0.00,1001.21,30.53,1.13,7.61,4.58,-0.06,-0.09,0.06,8.42
29688,0.00,1001.21,30.53,0.18,6.73,6.16,0.10,-0.12,0.07,8.42
29726,0.00,1001.23,30.53,0.71,2.05,8.91,-0.02,-0.02,-0.04,8.42
29777,0.00,1001.93,30.53,0.43,13.44,3.89,-0.04,-0.56,0.01,8.42
29815,0.00,1001.77,30.53,1.15,6.57,5.59,0.06,0.06,0.02,8.42
29861,0.00,1001.64,30.53,0.11,4.56,5.36,0.11,0.04,0.01,8.42
29900,0.00,1001.73,30.52,0.47,6.95,4.21,0.10,0.13,-0.11,8.42
29938,0.00,1001.62,30.52,1.99,8.14,2.40,0.13,0.01,-0.03,8.42
29989,0.00,1001.51,30.52,-0.41,7.31,3.83,0.03,-0.13,-0.04,8.42
30028,0.00,1001.44,30.52,0.56,7.89,5.09,-0.03,-0.13,0.00,8.42
30066,0.00,1001.39,30.52,-0.23,6.82,4.96,0.02,-0.09,0.02,8.42
30104,0.00,1001.36,30.52,1.14,6.82,3.79,-0.00,0.53,0.16,8.42
30142,0.00,1001.33,30.52,5.60,6.65,3.77,-0.06,-0.09,0.12,8.41
30193,0.00,1001.30,30.52,1.50,8.18,1.46,-0.36,0.17,-0.23,8.41
30231,0.00,1001.28,30.52,0.42,7.68,2.49,-0.53,0.08,-0.26,8.41
30269,0.00,1001.26,30.52,0.66,7.29,3.99,-0.60,0.02,-0.25,8.41
30307,0.00,1001.25,30.52,-0.10,7.27,5.13,-0.62,-0.09,-0.23,8.41
30345,0.00,1001.24,30.52,-0.40,6.89,5.43,-0.61,-0.21,-0.14,8.41
30406,0.00,1001.23,30.52,-0.85,6.29,6.22,-0.51,-0.19,0.06,8.41
30445,0.00,1001.23,30.52,-0.39,6.11,6.32,-0.42,-0.22,0.16,8.41
30483,0.00,1001.22,30.51,-0.66,6.07,5.88,-0.36,-0.15,0.26,8.41
30521,0.00,1001.23,30.51,-0.46,6.05,5.30,-0.36,-0.02,0.37,8.41
30559,0.00,1001.22,30.51,-0.58,6.11,4.03,-0.45,0.08,0.50,8.41
30610,0.00,1001.23,30.51,0.04,5.98,3.67,-0.63,-0.22,0.65,8.41
30648,0.00,1001.23,30.51,0.71,6.10,3.73,-0.79,-0.11,0.73,8.41
30686,0.00,1001.22,30.51,1.70,5.88,3.95,-0.96,0.03,0.80,8.41
30724,0.00,1001.23,30.51,1.80,5.45,4.22,-1.11,-0.00,0.84,8.41
30762,0.00,1001.23,30.51,2.86,5.35,5.35,-1.21,-0.11,0.85,8.41
30813,0.00,1001.23,30.51,1.58,4.14,5.18,-1.30,0.21,0.78,8.41
30851,0.00,1001.24,30.51,1.13,3.25,5.62,-1.34,0.33,0.80,8.41
30899,0.00,1001.24,30.51,-0.11,1.99,7.01,-1.34,0.58,0.86,8.41
30938,0.00,1001.25,30.51,1.05,1.05,8.12,-1.25,-0.19,0.94,8.41
30976,0.00,1001.25,30.51,2.49,1.26,9.04,-1.07,-0.20,1.01,8.41
31027,0.00,1001.25,30.51,4.84,1.14,10.21,-0.83,0.75,0.88,8.41
31065,0.00,1001.26,30.50,4.21,1.02,10.30,-0.67,1.13,0.71,8.41
31103,0.00,1001.26,30.50,3.53,1.27,10.56,-0.48,1.01,0.58,8.41
31141,0.00,1001.26,30.50,3.49,0.78,9.96,-0.35,0.79,0.41,8.41
31179,0.00,1001.27,30.50,1.52,1.15,9.01,-0.30,0.51,0.32,8.41
31230,0.00,1001.27,30.51,1.57,0.66,9.29,-0.24,0.63,0.23,8.41
31268,0.00,1001.28,30.50,0.41,0.58,8.27,-0.23,0.49,0.16,8.41
31306,0.00,1001.28,30.50,0.29,0.78,7.99,-0.29,0.27,0.15,8.41
31344,0.00,1001.28,30.50,-0.87,0.05,9.31,-0.27,0.44,0.16,8.41
31382,0.00,1001.29,30.50,-1.90,0.69,10.34,-0.14,0.36,0.22,8.41
31441,0.00,1001.29,30.51,-1.21,0.04,10.13,-0.01,-0.67,0.31,8.41
31480,0.00,1001.29,30.50,-0.50,0.56,10.58,0.08,-1.90,0.29,8.41
31518,0.00,1001.29,30.50,1.47,0.37,10.06,0.14,-1.92,0.26,8.41
31556,0.00,1001.29,30.50,2.52,0.19,8.24,0.08,-1.33,0.15,8.41
31594,0.00,1001.30,30.50,3.45,0.35,7.66,-0.02,-0.27,-0.01,8.41
31645,0.00,1001.29,30.50,2.36,0.59,8.18,-0.09,1.31,-0.11,8.41
31683,0.00,1001.29,30.50,1.60,0.62,8.16,-0.10,1.59,-0.13,8.41
31721,0.00,1001.30,30.50,0.47,0.80,8.50,-0.10,1.98,-0.12,8.41
31759,0.00,1001.31,30.50,-0.08,0.60,7.44,-0.08,2.65,-0.06,8.41
31797,0.00,1001.30,30.50,-1.32,0.63,8.04,-0.04,2.36,0.05,8.41
31848,0.00,1001.30,30.50,-3.28,0.27,7.95,-0.19,1.65,0.13,8.41
31886,0.00,1001.30,30.50,-2.66,0.43,8.18,-0.18,1.30,0.12,8.41
31934,0.00,1001.30,30.50,-3.81,0.57,7.88,-0.20,1.52,0.09,8.42
31973,0.00,1001.30,30.49,-3.72,0.33,7.71,-0.15,0.77,0.09,8.42
32011,0.00,1001.30,30.49,-4.44,0.14,7.93,-0.09,0.37,0.06,8.42
32062,0.00,1001.30,30.49,-4.07,0.23,7.62,0.01,-0.10,0.03,8.42
32100,0.00,1001.31,30.49,-3.95,0.24,8.06,0.00,-0.24,0.01,8.42
32138,0.00,1001.31,30.49,-3.78,0.34,7.38,0.02,-0.08,0.01,8.42
32176,0.00,1001.30,30.49,-3.99,0.16,7.12,0.02,-0.06,0.01,8.41
32214,0.00,1001.31,30.49,-4.23,0.25,7.21,0.02,-0.02,0.02,8.42
32265,0.00,1001.30,30.49,-4.11,0.33,7.44,0.03,0.33,0.11,8.42
32303,0.00,1001.30,30.49,-3.28,0.39,7.07,0.02,0.34,0.10,8.42
32341,0.00,1001.30,30.49,-3.90,0.35,7.11,0.00,0.21,0.05,8.42
32379,0.00,1001.31,30.49,-4.48,0.57,6.90,0.02,0.32,0.06,8.42
32417,0.00,1001.31,30.49,-4.59,0.72,7.17,0.02,0.14,0.08,8.42
32476,0.00,1001.31,30.49,-3.97,0.54,6.98,0.05,0.13,0.08,8.42
32515,0.00,1001.31,30.49,-4.41,0.58,6.73,0.04,0.25,0.08,8.42
32553,0.00,1001.32,30.49,-5.27,0.46,7.18,0.04,0.58,0.12,8.42
32591,0.00,1001.32,30.48,-4.32,0.57,6.61,0.04,0.46,0.12,8.42
32629,0.00,1001.33,30.48,-4.64,0.79,6.68,0.05,0.35,0.09,8.42
32680,0.00,1001.31,30.49,-5.04,0.69,6.26,0.03,0.20,0.07,8.42
32718,0.00,1001.31,30.48,-5.38,0.41,6.50,0.03,-0.05,0.06,8.42
32756,0.00,1001.31,30.48,-4.77,0.64,6.60,0.06,-0.16,0.06,8.42
32794,0.00,1001.32,30.48,-5.02,0.40,6.25,0.06,-0.54,0.05,8.42
32832,0.00,1001.31,30.48,-2.73,1.18,5.62,0.05,-0.81,-0.01,8.42
32883,0.00,1001.31,30.48,-5.88,0.97,7.18,-0.04,-0.14,-0.13,8.42
32922,0.00,1001.31,30.48,-5.95,0.28,7.29,-0.01,-0.08,0.01,8.42
32970,0.00,1001.32,30.48,-3.99,0.94,6.36,-0.04,0.03,0.01,8.42
33009,0.00,1001.32,30.48,-4.78,0.64,6.41,-0.05,0.03,0.00,8.41
33047,0.00,1001.31,30.48,-1.61,0.01,4.19,-0.17,0.11,-0.14,8.42
33098,0.00,1001.31,30.48,-5.15,1.29,8.13,-0.04,0.06,-0.04,8.42
33137,0.00,1001.30,30.48,-4.31,0.78,6.17,0.01,-0.12,-0.06,8.42
33175,0.00,1001.30,30.48,-4.78,1.22,6.35,-0.13,0.01,-0.02,8.42
33213,0.00,1001.30,30.48,-4.77,0.48,7.87,-0.07,-0.11,-0.05,8.42
33251,0.00,1001.29,30.48,-7.60,1.62,8.51,0.05,-0.29,-0.25,8.42
33302,0.00,1001.31,30.48,-4.72,0.85,8.41,0.03,-0.02,0.11,8.42
33340,0.00,1001.31,30.48,-3.76,1.08,8.06,0.22,-0.28,0.07,8.42
33378,0.00,1001.31,30.48,-3.15,-0.12,3.76,0.08,0.17,-0.04,8.42
33416,0.00,1001.31,30.48,-2.49,0.17,6.73,-0.00,-0.05,-0.17,8.42
33454,0.00,1001.30,30.48,-5.76,-1.38,5.42,0.00,-0.08,-0.18,8.42
33513,0.00,1001.31,30.48,-3.86,0.44,7.60,0.01,-0.30,-0.15,8.42
33552,0.00,1001.32,30.47,-5.17,0.50,6.02,-0.05,-0.10,-0.10,8.42
33590,0.00,1001.31,30.47,-3.54,-0.09,7.19,-0.09,0.21,-0.10,8.42
33628,0.00,1001.31,30.47,-4.75,0.68,8.77,0.04,0.03,-0.12,8.42
33666,0.00,1001.31,30.47,-4.82,1.08,6.36,0.06,-0.21,-0.10,8.42
33717,0.00,1001.31,30.47,-4.76,1.25,8.06,-0.02,-0.14,-0.09,8.42
33756,0.00,1001.31,30.47,-3.94,2.37,5.77,-0.01,0.13,-0.05,8.41
33794,0.00,1001.31,30.47,-3.80,0.99,7.41,-0.07,-0.31,-0.08,8.41
33832,0.00,1001.32,30.47,-4.30,-0.74,7.10,-0.01,-0.38,-0.08,8.41
33870,0.00,1001.31,30.47,-2.17,-0.63,8.71,-0.01,-0.67,-0.14,8.41
33922,0.00,1001.31,30.47,-4.79,1.96,7.79,-0.06,0.02,-0.10,8.41
33961,0.00,1001.30,30.47,-4.47,-0.36,7.80,0.00,-0.08,-0.06,8.41
34009,0.00,1001.28,30.47,-3.32,0.59,5.96,0.00,-0.31,-0.12,8.42
34048,0.00,1001.29,30.47,-3.61,-0.57,7.75,-0.01,0.02,-0.10,8.42
34086,0.00,1001.29,30.47,-4.23,1.45,8.15,0.01,0.05,-0.04,8.41
34137,0.00,1001.30,30.47,-3.30,0.75,7.56,0.01,0.50,-0.01,8.42
34175,0.00,1001.29,30.46,-3.93,-0.79,8.24,0.03,0.22,-0.04,8.41
34213,0.00,1001.30,30.46,-4.26,1.28,7.23,0.07,0.31,-0.01,8.41
34251,0.00,1001.31,30.46,-3.79,1.44,5.61,0.04,0.59,-0.01,8.41
34289,0.00,1001.29,30.47,-4.63,0.52,6.91,-0.01,-0.06,-0.04,8.41
34340,0.00,1001.28,30.47,-4.87,0.70,6.95,0.04,0.13,0.02,8.41
34378,0.00,1001.27,30.47,-3.51,1.35,6.09,-0.01,-0.12,0.03,8.41
34416,0.00,1001.22,30.46,-3.96,-3.37,7.18,-0.06,0.59,-0.01,8.41
34454,0.00,1001.25,30.46,-5.23,0.02,7.69,0.01,-0.01,-0.06,8.41
34492,0.00,1001.26,30.47,-4.87,0.47,6.73,-0.01,1.53,0.10,8.41
34551,0.00,1001.28,30.47,-4.53,0.00,6.73,0.03,-0.17,-0.10,8.41
34590,0.00,1001.29,30.46,-7.09,0.84,7.19,0.05,-0.01,-0.05,8.41
34628,0.00,1001.29,30.46,-5.93,1.05,4.63,-0.04,1.54,0.02,8.41
34666,0.00,1001.30,30.46,-6.51,0.37,5.76,-0.03,0.42,0.01,8.41
34704,0.00,1001.30,30.46,-5.81,1.32,5.73,0.00,0.18,0.03,8.41
34755,0.00,1001.29,30.46,-5.90,1.45,4.87,-0.03,-0.05,-0.01,8.41
34794,0.00,1001.28,30.46,-6.04,0.64,6.67,-0.01,-1.08,-0.00,8.41
34832,0.00,1001.27,30.46,-5.16,0.09,6.76,0.03,-1.45,-0.01,8.41
34870,0.00,1001.29,30.46,-4.96,-0.05,6.28,0.00,-0.94,-0.03,8.41
34908,0.00,1001.29,30.46,-4.24,0.64,6.59,-0.09,-1.25,-0.02,8.41
34959,0.00,1001.29,30.46,-3.58,-0.85,7.38,-0.01,-0.66,0.01,8.41
34998,0.00,1001.30,30.45,-3.24,-0.24,6.68,-0.11,0.00,-0.12,8.41
35046,0.00,1001.30,30.45,-5.03,0.25,7.59,-0.03,0.23,-0.00,8.41
35085,0.00,1001.29,30.45,-4.76,0.96,7.16,0.03,0.16,0.03,8.41
35123,0.00,1001.29,30.45,-4.20,0.22,6.69,0.04,0.35,0.08,8.41
35174,0.00,1001.31,30.45,-4.04,0.42,7.03,0.04,0.32,-0.01,8.41
35212,0.00,1001.31,30.45,-5.12,0.24,6.70,0.04,-0.66,-0.10,8.41
35250,0.00,1001.31,30.45,-4.77,0.39,6.91,-0.07,-0.62,0.02,8.41
35288,0.00,1001.31,30.45,-4.52,0.11,7.33,0.03,-1.60,0.07,8.41
35326,0.00,1001.31,30.45,-2.69,0.90,7.36,0.05,-1.61,0.04,8.41
35377,0.00,1001.31,30.45,-2.48,0.72,7.60,0.02,-1.64,0.02,8.41
35415,0.00,1001.31,30.45,-2.35,0.89,7.92,-0.01,-0.01,0.05,8.41
35453,0.00,1001.31,30.45,-2.13,-0.05,8.24,0.01,-1.46,-0.02,8.41
35491,0.00,1001.32,30.45,-2.37,0.74,7.79,0.01,-1.06,0.00,8.41
35529,0.00,1001.32,30.45,-1.53,0.82,7.33,-0.08,-0.47,-0.01,8.41
35590,0.00,1001.32,30.45,-0.74,1.26,7.70,0.03,-0.82,0.12,8.41
35629,0.00,1001.33,30.45,-0.80,1.05,7.47,-0.08,-0.35,0.03,8.41
35667,0.00,1001.32,30.45,0.21,-0.59,8.27,-0.00,-1.05,0.01,8.41
35705,0.00,1001.32,30.45,-0.22,-0.06,8.09,0.03,-0.76,0.01,8.41
35743,0.00,1001.31,30.45,-1.26,-2.26,5.62,-0.07,-0.07,0.03,8.41
35794,0.00,1001.31,30.45,0.64,0.77,8.83,0.01,-0.12,-0.03,8.41
35832,0.00,1001.32,30.45,-0.03,0.60,8.10,0.00,-0.05,-0.01,8.41
35870,0.00,1001.32,30.44,0.59,0.53,8.21,-0.04,-0.68,-0.09,8.41
35908,0.00,1001.30,30.45,0.74,0.64,8.60,-0.04,-0.67,-0.05,8.41
35946,0.00,1001.32,30.45,0.45,-0.18,7.84,-0.03,0.03,0.02,8.41
35997,0.00,1001.32,30.45,0.28,0.48,9.58,0.03,-0.39,-0.08,8.41
36035,0.00,1001.31,30.45,0.14,0.15,7.16,-0.00,0.14,0.02,8.41
36081,0.00,1001.31,30.44,1.01,0.81,8.90,0.01,0.95,0.06,8.41
36120,0.00,1001.31,30.44,0.49,0.58,8.31,0.01,-0.01,-0.03,8.41
36158,0.00,1001.31,30.44,0.57,0.23,7.71,-0.04,0.74,0.06,8.41
36209,0.00,1001.31,30.44,-0.88,-0.69,9.62,-0.00,0.73,-0.09,8.41
36248,0.00,1001.35,30.44,-2.74,0.86,9.28,-0.08,-0.28,-0.00,8.41
36286,0.00,1001.35,30.44,-0.27,0.85,8.02,-0.02,-0.38,0.02,8.41
36324,0.00,1001.35,30.44,0.66,0.14,8.44,-0.02,-0.65,0.01,8.41
36362,0.00,1001.33,30.44,-0.47,-0.11,8.10,-0.05,-0.84,0.00,8.41
36413,0.00,1001.33,30.44,0.97,0.76,9.26,-0.02,-0.33,-0.03,8.41
36451,0.00,1001.32,30.44,0.60,1.24,7.28,-0.05,-0.67,-0.12,8.41
36489,0.00,1001.31,30.44,0.37,0.45,8.88,-0.03,0.10,-0.04,8.41
36527,0.00,1001.31,30.44,1.98,-1.43,7.35,0.01,-0.05,-0.01,8.41
36565,0.00,1001.31,30.44,1.86,-0.91,9.14,0.01,-0.03,-0.05,8.41
36632,0.00,1001.32,30.44,0.18,3.75,9.97,-0.05,-0.19,-0.02,8.41
36671,0.00,1001.32,30.44,0.91,0.18,9.27,0.01,0.51,0.10,8.41
36709,0.00,1001.32,30.44,1.60,-0.27,7.91,0.03,0.70,0.08,8.41
36747,0.00,1001.32,30.44,0.81,-0.14,8.13,-0.00,-0.05,-0.07,8.41
36785,0.00,1001.32,30.43,0.14,-0.05,7.76,-0.05,-0.12,-0.11,8.41
36836,0.00,1001.33,30.44,-0.43,-0.81,8.33,-0.01,-0.35,-0.07,8.41
36875,0.00,1001.35,30.44,-0.17,-1.08,6.73,-0.07,-0.70,-0.05,8.41
36913,0.00,1001.40,30.43,0.03,1.37,8.44,-0.03,0.09,0.02,8.41
36951,0.00,1001.39,30.43,0.24,0.96,8.07,-0.02,0.00,0.04,8.41
36989,0.00,1001.38,30.44,0.76,0.11,8.40,-0.02,0.15,0.04,8.41
37040,0.00,1001.36,30.44,1.04,-0.14,8.21,0.02,0.38,-0.01,8.41
37078,0.00,1001.38,30.44,0.04,-0.98,7.25,-0.01,-0.10,-0.04,8.41
37124,0.00,1001.40,30.44,-0.11,0.56,8.85,-0.02,0.02,-0.00,8.41
37163,0.00,1001.40,30.43,0.59,1.19,8.12,0.00,-0.18,0.02,8.41
37201,0.00,1001.38,30.43,0.79,0.32,8.36,-0.02,0.05,0.01,8.42
37252,0.00,1001.37,30.43,0.50,0.33,8.18,-0.00,-0.03,-0.03,8.42
37290,0.00,1001.36,30.43,0.21,0.47,7.66,-0.03,-0.05,-0.03,8.42
37328,0.00,1001.36,30.43,0.34,-0.39,8.86,-0.02,-0.21,-0.02,8.42
37366,0.00,1001.42,30.43,0.83,2.52,8.45,0.08,-0.11,-0.02,8.42
37404,0.00,1001.40,30.43,0.54,0.28,8.39,-0.03,-0.15,0.01,8.42
37455,0.00,1001.38,30.43,0.87,0.34,8.61,-0.01,0.00,-0.00,8.42
37493,0.00,1001.36,30.43,0.38,0.36,8.41,0.01,-0.04,-0.01,8.42
37531,0.00,1001.35,30.43,0.63,0.40,7.88,-0.02,-0.01,-0.01,8.42
37569,0.00,1001.35,30.43,0.44,0.31,8.44,-0.01,-0.31,-0.02,8.42
37607,0.00,1001.34,30.43,0.74,0.47,7.76,-0.03,0.01,0.00,8.42
37668,0.00,1001.33,30.43,0.47,0.47,8.75,-0.03,-0.03,-0.02,8.42
37707,0.00,1001.34,30.43,0.28,-0.10,8.33,-0.02,-0.13,-0.02,8.42
37745,0.00,1001.34,30.43,0.70,0.48,8.59,0.00,-0.07,0.02,8.42
37783,0.00,1001.34,30.43,1.02,0.45,7.87,-0.01,-0.08,-0.02,8.42
37821,0.00,1001.34,30.43,-0.13,-0.32,8.21,0.00,-0.18,0.01,8.42
37872,0.00,1001.34,30.43,1.78,0.08,8.06,-0.08,-0.64,-0.09,8.42
37911,0.00,1001.34,30.43,0.37,0.15,9.17,0.00,-0.34,-0.06,8.42
37949,0.00,1001.35,30.43,1.79,0.49,7.33,0.01,0.22,-0.01,8.42
37987,0.00,1001.33,30.43,0.82,0.57,9.17,-0.03,-0.80,-0.07,8.42
38025,0.00,1001.32,30.43,1.00,-0.05,7.63,-0.03,-0.06,0.05,8.41
38076,0.00,1001.32,30.43,1.16,0.71,7.97,0.01,-0.46,-0.02,8.41
38114,0.00,1001.32,30.43,1.11,-0.31,7.13,-0.07,0.02,0.03,8.41
38160,0.00,1001.33,30.43,1.17,0.91,9.73,0.06,-0.00,-0.01,8.42
38199,0.00,1001.32,30.42,2.04,0.09,7.54,-0.02,0.42,-0.02,8.41
38237,0.00,1001.33,30.43,0.56,0.66,8.73,0.01,0.75,-0.02,8.41
38288,0.00,1001.32,30.43,0.63,-0.04,7.70,-0.08,0.54,-0.00,8.42
38327,0.00,1001.32,30.42,0.35,-0.04,10.16,0.01,0.36,-0.02,8.41
38365,0.00,1001.32,30.42,0.92,2.06,7.31,-0.03,0.19,-0.03,8.41
38403,0.00,1001.32,30.42,-0.48,-0.39,8.79,-0.03,-0.02,-0.00,8.41
38441,0.00,1001.32,30.42,2.48,-0.05,8.18,-0.03,0.31,0.03,8.41
38492,0.00,1001.32,30.42,-0.08,-0.40,8.39,0.00,-0.08,-0.01,8.41
38531,0.00,1001.32,30.42,2.00,0.83,6.59,-0.05,0.68,0.04,8.41
38569,0.00,1001.32,30.42,0.08,-0.34,9.26,-0.02,-0.01,0.01,8.41
38607,0.00,1001.32,30.42,0.17,0.70,7.62,0.00,0.20,0.01,8.41
38645,0.00,1001.32,30.42,0.15,1.11,9.03,-0.04,-0.41,-0.04,8.41
38706,0.00,1001.32,30.42,1.36,-0.80,7.60,-0.01,0.48,0.05,8.41
38745,0.00,1001.32,30.42,3.26,1.75,5.10,-0.21,-0.09,-0.22,8.41
38783,0.00,1001.32,30.42,-1.09,1.13,8.18,-0.39,-0.12,-0.28,8.41
38821,0.00,1001.32,30.42,-3.06,-2.49,10.16,-0.14,0.48,-0.13,8.41
38859,0.00,1001.32,30.42,-2.47,-0.72,8.97,0.15,-0.43,-0.01,8.41
38910,0.00,1001.31,30.42,0.90,0.05,7.60,-0.02,-0.24,0.05,8.41
38948,0.00,1001.31,30.42,0.77,-0.19,8.84,-0.03,-0.04,0.05,8.41
38986,0.00,1001.31,30.42,0.71,-0.01,8.30,-0.01,0.01,-0.01,8.41
39024,0.00,1001.31,30.42,0.01,-0.04,8.26,-0.01,-0.02,0.00,8.41
39062,0.00,1001.31,30.42,0.34,-0.08,8.38,-0.01,-0.03,0.00,8.41
39113,0.00,1001.31,30.42,0.27,-0.14,8.44,-0.01,-0.03,0.01,8.41
39152,0.00,1001.31,30.42,-0.05,-0.09,8.46,-0.00,-0.05,0.01,8.41
39198,0.00,1001.31,30.42,0.33,-0.23,8.47,0.01,-0.03,0.03,8.41
39237,0.00,1001.31,30.42,0.23,-0.16,8.36,0.01,0.09,0.04,8.41
39275,0.00,1001.31,30.42,-0.24,-0.46,8.47,0.03,0.10,0.07,8.41
39326,0.00,1001.31,30.42,0.47,-0.72,8.27,0.03,0.07,0.09,8.41
39364,0.00,1001.30,30.42,0.31,-0.27,8.48,0.03,0.09,0.07,8.41
39402,0.00,1001.32,30.42,-0.04,0.10,8.30,0.03,0.20,0.07,8.41
39440,0.00,1001.31,30.42,-0.03,0.18,8.53,0.02,0.15,0.07,8.41
39478,0.00,1001.32,30.42,-0.11,0.39,7.92,0.03,0.24,0.08,8.41
39529,0.00,1001.32,30.42,-0.27,0.58,8.15,-0.01,0.28,0.09,8.41
39567,0.00,1001.31,30.42,0.15,0.23,8.89,-0.01,0.07,0.03,8.41
39605,0.00,1001.31,30.42,-0.97,-0.16,9.01,0.01,-0.05,0.05,8.41
39643,0.00,1001.31,30.42,-0.65,0.25,9.60,0.08,0.02,0.10,8.41
39681,0.00,1001.31,30.42,-0.76,-0.11,8.68,0.16,0.13,0.15,8.41
39742,0.00,1001.31,30.42,-0.65,-0.02,6.48,0.09,0.09,0.15,8.41
39781,0.00,1001.31,30.41,0.04,-0.22,6.54,-0.04,0.03,0.13,8.41
39819,0.00,1001.32,30.41,-0.30,0.77,7.19,-0.13,-0.47,0.09,8.41
39857,0.00,1001.32,30.41,-1.56,0.70,7.72,-0.20,-0.20,0.17,8.41
39895,0.00,1001.32,30.41,-0.36,1.01,7.32,-0.28,0.15,0.29,8.41
39946,0.00,1001.32,30.41,0.57,0.22,10.48,-0.24,-0.20,0.21,8.41
39984,0.00,1001.32,30.41,2.16,-0.03,9.97,-0.10,-0.16,0.11,8.41
40022,0.00,1001.32,30.41,0.72,-0.91,9.53,-0.02,0.19,0.01,8.41
40060,0.00,1001.31,30.41,-0.57,-0.07,7.40,-0.01,-0.07,-0.02,8.41
40098,0.00,1001.31,30.41,0.20,-0.12,8.53,-0.02,-0.05,0.01,8.41
40149,0.00,1001.32,30.42,-0.18,-0.04,8.28,-0.01,-0.04,0.00,8.41
40188,0.00,1001.32,30.41,-0.17,-0.04,8.16,-0.02,-0.03,0.00,8.41
40234,0.00,1001.31,30.41,0.02,-0.11,8.28,-0.01,-0.02,-0.01,8.41
40273,0.00,1001.31,30.41,0.21,-0.07,8.31,-0.03,-0.01,-0.01,8.41
40311,0.00,1001.31,30.41,-0.25,-0.21,8.64,-0.02,-0.03,-0.00,8.41
40363,0.00,1001.31,30.41,-0.25,-0.10,8.26,-0.01,-0.02,-0.01,8.41
40402,0.00,1001.32,30.41,-0.09,-0.10,8.31,-0.01,-0.02,-0.00,8.41
40440,0.00,1001.32,30.41,-0.12,-0.05,8.26,-0.01,-0.03,-0.00,8.41
40478,0.00,1001.32,30.41,-0.12,-0.16,8.34,-0.01,-0.02,-0.00,8.41
40516,0.00,1001.32,30.41,-0.16,-0.11,8.31,-0.01,-0.02,-0.00,8.41
40568,0.00,1001.33,30.41,-0.11,-0.10,8.38,-0.01,-0.03,-0.00,8.41
40607,0.00,1001.33,30.41,-0.06,-0.14,8.32,-0.01,-0.02,0.00,8.41
40645,0.00,1001.34,30.41,-0.10,-0.10,8.33,-0.01,-0.02,0.00,8.42
40683,0.00,1001.34,30.41,-0.09,-0.11,8.23,-0.01,-0.03,0.00,8.42
40721,0.00,1001.33,30.41,-0.05,-0.13,8.32,-0.01,-0.02,0.00,8.42
40782,0.00,1001.33,30.41,-0.10,-0.14,8.32,-0.01,-0.02,-0.00,8.42
40821,0.00,1001.33,30.41,-0.03,-0.13,8.36,-0.01,-0.02,0.00,8.41
40859,0.00,1001.32,30.41,-0.02,-0.05,8.33,-0.01,-0.02,-0.00,8.42
40897,0.00,1001.33,30.41,-0.06,-0.15,8.32,-0.01,-0.02,-0.00,8.42
40935,0.00,1001.33,30.41,-0.13,-0.14,8.36,-0.01,-0.02,0.00,8.42
40986,0.00,1001.33,30.41,-0.12,-0.08,8.35,-0.01,-0.02,0.00,8.42
41025,0.00,1001.33,30.41,-0.11,-0.17,8.34,-0.01,-0.02,0.00,8.42
41063,0.00,1001.33,30.41,-0.11,-0.11,8.34,-0.01,-0.02,-0.00,8.42
41101,0.00,1001.33,30.41,-0.09,-0.14,8.38,-0.01,-0.02,0.00,8.42
41139,0.00,1001.33,30.41,-0.09,-0.09,8.36,-0.01,-0.02,-0.00,8.42
41191,0.00,1001.33,30.41,-0.05,-0.08,8.28,-0.01,-0.02,-0.00,8.42
41230,0.00,1001.32,30.41,-0.09,-0.11,8.37,-0.01,-0.02,-0.01,8.42
41278,0.00,1001.32,30.41,-0.11,-0.11,8.34,-0.01,-0.02,-0.00,8.42
41317,0.00,1001.32,30.40,-0.10,-0.09,8.32,-0.01,-0.02,-0.00,8.42
41355,0.00,1001.32,30.40,-0.09,-0.14,8.30,-0.01,-0.02,0.00,8.42
41406,0.00,1001.32,30.40,-0.12,-0.12,8.27,-0.01,-0.02,-0.00,8.42
41445,0.00,1001.32,30.40,-0.11,-0.13,8.28,-0.01,-0.02,-0.00,8.42
41483,0.00,1001.32,30.40,-0.07,-0.11,8.31,-0.01,-0.03,0.00,8.42
41521,0.00,1001.31,30.40,-0.10,-0.16,8.32,-0.01,-0.03,-0.00,8.42
41559,0.00,1001.30,30.40,-0.08,-0.10,8.29,-0.01,-0.02,-0.00,8.41
41610,0.00,1001.32,30.40,-0.08,-0.09,8.30,-0.01,-0.02,0.00,8.41
41649,0.00,1001.32,30.40,-0.09,-0.14,8.41,-0.01,-0.02,0.00,8.41
41687,0.00,1001.33,30.40,-0.10,-0.13,8.29,-0.01,-0.02,-0.00,8.42
41725,0.00,1001.33,30.40,-0.11,-0.10,8.26,-0.01,-0.02,0.01,8.42
41763,0.00,1001.33,30.40,-0.06,-0.08,8.30,-0.01,-0.03,0.00,8.42
41822,0.00,1001.33,30.40,-0.09,-0.04,8.34,-0.01,-0.02,-0.00,8.42
41861,0.00,1001.33,30.40,-0.11,-0.11,8.29,-0.01,-0.02,-0.00,8.42
41899,0.00,1001.33,30.40,-0.07,-0.15,8.28,-0.01,-0.03,-0.00,8.42
41937,0.00,1001.33,30.40,-0.09,-0.06,8.29,-0.01,-0.02,0.00,8.42
41975,0.00,1001.33,30.40,-0.13,-0.10,8.34,-0.01,-0.02,-0.01,8.41
42027,0.00,1001.32,30.40,-0.10,-0.11,8.28,-0.01,-0.02,0.00,8.41
42066,0.00,1001.31,30.40,-0.11,-0.09,8.24,-0.01,-0.02,0.00,8.41
42104,0.00,1001.32,30.40,-0.08,-0.11,8.33,-0.01,-0.02,-0.00,8.41
42142,0.00,1001.32,30.40,-0.09,-0.08,8.39,-0.01,-0.02,0.00,8.41
42180,0.00,1001.32,30.40,-0.14,-0.03,8.30,-0.01,-0.02,0.00,8.41
42231,0.00,1001.32,30.40,-0.09,-0.12,8.26,-0.01,-0.03,0.00,8.41
42270,0.00,1001.31,30.40,-0.15,-0.11,8.37,-0.01,-0.02,-0.00,8.41
42318,0.00,1001.31,30.40,-0.05,-0.18,8.15,-0.01,-0.02,-0.00,8.41
42357,0.00,1001.30,30.40,-0.07,-0.12,8.33,-0.01,-0.02,-0.00,8.41
42395,0.00,1001.30,30.40,-0.08,-0.13,8.32,-0.01,-0.03,0.00,8.41
42446,0.00,1001.31,30.40,-0.03,-0.15,8.28,-0.01,-0.03,-0.00,8.41
42485,0.00,1001.31,30.40,-0.11,-0.14,8.29,-0.01,-0.02,-0.00,8.41
42523,0.00,1001.31,30.40,-0.06,-0.13,8.37,-0.01,-0.02,0.00,8.41
42561,0.00,1001.31,30.40,-0.11,-0.16,8.34,-0.01,-0.02,-0.00,8.41
42599,0.00,1001.32,30.40,-0.11,-0.14,8.27,-0.01,-0.02,-0.00,8.41
42650,0.00,1001.32,30.40,-0.11,-0.13,8.36,-0.01,-0.02,0.00,8.41
42689,0.00,1001.33,30.40,-0.12,-0.15,8.33,-0.01,-0.02,-0.00,8.41
42727,0.00,1001.33,30.40,-0.12,-0.12,8.23,-0.01,-0.03,0.00,8.41
42765,0.00,1001.33,30.40,-0.13,-0.14,8.28,-0.01,-0.02,-0.00,8.42
42803,0.00,1001.33,30.40,-0.11,-0.12,8.34,-0.01,-0.02,-0.00,8.42
42862,0.00,1001.32,30.40,-0.06,-0.13,8.38,-0.01,-0.03,-0.00,8.42
42901,0.00,1001.32,30.40,-0.07,-0.12,8.29,-0.01,-0.03,-0.00,8.42
42939,0.00,1001.32,30.40,-0.10,-0.10,8.35,-0.01,-0.02,0.00,8.42
42977,0.00,1001.32,30.40,-0.11,-0.11,8.32,-0.01,-0.02,-0.00,8.42
43015,0.00,1001.32,30.40,-0.11,-0.13,8.26,-0.01,-0.02,0.00,8.41
43066,0.00,1001.32,30.40,-0.06,-0.11,8.36,-0.01,-0.02,-0.00,8.41
43105,0.00,1001.32,30.39,-0.13,-0.15,8.26,-0.01,-0.02,0.00,8.41
43143,0.00,1001.32,30.39,-0.07,-0.14,8.21,-0.01,-0.02,-0.00,8.41
43181,0.00,1001.32,30.40,-0.53,-0.19,7.52,-0.00,-0.01,-0.01,8.41
43219,0.00,1001.32,30.40,0.04,-0.15,9.11,-0.04,-0.07,0.02,8.41
43270,0.00,1001.32,30.40,0.45,-0.03,7.93,-0.01,0.02,-0.05,8.41
43309,0.00,1001.31,30.40,-0.05,-0.22,8.27,-0.01,-0.02,-0.07,8.41
43357,0.00,1001.33,30.40,-0.85,-0.12,7.85,-0.02,-0.01,0.02,8.41
43396,0.00,1001.32,30.39,0.75,-0.03,8.17,-0.04,-0.00,0.01,8.41
43434,0.00,1001.32,30.39,-0.35,-0.07,9.06,-0.02,0.05,-0.02,8.41
43485,0.00,1001.32,30.39,-0.01,-0.19,8.70,0.01,-0.29,-0.00,8.41
43524,0.00,1001.33,30.39,0.14,-0.13,8.98,0.04,-0.21,-0.03,8.41
43562,0.00,1001.33,30.39,-0.16,0.00,9.68,0.11,-0.20,-0.02,8.41
43600,0.00,1001.34,30.39,-0.67,-0.37,7.66,0.22,-0.25,0.01,8.41
43638,0.00,1001.33,30.39,0.09,0.11,7.96,0.14,-0.18,0.02,8.41
43689,0.00,1001.33,30.39,0.09,-0.09,6.90,0.10,0.10,0.09,8.41
43727,0.00,1001.33,30.39,1.89,-0.38,6.98,0.01,0.00,0.02,8.41
43765,0.00,1001.34,30.39,-0.01,0.31,8.34,-0.04,0.18,-0.00,8.41
43803,0.00,1001.33,30.39,0.09,-0.05,8.83,-0.03,0.10,0.01,8.41
43841,0.00,1001.33,30.39,0.27,0.20,7.44,-0.06,-0.04,-0.01,8.41
43902,0.00,1001.33,30.40,0.04,-0.06,8.80,-0.05,-0.04,0.01,8.41
43941,0.00,1001.33,30.39,0.17,0.14,8.18,-0.04,-0.01,0.03,8.41
43979,0.00,1001.33,30.39,0.72,-0.23,9.60,-0.02,-0.02,0.01,8.41
44017,0.00,1001.33,30.39,0.07,0.09,8.29,0.01,0.00,-0.02,8.41
44055,0.00,1001.32,30.39,-0.17,0.04,8.23,-0.01,0.01,-0.01,8.41
44106,0.00,1001.33,30.39,0.10,-0.00,8.42,-0.00,-0.01,-0.01,8.41
44145,0.00,1001.33,30.39,-0.21,0.04,8.21,-0.01,-0.00,-0.00,8.41
44183,0.00,1001.33,30.39,-0.05,0.02,8.33,-0.01,-0.02,-0.00,8.41
44221,0.00,1001.33,30.39,0.01,0.05,8.38,-0.01,-0.03,0.00,8.41
44259,0.00,1001.32,30.39,0.07,0.06,8.35,-0.01,-0.02,0.00,8.41
44310,0.00,1001.32,30.39,0.00,0.00,8.33,-0.01,-0.02,0.00,8.41
44348,0.00,1001.33,30.39,0.10,0.10,8.37,-0.01,-0.02,0.00,8.41
44394,0.00,1001.32,30.39,0.01,0.03,8.30,-0.01,-0.02,0.00,8.41
44433,0.00,1001.32,30.39,0.06,0.04,8.23,-0.01,-0.02,-0.00,8.41
44471,0.00,1001.31,30.39,0.11,0.05,8.33,-0.01,-0.02,-0.00,8.41
44522,0.00,1001.30,30.39,0.10,0.07,8.41,-0.01,-0.03,0.00,8.41
44560,0.00,1001.31,30.39,0.04,0.07,8.40,-0.01,-0.03,-0.00,8.41
44598,0.00,1001.31,30.39,-0.00,0.03,8.35,-0.01,-0.03,0.00,8.41
44636,0.00,1001.31,30.39,0.05,0.07,8.34,-0.01,-0.02,0.00,8.41
44674,0.00,1001.32,30.39,0.09,0.02,8.34,-0.01,-0.02,-0.00,8.41
44725,0.00,1001.32,30.39,-0.08,0.07,8.32,-0.01,-0.02,-0.00,8.42
44764,0.00,1001.31,30.39,0.07,0.09,8.39,-0.01,-0.02,-0.00,8.42
44802,0.00,1001.31,30.39,0.11,0.02,8.33,-0.01,-0.02,-0.00,8.42
44840,0.00,1001.32,30.39,0.03,0.02,8.26,-0.01,-0.01,-0.00,8.42
44878,0.00,1001.32,30.39,0.09,0.10,8.39,-0.01,-0.01,-0.00,8.41
44939,0.00,1001.32,30.39,-0.06,0.06,8.24,-0.01,-0.00,-0.00,8.42
44978,0.00,1001.32,30.39,0.02,0.04,8.35,-0.01,-0.00,-0.00,8.42
45016,0.00,1001.33,30.39,0.02,0.06,8.43,-0.01,0.01,-0.01,8.42
45054,0.00,1001.33,30.38,-0.02,0.07,8.42,-0.01,-0.00,-0.00,8.42
45092,0.00,1001.33,30.39,0.02,-0.00,8.21,-0.01,-0.01,-0.00,8.42
45143,0.00,1001.33,30.39,-0.08,0.05,8.33,-0.01,-0.00,-0.01,8.42
45182,0.00,1001.33,30.39,0.00,0.03,8.35,-0.01,0.01,-0.01,8.42
45220,0.00,1001.33,30.39,0.06,0.01,8.39,-0.01,0.02,-0.01,8.42
45258,0.00,1001.34,30.39,-0.14,0.05,8.30,-0.00,0.02,-0.01,8.42
45296,0.00,1001.33,30.39,-0.14,0.08,8.25,0.00,0.01,-0.01,8.41
45347,0.00,1001.33,30.39,-0.13,0.06,8.39,-0.01,-0.00,-0.00,8.41
45386,0.00,1001.32,30.39,-0.02,0.05,8.28,-0.01,0.04,-0.00,8.41
45432,0.00,1001.32,30.39,-0.04,-0.02,8.35,-0.00,0.21,0.00,8.41
45471,0.00,1001.32,30.38,-0.29,0.16,8.31,-0.01,0.21,-0.00,8.41
45509,0.00,1001.32,30.39,0.23,-0.20,8.12,-0.02,0.25,0.01,8.41
45560,0.00,1001.32,30.39,-0.74,0.12,7.93,-0.01,0.22,-0.00,8.41
45598,0.00,1001.33,30.38,-0.63,0.03,8.52,-0.00,0.01,-0.01,8.41
45636,0.00,1001.33,30.38,-0.65,0.19,8.20,-0.02,0.00,-0.00,8.41
45674,0.00,1001.34,30.38,-0.51,-0.03,8.04,-0.02,-0.06,-0.00,8.41
45712,0.00,1001.33,30.39,-0.49,-0.01,8.37,-0.02,-0.05,-0.00,8.41
45763,0.00,1001.32,30.39,-0.69,-0.13,8.11,-0.01,-0.06,0.00,8.41
45802,0.00,1001.33,30.39,-0.11,0.21,8.28,-0.04,-0.06,0.01,8.41
45840,0.00,1001.33,30.39,-0.61,-0.06,8.37,-0.03,-0.02,0.01,8.41
45878,0.00,1001.33,30.39,-0.57,0.08,8.32,-0.02,-0.07,0.01,8.42
45916,0.00,1001.33,30.39,-0.45,0.00,8.05,-0.03,-0.00,0.01,8.42
45983,0.00,1001.33,30.39,-0.33,0.00,8.89,-0.02,-0.01,-0.00,8.42
46022,0.00,1001.32,30.38,-0.62,-0.37,6.74,-0.07,-0.14,0.02,8.42
46060,0.00,1001.33,30.38,-0.03,0.56,9.23,-0.02,-0.05,-0.00,8.42
46098,0.00,1001.33,30.38,-0.62,-0.17,7.10,-0.01,0.01,0.00,8.42
46136,0.00,1001.33,30.38,0.43,0.14,8.54,-0.02,0.00,0.00,8.42
46187,0.00,1001.32,30.38,-0.37,0.18,8.34,-0.01,-0.03,0.00,8.42
46226,0.00,1001.32,30.38,-0.95,0.02,8.47,-0.04,-0.06,0.01,8.42
46264,0.00,1001.33,30.38,0.02,-0.12,8.91,-0.02,-0.05,0.01,8.43
46302,0.00,1001.34,30.38,-1.38,0.32,6.33,-0.06,-0.13,0.02,8.43
46340,0.00,1001.34,30.38,0.03,0.05,9.13,-0.05,-0.12,0.03,8.43
46391,0.00,1001.32,30.38,0.73,-0.44,7.91,-0.00,0.05,-0.01,8.43
46430,0.00,1001.32,30.38,-0.48,0.00,8.21,-0.00,-0.09,-0.01,8.43
46476,0.00,1001.33,30.38,-0.20,-0.03,8.52,-0.01,-0.03,-0.01,8.43
46515,0.00,1001.33,30.38,-0.54,0.18,7.95,-0.03,-0.02,0.00,8.43
46553,0.00,1001.33,30.38,-0.39,-0.01,8.82,-0.03,-0.03,0.01,8.42
46604,0.00,1001.33,30.38,-0.47,-0.08,8.16,0.01,-0.04,-0.01,8.42
46643,0.00,1001.33,30.38,0.10,-0.50,8.45,-0.06,-0.03,0.01,8.42
46681,0.00,1001.33,30.38,0.25,0.39,9.58,-0.01,-0.02,0.00,8.43
46719,0.00,1001.33,30.38,-1.12,0.11,7.32,-0.01,-0.01,-0.00,8.42
46757,0.00,1001.32,30.38,0.01,0.02,8.80,-0.01,-0.06,0.00,8.42
46808,0.00,1001.33,30.38,-0.98,-0.31,7.79,-0.00,-0.06,-0.01,8.42
46847,0.00,1001.33,30.38,-0.63,0.28,8.65,0.02,-0.14,0.00,8.42
46885,0.00,1001.32,30.38,-0.52,0.03,8.70,-0.02,0.02,0.00,8.42
46923,0.00,1001.33,30.38,-0.23,-0.23,8.67,0.00,-0.06,-0.01,8.42
46961,0.00,1001.32,30.38,-1.82,0.20,7.19,-0.03,0.08,0.00,8.42
47022,0.00,1001.31,30.38,-0.10,-0.35,9.89,-0.02,-0.12,0.01,8.42
47061,0.00,1001.33,30.38,-0.30,0.00,7.60,0.04,-0.16,-0.03,8.42
47099,0.00,1001.33,30.38,0.06,-0.51,9.44,-0.01,0.06,-0.00,8.42
47137,0.00,1001.32,30.38,-0.32,-0.15,8.23,-0.04,0.02,0.02,8.42
47175,0.00,1001.32,30.38,-0.23,0.11,8.18,-0.01,-0.05,-0.00,8.42
47226,0.00,1001.33,30.38,-0.70,-0.09,8.13,-0.01,-0.03,-0.01,8.42
47265,0.00,1001.32,30.38,-0.07,0.00,7.80,-0.01,-0.03,0.00,8.42
47303,0.00,1001.33,30.38,-1.73,0.20,8.15,-0.05,-0.04,0.02,8.42
47341,0.00,1001.33,30.38,0.30,-0.06,10.79,-0.04,-0.00,0.01,8.42
47379,0.00,1001.32,30.38,1.79,-0.57,7.19,0.03,0.00,-0.02,8.42
47430,0.00,1001.32,30.38,0.01,-0.48,10.73,-0.01,-0.04,0.00,8.42
47469,0.00,1001.32,30.38,-0.18,-0.24,8.63,-0.01,-0.02,0.00,8.42
47528,0.00,1001.31,30.38,-0.45,0.14,7.65,-0.00,-0.01,0.00,8.42
47567,0.00,1001.33,30.38,-0.60,-0.03,9.13,-0.01,-0.07,0.01,8.42
47605,0.00,1001.33,30.37,-0.27,0.04,8.26,-0.00,0.03,-0.00,8.42
47656,0.00,1001.33,30.37,-1.15,-0.18,8.51,-0.05,0.05,0.01,8.42
47695,0.00,1001.33,30.37,0.01,-0.05,8.39,0.01,-0.02,0.00,8.42
47733,0.00,1001.32,30.37,-0.79,-0.28,7.93,-0.04,0.03,0.01,8.42
47771,0.00,1001.32,30.37,0.52,-0.53,9.92,0.00,-0.07,-0.00,8.42
47809,0.00,1001.33,30.38,-0.08,-0.19,8.69,-0.00,-0.04,-0.00,8.42
47860,0.00,1001.34,30.38,-1.78,-0.30,7.69,0.00,-0.11,-0.00,8.42
47899,0.00,1001.34,30.38,-1.19,-0.81,9.83,-0.06,0.12,0.03,8.42
47937,0.00,1001.33,30.38,-0.45,0.13,7.92,0.01,-0.11,-0.01,8.42
47975,0.00,1001.33,30.38,-1.17,0.44,6.30,-0.06,0.06,0.01,8.42
48022,0.00,1001.33,30.38,-1.17,-1.00,7.51,-0.05,-0.01,0.01,8.42
48074,0.00,1001.33,30.38,0.45,0.12,8.79,-0.01,0.08,0.00,8.42
48112,0.00,1001.33,30.38,-0.53,-0.25,8.20,-0.03,0.16,0.00,8.42
48150,0.00,1001.33,30.37,-0.27,-0.01,8.65,-0.02,-0.09,0.00,8.41
48188,0.00,1001.33,30.37,0.81,-0.58,8.33,-0.01,0.11,-0.01,8.42
48226,0.00,1001.33,30.38,-1.21,0.15,8.26,-0.05,0.02,0.01,8.42
48277,0.00,1001.34,30.38,-0.88,-0.06,8.05,0.01,0.07,-0.02,8.42
48315,0.00,1001.35,30.38,-0.09,-0.14,8.41,-0.03,-0.22,-0.00,8.42
48353,0.00,1001.35,30.38,-1.66,-0.57,10.76,0.04,-0.14,0.00,8.42
48391,0.00,1001.35,30.38,-0.00,-0.20,7.12,-0.01,-0.01,-0.01,8.42
48429,0.00,1001.34,30.38,0.67,-0.20,6.17,-0.03,-0.01,-0.01,8.42
48480,0.00,1001.34,30.38,-2.70,0.27,7.33,-0.02,0.29,-0.03,8.42
48528,0.00,1001.34,30.38,-0.58,-0.30,10.32,-0.06,-0.01,0.03,8.41
48567,0.00,1001.34,30.38,-0.06,-0.27,8.58,-0.02,-0.21,0.01,8.41
48605,0.00,1001.34,30.37,-0.79,0.46,8.51,0.00,0.10,-0.01,8.41
48643,0.00,1001.34,30.37,-0.49,-0.62,7.58,-0.03,0.18,-0.00,8.41
48694,0.00,1001.33,30.38,0.29,-0.37,10.28,-0.05,0.15,-0.00,8.41
48733,0.00,1001.33,30.38,-1.31,-0.36,6.66,0.01,-0.06,-0.01,8.41
48771,0.00,1001.34,30.37,-0.22,-0.55,8.56,0.05,-0.30,-0.01,8.41
48809,0.00,1001.33,30.37,-0.15,0.06,9.11,0.01,0.01,0.00,8.41
48847,0.00,1001.33,30.38,-3.50,-0.36,7.02,0.03,-0.19,-0.00,8.41
48898,0.00,1001.33,30.38,-0.98,-0.22,8.03,0.01,-0.03,-0.01,8.41
48937,0.00,1001.33,30.38,-1.50,-0.46,7.71,-0.06,0.10,0.01,8.41
48975,0.00,1001.32,30.38,-1.53,-0.55,7.42,-0.03,-0.19,0.02,8.41
49013,0.00,1001.32,30.38,-0.34,-0.10,9.12,-0.04,0.27,0.01,8.41
49059,0.00,1001.33,30.38,-0.41,-0.12,6.44,-0.01,-0.06,-0.02,8.41
49111,0.00,1001.33,30.38,1.09,1.02,9.54,-0.05,-0.10,-0.00,8.41
49149,0.00,1001.33,30.37,-0.65,0.17,9.26,-0.00,-0.00,-0.00,8.41
49187,0.00,1001.32,30.37,-0.67,-0.20,8.24,0.03,-0.28,-0.01,8.41
49225,0.00,1001.33,30.37,-0.73,-0.35,7.82,0.04,-0.11,-0.02,8.41
49263,0.00,1001.33,30.37,0.06,-0.01,8.69,-0.03,0.11,0.01,8.41
49314,0.00,1001.32,30.38,-0.83,-0.09,8.66,-0.03,0.07,0.00,8.41
49352,0.00,1001.34,30.38,0.23,0.20,7.39,-0.05,-0.02,0.01,8.42
49390,0.00,1001.33,30.37,-0.57,0.07,7.56,-0.02,0.00,0.00,8.42
49428,0.00,1001.34,30.37,-0.11,-0.48,4.32,-0.12,0.15,0.01,8.42
49466,0.00,1001.34,30.38,1.01,-0.56,10.75,-0.09,0.44,0.05,8.42
49517,0.00,1001.33,30.38,-1.36,-0.49,8.04,0.01,0.09,-0.01,8.42
49565,0.00,1001.34,30.38,0.11,0.40,8.41,0.03,-0.32,-0.02,8.42
49604,0.00,1001.33,30.37,-1.91,-0.28,7.97,0.03,0.00,-0.02,8.42
49642,0.00,1001.33,30.37,-0.61,-0.23,7.57,0.02,-0.04,-0.04,8.42
49680,0.00,1001.33,30.37,1.43,0.31,7.19,-0.10,0.08,0.00,8.41
49731,0.00,1001.33,30.37,-0.79,-0.25,7.58,-0.01,-0.15,-0.01,8.42
49770,0.00,1001.33,30.37,-0.56,-0.16,8.97,0.01,0.09,-0.02,8.42
49808,0.00,1001.32,30.37,-1.16,-0.45,8.15,0.01,0.05,-0.01,8.41
49846,0.00,1001.33,30.37,-1.50,0.02,9.07,-0.04,-0.10,0.02,8.41
49884,0.00,1001.33,30.37,2.21,-0.01,8.48,-0.05,0.71,-0.05,8.41
49935,0.00,1001.33,30.38,-0.11,-0.91,9.31,-0.01,-0.05,-0.00,8.41
49974,0.00,1001.33,30.37,-1.36,-0.09,7.95,0.00,-0.01,0.00,8.41
50012,0.00,1001.33,30.37,-0.04,-0.05,8.54,0.00,-0.14,-0.02,8.41
50050,0.00,1001.33,30.37,-0.40,-0.03,7.99,-0.04,-0.26,-0.00,8.42
50096,0.00,1001.32,30.37,-1.32,0.00,8.52,-0.02,-0.07,0.01,8.41
50148,0.00,1001.32,30.37,-0.86,-0.31,7.80,0.04,-0.18,-0.02,8.42
50187,0.00,1001.32,30.37,-0.62,-0.39,7.35,-0.01,0.01,-0.01,8.42
50225,0.00,1001.33,30.37,-1.91,-0.30,8.42,-0.09,0.03,0.02,8.42
50263,0.00,1001.33,30.37,-0.25,0.07,10.07,-0.03,-0.10,0.01,8.42
50301,0.00,1001.33,30.37,-0.30,-0.06,7.82,0.01,-0.11,-0.01,8.42
50352,0.00,1001.32,30.37,-0.88,-0.57,8.23,-0.02,0.07,0.00,8.42
50390,0.00,1001.33,30.37,0.56,0.34,10.60,-0.06,0.20,-0.01,8.42
50428,0.00,1001.32,30.37,-1.21,-0.29,8.67,0.04,-0.18,-0.02,8.42
50466,0.00,1001.31,30.37,-1.31,-0.27,8.21,0.04,-0.12,-0.01,8.42
50504,0.00,1001.32,30.37,-0.92,-0.34,8.71,-0.05,0.05,0.02,8.42
50555,0.00,1001.32,30.37,0.88,-0.59,7.61,0.01,-0.03,0.00,8.42
50603,0.00,1001.31,30.37,-0.21,1.07,6.03,-0.08,0.10,0.02,8.42
50642,0.00,1001.31,30.37,-0.31,-0.27,10.49,-0.03,-0.04,0.01,8.42
50680,0.00,1001.31,30.37,1.06,-0.01,7.89,0.00,-0.05,-0.00,8.42
50718,0.00,1001.32,30.37,-0.60,-0.69,10.62,0.02,-0.03,-0.00,8.42
50769,0.00,1001.32,30.37,-1.78,-0.11,5.07,-0.08,0.14,0.00,8.42
50808,0.00,1001.32,30.37,-0.59,-0.27,7.72,0.00,-0.08,-0.01,8.42
50846,0.00,1001.32,30.37,-0.91,-0.27,8.14,-0.02,0.06,-0.01,8.42
50884,0.00,1001.32,30.37,-0.95,-0.38,8.91,0.01,-0.13,-0.00,8.42
50922,0.00,1001.33,30.37,-0.90,0.50,6.48,0.00,-0.29,-0.02,8.41
50973,0.00,1001.33,30.37,-1.51,-0.31,9.11,-0.02,-0.07,-0.00,8.42
51012,0.00,1001.33,30.37,-0.11,-0.14,8.38,0.01,-0.05,-0.01,8.42
51050,0.00,1001.32,30.37,-1.09,-0.25,7.19,-0.03,0.13,-0.00,8.41
51088,0.00,1001.33,30.37,-1.61,0.14,9.14,-0.08,0.03,0.02,8.41
51134,0.00,1001.32,30.37,-0.88,-0.01,7.59,0.01,-0.01,-0.02,8.41
51186,0.00,1001.32,30.37,-0.75,-0.26,9.43,-0.03,0.06,0.00,8.42
51224,0.00,1001.32,30.37,-0.39,0.06,8.09,0.00,-0.08,-0.01,8.42
51262,0.00,1001.32,30.37,-1.01,-0.14,8.26,-0.04,0.21,0.01,8.41
51300,0.00,1001.33,30.37,-0.85,-0.28,8.26,0.00,-0.11,-0.01,8.41
51338,0.00,1001.33,30.37,-0.71,-0.17,7.76,0.01,-0.06,-0.01,8.41
51389,0.00,1001.33,30.37,-0.37,-0.09,7.51,0.02,-0.25,-0.03,8.41
51428,0.00,1001.33,30.37,-0.21,-0.15,9.25,-0.00,-0.07,0.01,8.41
51466,0.00,1001.33,30.37,-0.56,-0.12,8.64,0.00,-0.03,-0.00,8.41
51504,0.00,1001.34,30.37,-2.69,0.12,7.15,-0.05,0.07,0.01,8.41
51542,0.00,1001.34,30.37,-0.94,-0.38,10.05,-0.02,-0.06,-0.00,8.41
51593,0.00,1001.33,30.37,-0.45,-0.14,8.22,-0.03,0.23,0.00,8.41
51641,0.00,1001.33,30.37,-0.86,-0.18,8.18,-0.01,-0.02,-0.01,8.41
51680,0.00,1001.33,30.37,-0.86,-0.00,9.26,-0.04,0.06,0.02,8.41
51718,0.00,1001.33,30.37,-1.01,-0.15,7.97,0.01,-0.03,-0.01,8.41
51756,0.00,1001.33,30.37,-0.92,-0.37,8.24,-0.01,-0.11,-0.00,8.41
51808,0.00,1001.32,30.37,-0.80,0.16,8.65,0.02,-0.14,-0.01,8.41
51846,0.00,1001.33,30.37,-0.94,0.04,6.97,-0.05,0.16,-0.00,8.41
51884,0.00,1001.33,30.36,-0.56,-0.19,9.01,0.02,-0.12,-0.01,8.41
51922,0.00,1001.34,30.37,-0.50,-0.22,8.06,0.01,-0.04,-0.01,8.41
51960,0.00,1001.33,30.37,-2.28,-0.46,6.93,-0.02,0.01,-0.00,8.42
52011,0.00,1001.34,30.37,-0.44,-0.12,8.99,-0.01,-0.05,-0.01,8.41
52050,0.00,1001.33,30.37,-1.07,-0.28,8.29,-0.03,0.07,0.01,8.42
52088,0.00,1001.33,30.37,-0.89,-0.28,8.31,-0.01,-0.05,-0.00,8.42
52126,0.00,1001.34,30.37,-1.06,0.00,7.24,-0.02,0.04,-0.00,8.42
52174,0.00,1001.33,30.37,-0.91,-0.38,8.71,0.00,-0.08,-0.00,8.42
52226,0.00,1001.33,30.37,-1.05,-0.25,8.14,-0.01,0.00,0.00,8.42
52265,0.00,1001.33,30.37,-1.01,-0.22,8.25,-0.00,-0.08,0.00,8.42
52303,0.00,1001.33,30.37,0.30,0.05,7.83,-0.01,-0.19,-0.01,8.42
52341,0.00,1001.33,30.37,-1.21,-0.08,8.32,-0.01,-0.10,-0.01,8.42
52379,0.00,1001.34,30.37,-0.27,-0.05,8.17,-0.02,-0.02,0.00,8.42
52430,0.00,1001.34,30.37,-0.78,-0.28,8.44,-0.00,-0.02,-0.00,8.41
52469,0.00,1001.34,30.37,-0.91,-0.20,8.17,-0.01,0.01,-0.01,8.42
52507,0.00,1001.34,30.37,-0.88,-0.26,7.52,-0.03,-0.07,0.00,8.41
52545,0.00,1001.34,30.37,-0.29,-0.33,8.00,-0.04,0.06,0.00,8.41
52583,0.00,1001.33,30.37,0.63,-0.31,9.05,-0.02,0.04,-0.01,8.41
52634,0.00,1001.33,30.37,-0.78,-0.20,7.98,-0.03,0.16,0.00,8.41
52680,0.00,1001.33,30.37,-0.07,-0.35,9.37,-0.03,0.02,-0.01,8.41
52719,0.00,1001.32,30.37,-0.97,-0.26,8.27,-0.01,-0.11,-0.00,8.41
52757,0.00,1001.32,30.36,-0.69,-0.16,8.02,-0.01,-0.01,-0.00,8.41
52795,0.00,1001.32,30.37,-1.03,-0.20,8.15,-0.02,0.07,-0.00,8.41
52846,0.00,1001.33,30.37,-0.82,-0.16,8.16,-0.01,-0.02,-0.00,8.41
52885,0.00,1001.34,30.37,-0.98,-0.21,8.21,-0.02,0.04,-0.01,8.41
52923,0.00,1001.33,30.36,-0.76,-0.13,8.07,-0.01,0.06,-0.01,8.41
52961,0.00,1001.33,30.37,-1.40,-0.24,8.42,-0.03,0.08,0.00,8.41
52999,0.00,1001.33,30.37,-1.00,-0.34,8.20,-0.00,-0.08,-0.01,8.41
53050,0.00,1001.34,30.37,-1.36,-0.42,8.17,-0.01,-0.06,-0.00,8.41
53089,0.00,1001.34,30.37,-0.83,-0.11,7.91,-0.02,-0.09,0.00,8.41
53127,0.00,1001.34,30.37,-0.63,-0.38,8.26,0.02,-0.12,-0.00,8.41
53165,0.00,1001.34,30.37,-0.86,-0.35,8.83,0.02,-0.11,-0.00,8.41
53213,0.00,1001.34,30.37,-1.42,-0.23,8.25,-0.02,-0.01,0.00,8.41
53265,0.00,1001.34,30.37,-0.80,-0.26,8.55,0.00,-0.04,-0.00,8.41
53304,0.00,1001.34,30.36,0.37,0.15,7.61,0.01,-0.03,-0.02,8.41
53342,0.00,1001.35,30.36,-0.99,-0.36,6.78,-0.04,-0.07,0.00,8.41
53380,0.00,1001.34,30.36,-0.24,-0.04,10.15,-0.02,-0.02,0.01,8.40
53418,0.00,1001.34,30.36,-1.00,-0.23,7.58,-0.03,-0.04,0.00,8.40
53469,0.00,1001.34,30.37,-0.87,-0.18,8.22,-0.02,0.03,-0.00,8.40
53508,0.00,1001.35,30.36,-0.11,-0.23,8.16,-0.02,0.11,-0.00,8.40
53546,0.00,1001.34,30.36,-1.00,-0.57,8.31,0.00,-0.04,-0.01,8.40
53584,0.00,1001.34,30.37,-1.22,0.02,9.98,0.00,-0.20,0.00,8.40
53622,0.00,1001.35,30.37,-0.37,-0.01,9.48,-0.00,-0.05,-0.00,8.40
53673,0.00,1001.35,30.37,-0.87,0.43,9.79,-0.06,0.04,-0.01,8.40
53719,0.00,1001.34,30.37,-0.77,-0.22,8.48,-0.00,-0.03,0.00,8.41
53758,0.00,1001.33,30.36,-0.77,-0.20,7.16,-0.02,0.01,0.00,8.41
53796,0.00,1001.33,30.36,-0.48,-0.55,9.91,-0.02,-0.02,0.01,8.41
53834,0.00,1001.33,30.36,-0.78,0.16,8.04,-0.02,0.09,0.00,8.41
53885,0.00,1001.33,30.37,-1.38,0.02,8.32,-0.01,-0.07,-0.00,8.41
53924,0.00,1001.34,30.36,-1.13,-0.45,8.19,-0.01,0.08,0.00,8.41
53962,0.00,1001.34,30.36,-0.91,-0.15,8.05,0.01,-0.21,-0.01,8.41
54000,0.00,1001.34,30.36,-0.69,-0.32,7.80,0.03,-0.09,-0.01,8.41
54038,0.00,1001.33,30.36,-0.24,-0.02,8.06,0.01,-0.13,-0.02,8.41
54089,0.00,1001.33,30.37,-0.65,-0.14,8.63,-0.02,-0.04,0.00,8.41
54128,0.00,1001.33,30.36,-1.17,-0.04,8.73,0.01,0.10,-0.03,8.41
54166,0.00,1001.34,30.36,-1.00,-0.24,7.77,-0.07,0.03,0.01,8.41
54204,0.00,1001.33,30.36,-0.29,-0.14,9.20,-0.02,-0.10,0.00,8.41
54252,0.00,1001.32,30.37,-0.29,-0.13,7.74,-0.01,-0.00,-0.01,8.41
54304,0.00,1001.32,30.37,-0.95,-0.35,8.45,-0.00,-0.03,-0.01,8.41
54343,0.00,1001.33,30.36,-0.72,-0.36,8.24,-0.01,0.00,-0.00,8.41
54381,0.00,1001.33,30.36,-0.89,-0.38,8.71,-0.02,-0.05,-0.00,8.41
54419,0.00,1001.33,30.36,-0.87,-0.26,8.35,0.01,-0.07,-0.01,8.41
54457,0.00,1001.33,30.36,-0.59,-0.28,6.71,-0.00,-0.04,-0.01,8.41
54508,0.00,1001.32,30.36,-0.36,-0.36,7.66,0.01,-0.18,-0.01,8.41
54547,0.00,1001.32,30.36,1.78,-0.66,6.76,-0.00,-0.27,-0.01,8.42
54585,0.00,1001.32,30.36,-1.49,-0.16,8.34,-0.01,-0.07,0.00,8.41
54623,0.00,1001.32,30.36,-0.10,0.43,8.94,-0.03,0.05,-0.01,8.42
54661,0.00,1001.32,30.36,0.19,-0.28,7.08,-0.05,0.17,-0.00,8.42
54712,0.00,1001.32,30.37,-1.06,-0.51,8.81,-0.01,-0.05,-0.01,8.42
54764,0.00,1001.33,30.36,-1.41,-0.37,7.47,-0.04,0.03,-0.01,8.42
54803,0.00,1001.33,30.36,-0.96,-0.30,7.87,-0.01,0.00,0.00,8.42
54841,0.00,1001.34,30.36,-0.96,-0.13,8.17,-0.02,0.04,0.01,8.42
54879,0.00,1001.34,30.36,-1.31,-0.23,8.46,-0.03,0.13,0.01,8.42
54930,0.00,1001.34,30.36,-0.33,-0.24,7.94,-0.02,0.13,-0.01,8.42
54969,0.00,1001.34,30.36,-1.69,-0.34,8.61,-0.02,0.04,-0.00,8.41
55007,0.00,1001.34,30.36,-1.30,-0.48,7.95,0.02,-0.44,-0.01,8.41
55045,0.00,1001.33,30.36,-1.01,-0.11,8.86,0.02,-0.16,-0.00,8.41
55083,0.00,1001.33,30.36,-0.43,-0.32,6.41,0.01,-0.09,-0.01,8.42
55134,0.00,1001.33,30.36,-1.60,-0.12,8.52,0.00,-0.11,-0.00,8.41
55173,0.00,1001.33,30.36,-0.25,0.01,6.97,-0.01,0.08,-0.01,8.42
55211,0.00,1001.33,30.36,-0.50,-0.32,8.22,-0.06,0.13,0.02,8.42
55249,0.00,1001.33,30.36,-0.37,-0.11,8.42,-0.02,-0.14,0.01,8.42
55297,0.00,1001.33,30.36,-1.02,-0.45,8.26,-0.02,0.05,0.00,8.42
55349,0.00,1001.33,30.36,-0.96,-0.35,8.52,-0.03,0.26,0.01,8.41
55388,0.00,1001.33,30.36,-1.19,0.21,7.72,-0.02,0.00,-0.00,8.41
55426,0.00,1001.33,30.36,-1.35,-0.48,8.47,-0.02,-0.09,0.00,8.41
55464,0.00,1001.33,30.36,-0.80,-0.26,8.07,-0.00,-0.18,-0.01,8.41
55502,0.00,1001.33,30.36,-1.05,-0.28,8.24,-0.01,0.06,-0.00,8.41
55553,0.00,1001.33,30.36,-1.17,-0.09,7.98,-0.00,0.09,-0.00,8.41
55592,0.00,1001.33,30.36,-1.02,-0.14,8.29,-0.04,-0.05,-0.01,8.41
55630,0.00,1001.34,30.36,-0.66,-0.64,8.29,-0.00,-0.20,-0.01,8.41
55668,0.00,1001.34,30.36,-0.96,-0.16,8.48,-0.01,-0.01,-0.01,8.41
55706,0.00,1001.33,30.36,-0.95,-0.47,9.09,0.03,-0.19,-0.01,8.41
55757,0.00,1001.33,30.36,-0.64,-0.48,5.75,0.07,-0.62,-0.04,8.40
55805,0.00,1001.32,30.36,-0.71,-0.63,8.67,-0.01,0.04,0.00,8.41
55844,0.00,1001.32,30.36,-0.75,-0.08,8.00,-0.00,0.00,-0.01,8.41
55882,0.00,1001.33,30.36,-0.55,-0.24,8.27,-0.00,-0.03,-0.00,8.41
55920,0.00,1001.33,30.36,-0.64,-0.19,8.32,-0.00,-0.03,0.00,8.41
55971,0.00,1001.33,30.36,-0.59,-0.22,8.22,-0.01,-0.03,0.00,8.41
56010,0.00,1001.33,30.36,-0.57,-0.19,8.29,-0.01,-0.02,-0.00,8.41
56048,0.00,1001.33,30.36,-0.68,-0.20,8.29,-0.01,-0.03,0.00,8.41
56086,0.00,1001.33,30.36,-0.59,-0.24,8.36,-0.01,-0.03,0.00,8.41
56124,0.00,1001.33,30.36,-0.55,-0.16,8.19,-0.01,-0.03,-0.00,8.41
56175,0.00,1001.32,30.36,-0.57,-0.22,8.18,-0.01,-0.03,0.00,8.42
56214,0.00,1001.33,30.36,-0.62,-0.25,8.30,-0.01,-0.02,-0.00,8.42
56252,0.00,1001.32,30.36,-0.60,-0.20,8.13,-0.01,-0.03,0.00,8.42
56290,0.00,1001.32,30.36,-0.52,-0.19,8.33,-0.01,-0.03,0.00,8.42
56336,0.00,1001.32,30.36,-0.57,-0.22,8.28,-0.01,-0.03,-0.00,8.42
56388,0.00,1001.32,30.36,-0.57,-0.24,8.25,-0.01,-0.03,0.00,8.42
56427,0.00,1001.33,30.36,-0.58,-0.20,8.24,-0.01,-0.03,0.00,8.41
56465,0.00,1001.32,30.36,-0.57,-0.24,8.19,-0.01,-0.03,-0.00,8.42
56503,0.00,1001.32,30.36,-0.51,-0.19,8.26,-0.01,-0.02,-0.00,8.41
56541,0.00,1001.32,30.36,-0.55,-0.21,8.15,-0.01,-0.03,0.00,8.41
56592,0.00,1001.32,30.36,-0.55,-0.21,8.21,-0.01,-0.02,-0.00,8.41
56631,0.00,1001.32,30.36,-0.61,-0.23,8.32,-0.01,-0.01,-0.00,8.42
56669,0.00,1001.33,30.36,-0.60,-0.22,8.30,-0.00,-0.01,0.00,8.42
56707,0.00,1001.33,30.36,-0.64,-0.22,8.29,-0.01,-0.01,0.01,8.41
56745,0.00,1001.33,30.36,-0.70,-0.23,8.45,0.00,-0.01,0.01,8.42
56796,0.00,1001.33,30.36,-0.45,-0.17,8.22,-0.01,-0.03,0.01,8.42
56844,0.00,1001.32,30.36,-0.71,-0.20,7.98,-0.01,-0.03,-0.01,8.42
56883,0.00,1001.31,30.36,-0.64,-0.15,8.30,-0.01,-0.02,-0.00,8.42
56921,0.00,1001.31,30.36,-0.56,-0.20,8.23,-0.01,-0.03,-0.00,8.42
56959,0.00,1001.32,30.36,-0.55,-0.17,8.30,-0.02,-0.04,-0.01,8.42
57011,0.00,1001.32,30.36,-0.57,-0.15,8.34,-0.02,-0.04,0.00,8.42
57050,0.00,1001.32,30.36,-0.52,-0.24,8.36,-0.01,-0.03,-0.00,8.42
57088,0.00,1001.32,30.36,-0.56,-0.19,8.28,-0.01,-0.03,-0.00,8.41
57126,0.00,1001.32,30.36,-0.56,-0.22,8.31,-0.01,-0.03,-0.00,8.41
57164,0.00,1001.32,30.36,-0.55,-0.27,8.23,-0.01,-0.03,0.00,8.41
57215,0.00,1001.32,30.36,-0.57,-0.21,8.22,-0.01,-0.02,-0.00,8.42
57254,0.00,1001.31,30.36,-0.55,-0.18,8.32,-0.01,-0.02,0.00,8.41
57292,0.00,1001.31,30.36,-0.56,-0.23,8.28,-0.01,-0.02,-0.00,8.42
57330,0.00,1001.32,30.36,-0.57,-0.22,8.34,-0.01,-0.02,-0.00,8.42
57378,0.00,1001.32,30.36,-0.54,-0.23,8.25,-0.01,-0.03,-0.00,8.42
57430,0.00,1001.32,30.36,-0.58,-0.19,8.36,-0.01,-0.02,-0.00,8.42
57469,0.00,1001.33,30.36,-0.55,-0.21,8.25,-0.01,-0.02,-0.00,8.42
57507,0.00,1001.33,30.36,-0.54,-0.16,8.30,-0.01,-0.02,-0.00,8.42
57545,0.00,1001.33,30.36,-0.61,-0.21,8.20,-0.01,-0.02,-0.00,8.42
57583,0.00,1001.32,30.36,-0.57,-0.18,8.32,-0.01,-0.02,0.00,8.41
57634,0.00,1001.31,30.36,-0.55,-0.16,8.33,-0.01,-0.02,-0.00,8.41
57673,0.00,1001.32,30.36,-0.56,-0.20,8.19,-0.01,-0.02,-0.00,8.41
57711,0.00,1001.31,30.36,-0.57,-0.18,8.25,-0.01,-0.02,-0.00,8.41
57749,0.00,1001.33,30.36,-0.57,-0.18,8.30,-0.01,-0.02,-0.00,8.41
57787,0.00,1001.32,30.36,-0.63,-0.17,8.20,-0.01,-0.02,-0.00,8.41
57838,0.00,1001.32,30.36,-0.55,-0.26,8.20,-0.01,-0.02,-0.00,8.41
57884,0.00,1001.32,30.36,-0.56,-0.20,8.25,-0.01,-0.03,-0.00,8.41
57923,0.00,1001.32,30.36,-0.55,-0.20,8.22,-0.01,-0.02,0.00,8.41
57961,0.00,1001.32,30.36,-0.59,-0.21,8.30,-0.01,-0.02,-0.00,8.41
57999,0.00,1001.31,30.36,-0.56,-0.17,8.21,-0.01,-0.02,-0.00,8.41
58051,0.00,1001.30,30.36,-0.55,-0.20,8.22,-0.01,-0.03,0.00,8.41
58090,0.00,1001.30,30.36,-0.59,-0.21,8.26,-0.01,-0.02,-0.00,8.41
58128,0.00,1001.31,30.36,-0.56,-0.19,8.36,-0.01,-0.02,0.00,8.42
58166,0.00,1001.31,30.36,-0.56,-0.19,8.27,-0.01,-0.02,-0.00,8.41
58204,0.00,1001.32,30.36,-0.57,-0.23,8.24,-0.01,-0.02,0.00,8.42
58255,0.00,1001.33,30.36,-0.53,-0.15,8.24,-0.01,-0.02,-0.00,8.41
58294,0.00,1001.32,30.36,-0.57,-0.24,8.25,-0.01,-0.02,-0.00,8.42
58332,0.00,1001.32,30.36,-0.57,-0.20,8.23,-0.01,-0.03,0.00,8.42
58370,0.00,1001.33,30.36,-0.58,-0.24,8.26,-0.01,-0.02,-0.00,8.42
58418,0.00,1001.33,30.36,-0.55,-0.20,8.32,-0.01,-0.02,-0.00,8.42
58470,0.00,1001.33,30.36,-0.58,-0.24,8.26,-0.01,-0.02,-0.00,8.42
58509,0.00,1001.33,30.36,-0.57,-0.19,8.33,-0.01,-0.02,-0.00,8.42
58547,0.00,1001.34,30.36,-0.52,-0.24,8.21,-0.01,-0.02,-0.00,8.42
58585,0.00,1001.33,30.36,-0.50,-0.19,8.29,-0.01,-0.02,-0.00,8.42
58623,0.00,1001.33,30.36,-0.54,-0.18,8.30,-0.01,-0.02,-0.00,8.42
58674,0.00,1001.33,30.36,-0.56,-0.16,8.26,-0.01,-0.02,-0.00,8.42
58713,0.00,1001.33,30.36,-0.57,-0.21,8.30,-0.01,-0.02,-0.00,8.42
58751,0.00,1001.33,30.36,-0.56,-0.17,8.27,-0.02,-0.02,-0.00,8.42
58789,0.00,1001.33,30.36,-0.52,-0.19,8.23,-0.01,-0.02,-0.00,8.42
58827,0.00,1001.33,30.36,-0.54,-0.22,8.30,-0.01,-0.03,0.00,8.42
58878,0.00,1001.32,30.36,-0.48,-0.20,8.19,-0.01,-0.03,-0.00,8.42
58924,0.00,1001.31,30.36,-0.61,-0.23,8.29,-0.01,-0.02,-0.00,8.41
58963,0.00,1001.32,30.36,-0.57,-0.21,8.19,-0.01,-0.02,-0.00,8.41
59001,0.00,1001.32,30.36,-0.46,-0.23,8.44,-0.01,-0.01,-0.01,8.41
59039,0.00,1001.32,30.36,-0.00,-0.13,7.92,-0.02,0.00,-0.03,8.41
59090,0.00,1001.32,30.36,-0.71,-0.22,7.84,-0.01,-0.08,0.01,8.41
59129,0.00,1001.33,30.36,-0.51,-0.24,8.25,-0.01,-0.01,-0.00,8.41
59167,0.00,1001.32,30.36,-0.51,-0.15,8.19,-0.01,-0.02,-0.01,8.41
59205,0.00,1001.32,30.36,-0.55,-0.12,7.83,-0.00,-0.02,-0.03,8.41
59243,0.00,1001.32,30.36,-1.21,-0.20,8.65,0.01,-0.00,-0.01,8.41
59294,0.00,1001.32,30.36,-0.39,0.17,9.08,0.05,-0.23,-0.01,8.41
59332,0.00,1001.31,30.36,-0.91,-0.29,7.95,0.10,-0.30,-0.02,8.41
59370,0.00,1001.32,30.36,-0.36,0.37,8.95,0.11,-0.32,-0.00,8.42
59408,0.00,1001.32,30.36,-0.06,1.34,8.53,0.13,-0.30,0.04,8.42
59456,0.00,1001.32,30.36,0.21,1.24,8.31,0.12,-0.18,0.01,8.42
59508,0.00,1001.32,30.36,-0.60,0.72,7.69,0.07,0.36,-0.03,8.42
59546,0.00,1001.32,30.36,0.17,0.26,7.47,-0.05,0.34,-0.04,8.42
59584,0.00,1001.32,30.36,-0.28,1.11,8.15,-0.11,0.37,0.01,8.42
59622,0.00,1001.33,30.36,0.14,-0.58,7.58,-0.09,0.27,0.01,8.42
59660,0.00,1001.33,30.36,-0.83,-1.00,7.45,-0.04,0.37,-0.06,8.42
59711,0.00,1001.32,30.36,-1.05,-0.91,7.84,-0.01,-0.22,-0.16,8.42
59750,0.00,1001.32,30.36,-1.18,-1.30,6.92,-0.07,-0.31,-0.15,8.42
59788,0.00,1001.33,30.36,-1.35,-1.97,7.74,-0.18,-0.14,-0.04,8.42
59826,0.00,1001.33,30.36,-1.00,-0.80,10.30,-0.13,0.14,0.03,8.42
59864,0.00,1001.32,30.36,-0.44,-0.45,9.46,-0.05,-0.01,0.01,8.42
59915,0.00,1001.32,30.36,-1.34,-0.13,7.87,0.01,-0.26,-0.00,8.42
59961,0.00,1001.33,30.36,-0.55,0.07,8.68,-0.03,-0.12,0.01,8.41
60000,0.00,1001.33,30.36,-0.38,-0.18,8.00,-0.04,-0.06,0.02,8.41
60038,0.00,1001.33,30.36,-0.29,-0.21,8.51,-0.02,-0.10,0.01,8.41
60076,0.00,1001.33,30.36,-0.30,-0.13,8.23,-0.01,-0.02,-0.01,8.42
60128,0.00,1001.33,30.36,-0.42,-0.18,8.34,-0.01,-0.03,0.00,8.42
60167,0.00,1001.32,30.36,-0.47,-0.22,8.33,-0.01,-0.02,-0.00,8.42
60205,0.00,1001.32,30.36,-0.37,-0.19,8.22,-0.01,-0.03,0.00,8.42
60243,0.00,1001.32,30.36,-0.39,-0.24,8.33,-0.01,-0.03,-0.00,8.42
60281,0.00,1001.32,30.36,-0.48,-0.17,8.28,-0.01,-0.03,-0.00,8.41
60332,0.00,1001.32,30.36,-0.46,-0.12,8.25,-0.01,-0.02,-0.00,8.41
60371,0.00,1001.32,30.36,-0.44,-0.20,8.26,-0.01,-0.03,-0.00,8.41
60409,0.00,1001.33,30.36,-0.42,-0.20,8.27,-0.01,-0.03,-0.00,8.41
60447,0.00,1001.33,30.36,-0.43,-0.17,8.22,-0.01,-0.02,-0.01,8.41
60495,0.00,1001.32,30.36,-0.45,-0.24,8.27,-0.01,-0.03,-0.00,8.41
60547,0.00,1001.31,30.36,-0.43,-0.12,8.31,-0.01,-0.03,-0.00,8.41
60586,0.00,1001.32,30.36,-0.38,-0.21,8.32,-0.01,-0.02,-0.00,8.41
60624,0.00,1001.32,30.35,-0.44,-0.22,8.29,-0.01,-0.03,-0.00,8.41
60662,0.00,1001.32,30.35,-0.42,-0.20,8.29,-0.01,-0.02,-0.00,8.41
60700,0.00,1001.32,30.36,-0.47,-0.19,8.26,-0.01,-0.02,-0.00,8.41
60751,0.00,1001.33,30.36,-0.43,-0.21,8.23,-0.01,-0.02,-0.00,8.41
60790,0.00,1001.32,30.36,-0.38,-0.21,8.35,-0.01,-0.03,-0.00,8.41
60828,0.00,1001.33,30.36,-0.39,-0.18,8.33,-0.01,-0.02,-0.00,8.41
60866,0.00,1001.32,30.36,-0.39,-0.19,8.26,-0.01,-0.03,-0.00,8.41
60904,0.00,1001.33,30.36,-0.39,-0.09,8.27,-0.01,-0.02,-0.00,8.41
60955,0.00,1001.32,30.36,-0.45,-0.23,8.27,-0.01,-0.02,-0.00,8.41
61003,0.00,1001.32,30.36,-0.45,-0.17,8.33,-0.01,-0.02,-0.00,8.41
61042,0.00,1001.31,30.35,-0.43,-0.19,8.29,-0.01,-0.02,-0.00,8.41
61080,0.00,1001.31,30.35,-0.42,-0.23,8.32,-0.01,-0.02,-0.00,8.41
61118,0.00,1001.31,30.35,-0.38,-0.19,8.26,-0.01,-0.02,-0.00,8.41
61170,0.00,1001.31,30.35,-0.46,-0.16,8.33,-0.01,-0.03,-0.00,8.41
61209,0.00,1001.32,30.35,-0.45,-0.22,8.32,-0.01,-0.02,-0.00,8.41
61247,0.00,1001.32,30.35,-0.38,-0.19,8.20,-0.01,-0.02,-0.00,8.41
61285,0.00,1001.32,30.35,-0.42,-0.20,8.28,-0.01,-0.02,-0.00,8.41
61323,0.00,1001.32,30.35,-0.42,-0.17,8.26,-0.01,-0.02,-0.00,8.41
61374,0.00,1001.33,30.36,-0.42,-0.22,8.30,-0.01,-0.03,-0.00,8.41
61413,0.00,1001.32,30.35,-0.44,-0.17,8.23,-0.01,-0.02,-0.00,8.41
61451,0.00,1001.31,30.35,-0.41,-0.18,8.24,-0.01,-0.03,-0.00,8.41
61489,0.00,1001.32,30.36,-0.40,-0.17,8.28,-0.01,-0.02,-0.00,8.41
61535,0.00,1001.32,30.36,-0.41,-0.17,8.28,-0.01,-0.02,-0.01,8.41
61587,0.00,1001.33,30.36,-0.43,-0.18,8.21,-0.01,-0.03,-0.00,8.41
61626,0.00,1001.33,30.35,-0.29,-0.05,8.11,-0.01,-0.01,-0.00,8.41
61664,0.00,1001.33,30.35,-1.06,-0.07,7.81,-0.03,-0.17,0.01,8.41
61702,0.00,1001.33,30.35,0.86,-0.60,8.90,-0.01,-0.07,0.01,8.41
61740,0.00,1001.32,30.35,-1.08,-0.23,7.86,-0.02,-0.01,-0.00,8.41
61791,0.00,1001.33,30.36,-0.03,-0.32,9.22,-0.02,0.03,0.00,8.41
61829,0.00,1001.34,30.36,-0.22,0.10,14.60,-0.05,0.03,-0.00,8.41
61867,0.00,1001.33,30.36,0.48,-0.26,8.39,-0.00,0.01,-0.00,8.41
61905,0.00,1001.34,30.36,-0.65,-0.32,7.91,-0.01,-0.06,-0.00,8.41
61943,0.00,1001.33,30.36,-0.32,-0.16,8.30,-0.01,-0.01,-0.00,8.41
61994,0.00,1001.33,30.36,-0.38,-0.17,8.21,-0.01,-0.03,-0.00,8.41
62042,0.00,1001.32,30.36,-0.35,-0.16,8.27,-0.02,-0.02,-0.00,8.41
62081,0.00,1001.32,30.35,-1.24,-0.41,7.07,-0.03,0.08,-0.02,8.41
62119,0.00,1001.32,30.35,-0.32,-0.21,7.28,-0.01,-0.22,-0.01,8.41
62157,0.00,1001.33,30.35,-0.09,-0.14,8.41,-0.01,-0.21,-0.00,8.41
62209,0.00,1001.33,30.35,0.03,-0.35,8.24,-0.03,-0.41,0.00,8.41
62248,0.00,1001.33,30.35,0.04,-0.37,9.24,-0.03,0.05,0.01,8.41
62286,0.00,1001.33,30.35,-0.15,-0.14,7.81,-0.00,-0.01,-0.02,8.41
62324,0.00,1001.32,30.35,-0.12,-0.31,8.35,-0.00,0.10,-0.01,8.41
62362,0.00,1001.32,30.35,0.64,0.21,9.47,-0.02,-0.12,-0.02,8.41
62413,0.00,1001.33,30.36,-0.35,-0.19,7.35,0.01,0.04,0.00,8.41
62451,0.00,1001.33,30.35,-1.89,-0.15,8.63,-0.05,-0.40,0.00,8.41
62489,0.00,1001.33,30.35,1.22,-0.09,8.93,-0.05,-0.51,0.00,8.41
62527,0.00,1001.33,30.36,0.59,-0.57,8.58,-0.01,-0.19,-0.01,8.41
62575,0.00,1001.32,30.36,0.64,-0.51,8.29,-0.00,-0.32,-0.02,8.41
62627,0.00,1001.33,30.36,0.40,-0.47,8.20,-0.01,-0.02,-0.00,8.41
62666,0.00,1001.33,30.35,0.14,-0.43,7.93,-0.01,-0.05,0.00,8.42
62704,0.00,1001.32,30.35,0.38,-0.21,7.81,-0.01,-0.02,-0.00,8.42
62742,0.00,1001.32,30.35,0.24,0.08,7.20,-0.01,0.03,0.01,8.41
62780,0.00,1001.32,30.35,0.22,-0.17,8.88,-0.04,-0.10,0.02,8.42
62831,0.00,1001.33,30.35,0.58,-0.07,7.88,-0.01,0.03,-0.00,8.41
62869,0.00,1001.33,30.35,0.18,-0.50,8.38,-0.01,-0.02,-0.00,8.41
62907,0.00,1001.33,30.35,0.23,-0.26,8.07,-0.01,-0.04,-0.01,8.42
62945,0.00,1001.34,30.35,0.26,-0.16,8.44,-0.01,-0.06,-0.00,8.42
62983,0.00,1001.33,30.36,-1.13,-0.33,10.62,-0.03,0.17,-0.03,8.42
63034,0.00,1001.33,30.36,0.39,0.01,9.48,-0.02,-0.05,-0.00,8.42
63080,0.00,1001.32,30.36,0.47,-0.01,8.00,-0.01,0.03,0.00,8.42
63119,0.00,1001.32,30.35,0.00,-0.49,8.94,-0.01,-0.13,-0.01,8.42
63157,0.00,1001.33,30.35,0.40,-0.34,8.29,-0.01,-0.08,-0.01,8.42
63195,0.00,1001.32,30.35,0.27,-0.30,8.28,-0.01,0.02,-0.01,8.42
63246,0.00,1001.33,30.35,1.15,-0.48,7.13,-0.01,-0.01,0.02,8.42
63285,0.00,1001.32,30.35,0.30,-0.43,7.85,-0.01,-0.03,-0.00,8.42
63323,0.00,1001.32,30.35,0.18,-0.27,8.22,-0.01,-0.03,-0.01,8.42
63361,0.00,1001.32,30.35,-0.04,-0.53,8.30,-0.02,-0.05,0.01,8.42
63399,0.00,1001.32,30.35,0.59,-0.30,8.99,-0.03,-0.03,0.01,8.42
63450,0.00,1001.32,30.35,1.25,-0.13,8.85,-0.01,0.09,-0.01,8.42
63488,0.00,1001.32,30.35,-0.22,-0.02,8.26,-0.02,0.05,0.01,8.42
63526,0.00,1001.31,30.35,0.17,-0.40,8.31,-0.01,0.05,-0.00,8.42
63564,0.00,1001.32,30.35,0.58,-0.30,8.70,-0.01,0.09,-0.01,8.42
63612,0.00,1001.32,30.35,-0.22,-0.52,8.81,-0.02,0.21,0.00,8.42
63664,0.00,1001.31,30.35,0.27,-0.30,8.38,-0.01,-0.15,-0.00,8.42
63703,0.00,1001.33,30.35,0.85,-0.26,8.79,-0.03,-0.13,-0.01,8.42
63741,0.00,1001.33,30.35,0.10,-0.57,9.63,-0.02,0.00,-0.00,8.41
63779,0.00,1001.33,30.35,1.14,0.23,10.33,-0.00,-0.42,-0.02,8.41
63817,0.00,1001.33,30.35,1.66,0.39,7.07,0.01,0.49,-0.01,8.41
63868,0.00,1001.32,30.35,0.65,-1.08,7.66,0.01,0.04,-0.02,8.41
63906,0.00,1001.33,30.35,0.40,-0.47,8.58,-0.01,-0.06,-0.00,8.41
63944,0.00,1001.34,30.35,-0.05,-0.42,8.32,-0.02,-0.07,0.00,8.41
63982,0.00,1001.33,30.35,0.28,-0.31,8.46,-0.02,0.03,-0.00,8.41
64020,0.00,1001.33,30.35,-0.19,0.04,8.40,-0.01,0.04,-0.01,8.41
64071,0.00,1001.33,30.35,0.08,-0.23,8.89,-0.02,-0.16,-0.00,8.41
64117,0.00,1001.33,30.35,0.50,-0.80,8.41,-0.01,-0.10,-0.00,8.41
64156,0.00,1001.33,30.35,0.37,-0.26,8.57,-0.01,0.04,-0.01,8.41
64194,0.00,1001.32,30.35,0.18,-0.40,8.03,-0.12,0.54,0.02,8.41
64232,0.00,1001.32,30.35,1.37,-0.25,8.19,-0.01,-0.62,-0.03,8.41
64283,0.00,1001.33,30.35,-0.21,-0.03,7.50,0.01,0.68,0.02,8.41
64321,0.00,1001.32,30.35,-0.25,-0.51,8.58,-0.02,-0.15,0.00,8.41
64359,0.00,1001.32,30.35,-0.08,-0.29,8.52,-0.01,0.05,-0.01,8.41
64397,0.00,1001.33,30.35,1.23,-0.29,8.00,0.00,-0.00,-0.00,8.41
64435,0.00,1001.33,30.35,-0.10,-0.14,8.33,-0.01,-0.14,-0.01,8.41
64487,0.00,1001.34,30.36,0.74,-0.11,8.93,0.00,0.07,-0.01,8.41
64525,0.00,1001.33,30.35,1.09,-0.82,7.47,0.02,-0.08,-0.03,8.41
64563,0.00,1001.33,30.35,0.41,-0.66,8.26,-0.01,-0.12,-0.00,8.41
64601,0.00,1001.33,30.35,0.50,-0.65,10.10,-0.02,0.02,-0.00,8.41
64655,0.00,1001.33,30.35,-1.10,-0.20,5.48,-0.02,0.34,-0.00,8.41
64707,0.00,1001.33,30.35,1.93,-1.37,10.61,0.01,-0.20,-0.01,8.42
64746,0.00,1001.33,30.35,-0.23,0.37,7.18,-0.01,0.18,0.01,8.42
64784,0.00,1001.33,30.35,0.14,-0.39,8.82,-0.01,-0.27,-0.01,8.42
64822,0.00,1001.33,30.35,0.98,-0.20,8.20,-0.00,0.08,-0.01,8.42
64860,0.00,1001.33,30.35,0.52,-0.20,8.20,-0.01,-0.11,-0.00,8.42
64911,0.00,1001.34,30.35,-0.60,-0.39,7.42,-0.03,-0.03,-0.01,8.42
64950,0.00,1001.34,30.35,1.43,-0.97,9.75,-0.04,-0.45,0.00,8.42
64988,0.00,1001.34,30.35,1.22,-0.07,7.14,-0.02,0.17,0.00,8.42
65026,0.00,1001.33,30.35,0.28,0.45,7.65,-0.03,0.10,0.01,8.42
65064,0.00,1001.33,30.35,0.36,-0.89,9.85,-0.00,-0.17,0.01,8.42
65115,0.00,1001.33,30.35,-0.69,0.01,7.15,-0.04,0.10,0.00,8.42
65161,0.00,1001.33,30.35,0.41,-0.15,8.40,-0.01,-0.06,0.00,8.42
65200,0.00,1001.33,30.35,0.06,-0.01,8.67,-0.02,-0.04,0.01,8.42
65238,0.00,1001.32,30.35,1.14,0.06,6.76,0.02,-0.12,-0.02,8.42
65276,0.00,1001.32,30.35,1.83,-1.28,11.29,-0.02,-0.39,-0.02,8.42
65327,0.00,1001.32,30.35,-0.91,0.61,5.63,-0.01,0.68,0.01,8.42
65365,0.00,1001.33,30.35,0.03,-0.30,7.19,-0.08,-0.39,0.02,8.42
65403,0.00,1001.32,30.35,0.82,0.20,6.53,0.01,-0.24,-0.02,8.42
65441,0.00,1001.32,30.35,-0.18,-0.22,7.49,0.01,0.13,-0.00,8.42
65479,0.00,1001.32,30.35,0.44,-0.32,8.55,-0.02,-0.16,-0.01,8.42
65530,0.00,1001.32,30.35,-0.68,0.36,5.13,-0.03,0.43,-0.01,8.42
65568,0.00,1001.32,30.35,-3.03,0.00,10.58,-0.05,-0.09,0.02,8.42
65606,0.00,1001.32,30.35,0.84,-0.28,8.44,0.05,-0.05,-0.04,8.42
65644,0.00,1001.32,30.35,-0.76,-0.07,6.79,-0.01,0.20,0.01,8.42
65692,0.00,1001.32,30.35,0.50,0.03,10.37,-0.04,-0.20,0.00,8.42
65744,0.00,1001.32,30.35,-0.69,0.57,9.47,-0.03,0.19,-0.01,8.42
65782,0.00,1001.33,30.35,-0.16,-0.09,7.98,-0.02,-0.15,-0.00,8.42
65820,0.00,1001.33,30.35,0.65,-0.26,8.82,-0.01,0.11,-0.00,8.42
65858,0.00,1001.33,30.35,0.41,-0.32,8.85,-0.01,-0.08,-0.01,8.42
65896,0.00,1001.33,30.35,1.45,-0.31,3.22,-0.01,0.68,0.01,8.42
65947,0.00,1001.34,30.35,0.63,0.09,7.32,0.01,-0.08,-0.04,8.42
65985,0.00,1001.33,30.35,0.03,-0.37,8.11,-0.00,0.04,-0.01,8.42
66023,0.00,1001.33,30.35,0.40,-0.24,8.31,-0.01,-0.02,-0.00,8.42
66061,0.00,1001.34,30.35,0.58,0.05,8.74,-0.01,0.01,-0.01,8.42
66099,0.00,1001.33,30.35,0.42,-0.33,8.12,-0.02,-0.07,-0.00,8.42
66150,0.00,1001.34,30.35,0.12,-0.45,8.14,-0.01,-0.01,-0.00,8.42
66196,0.00,1001.32,30.35,-0.20,-0.25,8.50,-0.01,-0.09,-0.01,8.42
66235,0.00,1001.32,30.35,0.24,-0.32,9.85,-0.04,-0.11,0.01,8.42
66273,0.00,1001.32,30.35,0.14,-0.34,8.05,0.01,0.07,-0.01,8.42
66311,0.00,1001.32,30.35,0.14,-0.29,7.59,-0.01,0.02,-0.01,8.42
66362,0.00,1001.32,30.35,-0.37,-0.36,8.44,-0.01,-0.07,-0.01,8.42
66401,0.00,1001.32,30.35,0.26,-0.31,8.08,0.01,0.05,-0.02,8.42
66439,0.00,1001.32,30.35,0.45,-0.36,8.32,-0.02,-0.09,-0.00,8.41
66477,0.00,1001.32,30.35,1.85,-0.84,8.35,0.01,0.01,-0.00,8.41
66515,0.00,1001.32,30.35,0.30,-0.34,7.74,-0.00,-0.05,-0.01,8.41
66566,0.00,1001.32,30.35,-0.07,-0.63,8.09,-0.01,-0.10,0.01,8.41
66605,0.00,1001.33,30.35,0.09,-0.01,8.03,-0.01,-0.08,-0.01,8.41
66643,0.00,1001.33,30.35,0.41,-0.14,8.43,-0.01,0.17,-0.00,8.41
66681,0.00,1001.34,30.35,-0.82,-0.19,8.47,-0.02,-0.16,-0.01,8.41
66729,0.00,1001.33,30.35,0.41,-0.24,8.51,-0.01,0.10,-0.00,8.41
66781,0.00,1001.34,30.35,0.23,-0.23,8.11,-0.01,-0.04,-0.01,8.41
66820,0.00,1001.34,30.35,-0.01,-0.23,8.27,-0.01,0.02,-0.01,8.41
66858,0.00,1001.34,30.35,-2.24,0.60,6.81,-0.02,0.22,-0.02,8.41
66896,0.00,1001.35,30.35,0.80,-0.64,8.18,-0.00,-0.27,-0.02,8.42
66934,0.00,1001.34,30.35,0.05,-0.38,8.34,-0.01,0.02,-0.01,8.42
66985,0.00,1001.34,30.35,0.24,-0.30,8.30,-0.01,-0.03,-0.01,8.42
67024,0.00,1001.33,30.35,0.23,-0.24,7.43,0.01,-0.02,-0.01,8.42
67062,0.00,1001.34,30.35,0.29,-0.33,8.07,-0.01,-0.01,-0.00,8.42
67100,0.00,1001.33,30.35,-0.04,-0.20,8.38,-0.01,0.07,-0.00,8.42
67138,0.00,1001.34,30.35,0.56,-0.21,8.25,-0.01,-0.04,-0.01,8.41
67189,0.00,1001.34,30.35,-0.03,-0.26,8.03,-0.02,0.02,0.00,8.42
67237,0.00,1001.34,30.35,-0.05,-0.25,7.86,-0.01,-0.01,-0.00,8.42
67276,0.00,1001.34,30.35,0.20,-0.29,8.38,-0.01,0.01,-0.01,8.42
67314,0.00,1001.34,30.35,0.35,-0.38,8.54,-0.01,-0.00,-0.01,8.42
67352,0.00,1001.33,30.35,0.15,-0.32,8.19,-0.01,-0.02,-0.01,8.42
67403,0.00,1001.34,30.35,0.63,-0.03,7.37,-0.00,0.01,0.00,8.42
67441,0.00,1001.34,30.35,1.33,-0.96,9.71,0.03,0.09,-0.00,8.42
67479,0.00,1001.34,30.35,2.33,0.13,6.81,0.00,0.07,0.01,8.42
67517,0.00,1001.33,30.35,0.24,-0.49,8.99,-0.01,-0.07,-0.02,8.42
67555,0.00,1001.34,30.35,-1.19,0.25,4.12,-0.01,0.08,0.00,8.42
67606,0.00,1001.34,30.35,1.53,-1.01,8.71,-0.01,0.07,-0.00,8.42
67645,0.00,1001.34,30.35,0.88,-0.40,7.63,-0.01,0.07,-0.00,8.42
67683,0.00,1001.34,30.35,-0.32,-0.39,8.30,-0.02,-0.01,-0.01,8.42
67721,0.00,1001.34,30.35,-0.46,-0.11,7.98,-0.01,0.11,-0.01,8.42
67767,0.00,1001.34,30.35,-0.23,-0.17,8.18,-0.01,-0.11,-0.01,8.42
67819,0.00,1001.34,30.35,-0.11,-0.26,8.27,-0.01,0.02,-0.01,8.42
67858,0.00,1001.33,30.35,-0.53,-0.22,8.16,-0.01,-0.01,-0.00,8.42
67896,0.00,1001.34,30.35,0.60,-0.54,8.52,-0.03,-0.04,-0.00,8.42
67934,0.00,1001.34,30.35,-0.18,-0.72,8.55,-0.00,-0.06,0.01,8.42
67972,0.00,1001.34,30.35,0.93,-0.31,9.38,-0.02,-0.14,-0.02,8.42
68023,0.00,1001.34,30.35,0.13,-0.36,8.64,-0.01,-0.10,-0.01,8.42
68062,0.00,1001.34,30.35,-0.32,-0.39,8.19,-0.01,0.05,-0.00,8.42
68100,0.00,1001.35,30.35,0.28,-0.15,6.41,0.00,-0.01,-0.01,8.42
68138,0.00,1001.35,30.35,0.46,0.24,6.94,0.01,0.27,-0.00,8.42
68176,0.00,1001.35,30.35,-1.14,-1.10,9.16,-0.03,0.17,0.01,8.42
68227,0.00,1001.35,30.35,-0.87,0.02,8.19,-0.01,0.10,-0.00,8.42
68285,0.00,1001.34,30.35,-0.05,-0.34,8.06,-0.01,0.02,-0.01,8.42
68324,0.00,1001.34,30.35,-0.18,-0.21,8.36,-0.01,-0.05,-0.01,8.42
68362,0.00,1001.33,30.34,0.18,-0.33,8.26,-0.01,-0.07,-0.01,8.42
68400,0.00,1001.33,30.34,-0.17,-0.34,8.11,-0.01,-0.04,-0.01,8.42
68452,0.00,1001.33,30.35,-0.38,-0.18,6.80,-0.02,-0.03,-0.01,8.42
68491,0.00,1001.33,30.34,0.07,-0.23,7.77,-0.01,-0.06,-0.01,8.42
68529,0.00,1001.33,30.34,-0.04,-0.28,8.32,-0.01,-0.02,-0.00,8.42
68567,0.00,1001.34,30.35,0.04,-0.29,8.27,-0.01,-0.08,-0.01,8.42
68605,0.00,1001.34,30.35,-0.20,-0.42,8.30,-0.01,-0.08,-0.01,8.42
68656,0.00,1001.35,30.35,-0.08,-0.26,8.18,-0.01,0.05,0.00,8.42
68694,0.00,1001.35,30.35,0.04,-0.68,9.34,-0.02,-0.08,-0.00,8.42
68732,0.00,1001.34,30.35,0.12,-0.09,7.14,-0.01,0.05,-0.00,8.42
68779,0.00,1001.34,30.35,-0.13,-0.24,8.18,-0.01,-0.07,-0.01,8.42
68818,0.00,1001.34,30.35,-0.59,-0.06,8.37,-0.01,-0.08,-0.01,8.42
68870,0.00,1001.35,30.35,0.02,-0.30,8.31,-0.01,-0.02,-0.01,8.42
68909,0.00,1001.34,30.35,-0.19,-0.35,8.09,-0.01,-0.07,-0.01,8.42
68947,0.00,1001.34,30.35,-0.27,0.05,7.71,-0.01,-0.08,-0.01,8.42
68985,0.00,1001.34,30.35,-0.98,-0.44,8.85,0.01,-0.02,0.00,8.42
69023,0.00,1001.35,30.35,0.28,-0.38,8.55,-0.01,-0.05,-0.01,8.42
69074,0.00,1001.34,30.35,-0.44,-0.45,9.18,-0.03,0.05,0.00,8.42
69112,0.00,1001.34,30.35,-0.13,-0.16,7.96,-0.00,-0.13,-0.02,8.42
69150,0.00,1001.35,30.35,-0.49,-0.31,8.48,-0.01,-0.01,-0.01,8.42
69188,0.00,1001.34,30.35,0.79,0.11,1.08,0.03,-0.01,-0.02,8.42
69226,0.00,1001.34,30.35,0.09,-0.37,7.88,0.01,-0.01,-0.01,8.42
69277,0.00,1001.34,30.35,-0.20,-0.37,8.08,-0.01,-0.03,-0.00,8.42
69325,0.00,1001.34,30.35,-0.07,-0.33,8.26,-0.01,-0.05,-0.01,8.41
69364,0.00,1001.34,30.35,0.26,-0.42,8.37,-0.01,0.01,-0.00,8.41
69402,0.00,1001.34,30.35,-0.06,-0.26,8.19,-0.01,0.07,-0.00,8.41
69440,0.00,1001.34,30.35,-0.40,-0.45,8.89,-0.02,0.21,-0.00,8.41
69491,0.00,1001.34,30.35,-0.69,-0.07,8.42,-0.02,-1.14,-0.03,8.41
69530,0.00,1001.33,30.35,0.67,0.10,8.58,-0.04,-1.39,-0.05,8.41
69568,0.00,1001.33,30.35,0.19,-0.50,7.72,-0.03,-1.66,-0.06,8.41
69606,0.00,1001.33,30.35,1.54,0.35,9.32,-0.00,-1.88,-0.05,8.41
69644,0.00,1001.33,30.35,3.59,-2.41,9.03,0.06,-1.33,-0.05,8.41
69695,0.00,1001.34,30.35,2.01,0.65,6.80,0.12,-0.60,-0.10,8.42
69733,0.00,1001.34,30.35,1.72,-0.35,8.12,-0.00,-1.58,-0.05,8.42
69771,0.00,1001.34,30.35,3.62,-0.73,7.91,-0.09,-2.95,-0.07,8.42
69809,0.00,1001.33,30.35,6.45,-0.08,6.57,-0.10,-3.68,-0.13,8.42
69857,0.00,1001.33,30.35,6.93,-0.84,5.75,-0.12,-2.53,-0.17,8.42
69909,0.00,1001.33,30.35,6.89,-0.15,4.86,-0.08,-2.66,-0.04,8.42
69948,0.00,1001.33,30.35,8.16,0.07,3.92,-0.14,-3.63,-0.02,8.42
69986,0.00,1001.34,30.35,8.03,-0.55,3.07,-0.12,-3.30,0.12,8.42
70024,0.00,1001.33,30.35,9.68,-0.11,1.43,-0.03,-3.96,0.24,8.41
70062,0.00,1001.34,30.35,11.41,-0.30,0.54,0.03,-4.84,0.20,8.41
70113,0.00,1001.33,30.35,10.58,-2.08,-2.59,0.16,-4.13,0.08,8.41
70151,0.00,1001.33,30.35,9.22,-0.89,-4.18,0.13,-4.43,0.08,8.41
70189,0.00,1001.34,30.35,7.67,-1.24,-3.94,0.16,-1.94,0.03,8.41
70227,0.00,1001.34,30.35,9.67,-0.69,-5.42,0.23,-2.61,-0.15,8.41
70265,0.00,1001.34,30.35,9.60,-0.56,-6.55,0.13,-3.24,-0.10,8.41
70316,0.00,1001.33,30.35,7.79,-0.22,-8.36,0.11,-1.62,0.08,8.41
70362,0.00,1001.34,30.35,9.65,-0.07,-5.55,0.06,-2.27,0.01,8.41
70401,0.00,1001.34,30.35,6.02,0.26,-8.40,0.05,-3.85,-0.24,8.41
70439,0.00,1001.35,30.35,5.28,-0.27,-10.31,-0.22,-6.65,-0.21,8.41
70477,0.00,1001.34,30.35,6.56,-0.59,-13.48,-0.37,-5.72,0.03,8.41
70528,0.00,1001.34,30.35,1.72,-0.71,-11.55,-0.34,-2.33,0.22,8.41
70567,0.00,1001.34,30.35,2.54,-0.81,-10.59,-0.18,-0.02,0.22,8.41
70605,0.00,1001.34,30.35,1.35,-0.57,-12.79,-0.01,1.57,0.07,8.41
70643,0.00,1001.33,30.35,2.13,-0.31,-13.07,0.01,0.81,-0.07,8.41
70681,0.00,1001.33,30.35,2.83,-0.25,-11.81,0.04,0.67,-0.07,8.42
70732,0.00,1001.34,30.35,2.90,-0.18,-11.64,-0.05,-0.56,0.01,8.41
70771,0.00,1001.33,30.35,2.98,-0.39,-11.61,-0.06,-0.85,0.03,8.41
70809,0.00,1001.33,30.35,2.55,-0.29,-12.63,-0.05,-0.68,-0.00,8.41
70847,0.00,1001.33,30.35,1.67,0.04,-11.74,0.00,-0.17,-0.02,8.41
70895,0.00,1001.33,30.35,2.49,-0.32,-11.77,0.03,0.02,-0.02,8.41
70947,0.00,1001.33,30.35,1.63,-0.47,-12.53,0.04,-0.09,-0.00,8.41
70986,0.00,1001.33,30.35,1.97,-0.32,-12.14,-0.02,-0.04,0.01,8.41
71024,0.00,1001.32,30.35,2.18,-0.36,-12.04,-0.02,-0.01,-0.01,8.41
71062,0.00,1001.33,30.35,2.03,-0.39,-12.09,-0.02,-0.04,-0.00,8.41
71100,0.00,1001.33,30.35,2.22,-0.31,-11.53,-0.02,-0.03,0.00,8.41
71151,0.00,1001.33,30.35,2.05,-0.37,-11.97,-0.01,-0.02,-0.01,8.41
71190,0.00,1001.33,30.35,2.04,-0.37,-12.00,-0.01,0.04,-0.00,8.41
71228,0.00,1001.34,30.35,2.10,-0.36,-11.90,-0.01,-0.02,-0.01,8.41
71266,0.00,1001.34,30.35,2.12,-0.38,-11.95,-0.01,-0.02,-0.00,8.41
71304,0.00,1001.34,30.35,2.11,-0.32,-11.90,-0.01,-0.02,-0.01,8.41
71355,0.00,1001.34,30.35,2.12,-0.41,-11.94,-0.01,-0.02,-0.01,8.41
71401,0.00,1001.34,30.35,2.13,-0.35,-11.96,-0.01,-0.02,-0.01,8.41
71440,0.00,1001.35,30.35,2.05,-0.33,-11.96,-0.01,-0.02,-0.01,8.41
71478,0.00,1001.35,30.35,2.08,-0.35,-11.98,-0.01,-0.02,-0.01,8.41
71516,0.00,1001.35,30.35,2.09,-0.38,-11.95,-0.01,-0.02,-0.01,8.41
71568,0.00,1001.35,30.35,2.08,-0.34,-11.99,-0.01,-0.02,-0.00,8.41
71607,0.00,1001.34,30.35,2.10,-0.34,-12.03,-0.01,-0.02,-0.01,8.41
71645,0.00,1001.34,30.35,2.13,-0.34,-11.99,-0.01,-0.02,-0.01,8.41
71683,0.00,1001.34,30.35,2.10,-0.42,-12.04,-0.01,-0.02,-0.01,8.41
71721,0.00,1001.34,30.35,2.08,-0.27,-12.04,-0.01,-0.02,-0.01,8.41
71772,0.00,1001.35,30.35,2.15,-0.31,-12.06,-0.01,-0.02,-0.00,8.41
71811,0.00,1001.34,30.35,2.04,-0.35,-12.03,-0.01,-0.02,-0.01,8.41
71849,0.00,1001.35,30.35,2.05,-0.29,-11.94,-0.01,-0.02,-0.01,8.41
71887,0.00,1001.34,30.35,2.12,-0.33,-11.99,-0.01,-0.02,-0.01,8.41
71935,0.00,1001.34,30.35,2.03,-0.32,-11.99,-0.01,-0.02,-0.01,8.41
71987,0.00,1001.34,30.35,2.12,-0.39,-12.09,-0.01,-0.02,-0.01,8.41
72026,0.00,1001.34,30.35,2.06,-0.31,-11.93,-0.01,-0.02,-0.01,8.41
72064,0.00,1001.35,30.35,2.05,-0.32,-11.93,-0.01,-0.02,-0.01,8.41
72102,0.00,1001.36,30.35,2.11,-0.35,-12.06,-0.01,-0.02,-0.01,8.41
72140,0.00,1001.36,30.35,2.12,-0.33,-11.94,-0.01,-0.02,-0.01,8.41
72191,0.00,1001.36,30.35,2.15,-0.32,-11.98,-0.01,-0.02,-0.01,8.41
72230,0.00,1001.35,30.35,2.12,-0.31,-12.01,-0.01,-0.02,-0.01,8.41
72268,0.00,1001.34,30.35,2.13,-0.28,-11.98,-0.01,-0.02,-0.01,8.41
72306,0.00,1001.34,30.35,2.19,-0.39,-11.97,-0.01,-0.02,-0.01,8.41
72344,0.00,1001.34,30.35,2.14,-0.35,-12.04,-0.01,-0.02,-0.00,8.41
72395,0.00,1001.34,30.35,2.15,-0.33,-11.95,-0.01,-0.02,-0.01,8.41
72443,0.00,1001.34,30.35,2.11,-0.29,-12.00,-0.01,-0.02,-0.01,8.41
72482,0.00,1001.34,30.35,2.14,-0.32,-12.01,-0.01,-0.02,-0.01,8.42
72520,0.00,1001.33,30.35,2.11,-0.36,-12.01,-0.01,-0.02,-0.01,8.41
72558,0.00,1001.33,30.35,2.19,-0.31,-11.99,-0.01,-0.02,-0.01,8.41
72610,0.00,1001.33,30.35,2.11,-0.33,-11.92,-0.01,-0.02,-0.01,8.42
72649,0.00,1001.32,30.35,2.11,-0.32,-11.96,-0.01,-0.02,-0.00,8.42
72687,0.00,1001.32,30.35,2.12,-0.36,-11.92,-0.01,-0.02,-0.01,8.41
72725,0.00,1001.32,30.35,2.12,-0.33,-11.98,-0.01,-0.02,-0.01,8.41
72763,0.00,1001.33,30.35,2.13,-0.34,-12.04,-0.01,-0.02,-0.01,8.41
72814,0.00,1001.33,30.35,2.09,-0.34,-11.95,-0.01,-0.02,-0.01,8.41
72853,0.00,1001.33,30.35,2.09,-0.34,-11.92,-0.01,-0.02,-0.01,8.41
72891,0.00,1001.33,30.35,2.10,-0.34,-11.98,-0.01,-0.02,-0.01,8.41
72929,0.00,1001.33,30.35,2.09,-0.32,-12.02,-0.01,-0.02,-0.01,8.41
72975,0.00,1001.33,30.35,2.10,-0.30,-11.99,-0.01,-0.02,-0.01,8.41
73027,0.00,1001.34,30.35,2.14,-0.38,-11.99,-0.01,-0.02,-0.01,8.41
73066,0.00,1001.34,30.35,2.11,-0.34,-11.98,-0.01,-0.02,-0.01,8.41
73104,0.00,1001.34,30.35,2.09,-0.34,-12.03,-0.01,-0.02,-0.01,8.41
73142,0.00,1001.35,30.35,2.08,-0.34,-12.03,-0.01,-0.02,-0.01,8.41
73180,0.00,1001.35,30.35,2.08,-0.35,-11.94,-0.01,-0.02,-0.00,8.41
73231,0.00,1001.34,30.35,2.17,-0.31,-11.94,-0.01,-0.02,-0.01,8.41
73270,0.00,1001.34,30.35,2.13,-0.37,-11.90,-0.01,-0.02,-0.00,8.41
73308,0.00,1001.34,30.35,2.15,-0.34,-11.95,-0.01,-0.02,-0.01,8.41
73346,0.00,1001.34,30.35,2.15,-0.32,-12.04,-0.01,-0.02,-0.01,8.41
73384,0.00,1001.34,30.35,2.10,-0.32,-11.95,-0.01,-0.02,-0.01,8.41
73435,0.00,1001.34,30.35,2.13,-0.34,-11.99,-0.01,-0.02,-0.01,8.41
73489,0.00,1001.34,30.35,2.10,-0.37,-11.92,-0.00,-0.01,-0.00,8.41
73528,0.00,1001.34,30.35,2.10,-0.34,-12.04,-0.01,-0.02,-0.00,8.41
73566,0.00,1001.34,30.34,2.05,-0.27,-11.91,-0.01,-0.02,-0.01,8.41
73604,0.00,1001.34,30.34,2.13,-0.34,-11.99,-0.01,-0.02,-0.01,8.41
73656,0.00,1001.34,30.35,2.19,-0.38,-11.91,-0.01,-0.02,-0.00,8.41
73695,0.00,1001.35,30.35,2.09,-0.34,-11.99,-0.01,-0.02,-0.00,8.41
73733,0.00,1001.35,30.35,2.11,-0.30,-11.99,-0.01,-0.02,-0.01,8.41
73771,0.00,1001.35,30.35,2.13,-0.32,-12.04,-0.01,-0.02,-0.01,8.41
73809,0.00,1001.34,30.35,2.12,-0.30,-11.94,-0.01,-0.02,-0.01,8.42
73860,0.00,1001.34,30.35,2.11,-0.32,-11.98,-0.01,-0.02,-0.01,8.42
73899,0.00,1001.34,30.35,2.16,-0.34,-11.94,-0.01,-0.02,-0.00,8.41
73937,0.00,1001.33,30.35,2.09,-0.37,-12.02,-0.01,-0.02,-0.01,8.42
73983,0.00,1001.33,30.35,2.14,-0.32,-11.95,-0.01,-0.02,-0.01,8.42
74022,0.00,1001.33,30.35,2.19,-0.35,-12.00,-0.01,-0.02,-0.01,8.42
74074,0.00,1001.33,30.35,2.14,-0.34,-12.02,-0.01,-0.02,-0.00,8.42
74113,0.00,1001.34,30.34,2.17,-0.38,-12.03,-0.01,-0.02,-0.01,8.42
74151,0.00,1001.34,30.34,2.15,-0.30,-11.91,-0.01,-0.02,-0.01,8.42
74189,0.00,1001.34,30.34,-0.23,4.11,1.44,-0.22,-0.06,-0.01,8.42
74227,0.00,1001.34,30.35,1.53,0.09,-13.29,0.06,0.01,-0.01,8.41
74278,0.00,1001.34,30.35,2.49,-0.45,-10.17,-0.02,-0.07,0.00,8.42
74317,0.00,1001.34,30.35,1.72,-0.52,-13.04,-0.01,0.09,-0.01,8.42
74355,0.00,1001.34,30.35,2.52,-0.47,-12.36,-0.01,0.01,-0.01,8.42
74393,0.00,1001.34,30.35,2.08,-0.27,-12.18,-0.02,-0.04,0.00,8.42
74431,0.00,1001.34,30.35,2.29,-0.39,-11.99,-0.02,0.00,-0.00,8.42
74482,0.00,1001.34,30.35,2.08,-0.38,-12.08,-0.01,-0.04,-0.01,8.42
74530,0.00,1001.34,30.35,2.17,-0.40,-11.75,0.00,-0.02,-0.00,8.41
74569,0.00,1001.34,30.35,2.42,-0.32,-12.19,-0.00,-0.06,-0.01,8.41
74607,0.00,1001.34,30.35,1.92,-0.29,-12.21,-0.01,-0.13,-0.01,8.41
74645,0.00,1001.34,30.35,2.53,-0.41,-11.71,-0.00,-0.25,-0.02,8.41
74697,0.00,1001.34,30.35,1.58,-0.45,-6.72,-0.02,0.12,0.02,8.41
74736,0.00,1001.34,30.35,2.76,0.74,-10.86,-0.06,0.36,0.01,8.41
74774,0.00,1001.34,30.35,3.01,-1.11,-12.60,-0.01,-0.11,-0.01,8.41
74812,0.00,1001.34,30.35,2.26,-0.24,-11.39,-0.00,-0.05,0.00,8.42
74850,0.00,1001.33,30.35,2.58,-0.15,-10.50,0.06,-0.02,-0.04,8.41
74901,0.00,1001.34,30.35,2.16,-0.54,-0.86,-0.04,-0.28,-0.01,8.42
74940,0.00,1001.33,30.35,0.94,-0.22,-10.96,-0.04,0.02,0.00,8.42
74978,0.00,1001.33,30.35,2.29,-0.48,-12.62,0.01,0.13,-0.01,8.42
75016,0.00,1001.34,30.35,2.16,-0.53,-11.78,0.00,0.07,-0.01,8.42
75064,0.00,1001.34,30.35,1.81,-0.45,-12.78,-0.01,-0.04,-0.01,8.42
75116,0.00,1001.34,30.35,1.96,-0.40,-11.95,-0.01,0.03,-0.01,8.42
75155,0.00,1001.33,30.35,2.46,-0.50,-12.16,-0.01,-0.01,-0.01,8.42
75193,0.00,1001.34,30.34,2.13,-0.52,-11.94,-0.01,-0.09,-0.01,8.42
75231,0.00,1001.33,30.34,2.04,-0.25,-12.20,-0.02,-0.00,-0.00,8.42
75269,0.00,1001.33,30.35,1.30,-0.41,-11.31,-0.04,-0.28,0.00,8.41
75320,0.00,1001.33,30.35,2.13,-0.29,-11.93,-0.01,0.04,-0.02,8.42
75359,0.00,1001.33,30.35,2.64,-0.27,-12.51,-0.01,-0.12,-0.02,8.42
75397,0.00,1001.33,30.35,1.64,-0.88,-12.07,0.00,0.05,-0.00,8.42
75435,0.00,1001.35,30.35,2.00,-0.88,-10.13,0.05,-0.02,-0.02,8.41
75473,0.00,1001.34,30.35,1.74,-0.48,-12.29,-0.04,-0.14,-0.00,8.42
75524,0.00,1001.34,30.35,1.82,-0.79,-11.65,-0.01,0.02,0.00,8.42
75570,0.00,1001.34,30.35,1.85,-0.42,-12.98,0.05,0.40,-0.02,8.42
75609,0.00,1001.34,30.35,2.14,-0.40,-10.51,-0.07,-0.12,0.01,8.42
75647,0.00,1001.34,30.35,2.79,-0.23,-12.11,-0.02,-0.40,-0.03,8.42
75685,0.00,1001.33,30.35,2.37,-0.64,-11.59,-0.01,0.12,-0.00,8.42
75736,0.00,1001.34,30.35,2.34,-0.39,-12.06,-0.01,-0.06,-0.01,8.42
75775,0.00,1001.33,30.35,2.06,-0.44,-12.35,-0.01,-0.02,-0.01,8.42
75813,0.00,1001.34,30.35,1.98,-0.62,-12.22,0.01,-0.02,-0.01,8.42
75851,0.00,1001.34,30.35,2.19,-0.67,-14.15,0.01,-0.06,-0.03,8.42
75889,0.00,1001.34,30.35,2.03,-0.55,-12.64,-0.08,-0.19,0.01,8.42
75940,0.00,1001.35,30.35,2.40,-0.40,-12.02,0.03,0.02,-0.03,8.42
75978,0.00,1001.34,30.35,2.33,-0.49,-12.40,-0.01,-0.07,-0.00,8.42
76016,0.00,1001.34,30.35,2.44,-0.32,-11.23,-0.03,-0.07,0.00,8.41
76054,0.00,1001.34,30.35,1.68,-0.67,-12.63,-0.01,-0.11,-0.01,8.42
76102,0.00,1001.33,30.35,1.94,-0.18,-11.80,-0.01,0.08,-0.00,8.42
76154,0.00,1001.34,30.35,3.03,0.20,-10.48,0.03,0.12,-0.02,8.42
76192,0.00,1001.35,30.35,1.94,-0.92,-12.69,-0.03,-0.01,0.01,8.42
76230,0.00,1001.35,30.35,2.53,-0.14,-12.09,-0.06,-0.18,0.00,8.42
76268,0.00,1001.34,30.35,2.30,-0.46,-10.31,-0.03,0.05,0.01,8.42
76306,0.00,1001.34,30.35,2.85,-4.04,-16.27,0.19,-0.04,-0.04,8.42
76357,0.00,1001.35,30.35,0.54,-0.31,-10.97,-0.06,0.01,0.05,8.42
76395,0.00,1001.35,30.35,1.95,0.06,-11.97,0.02,0.22,-0.03,8.42
76433,0.00,1001.35,30.35,3.41,-0.38,-14.01,0.09,-0.04,-0.02,8.42
76471,0.00,1001.34,30.35,1.87,-0.51,-12.65,-0.02,-0.05,0.00,8.42
76509,0.00,1001.34,30.35,2.03,-0.92,-16.33,0.01,0.18,-0.02,8.42
76560,0.00,1001.35,30.35,2.28,-0.07,-9.69,-0.03,-0.16,0.01,8.42
76608,0.00,1001.35,30.35,1.87,-0.59,-13.49,0.02,0.14,-0.03,8.42
76647,0.00,1001.35,30.35,2.01,-0.60,-13.53,-0.04,-0.34,0.00,8.42
76685,0.00,1001.34,30.35,2.72,-0.13,-11.84,-0.00,-0.01,0.00,8.41
76723,0.00,1001.34,30.35,2.28,-0.57,-11.90,-0.01,0.03,-0.01,8.42
76774,0.00,1001.35,30.35,2.28,-0.55,-11.93,-0.01,-0.07,-0.01,8.41
76813,0.00,1001.35,30.35,2.76,1.06,-11.98,0.13,0.38,-0.02,8.42
76851,0.00,1001.34,30.35,1.44,-0.72,-12.56,-0.10,0.03,0.02,8.42
76889,0.00,1001.34,30.35,2.15,-0.12,-10.55,-0.06,-0.34,0.02,8.42
76927,0.00,1001.34,30.35,1.70,0.07,-12.73,0.00,0.01,-0.01,8.42
76978,0.00,1001.34,30.35,2.49,-0.31,-10.06,0.04,-0.28,-0.03,8.42
77017,0.00,1001.34,30.35,1.90,-0.43,-10.14,-0.04,0.19,0.02,8.42
77055,0.00,1001.34,30.35,2.47,-0.67,-12.35,-0.02,0.11,-0.00,8.42
77093,0.00,1001.34,30.35,3.79,-0.72,-7.84,0.10,-0.01,-0.01,8.42
77168,0.00,1001.34,30.35,2.02,-0.57,-11.07,-0.08,-0.18,0.03,8.41
77220,0.00,1001.34,30.34,1.49,-0.62,-16.31,0.12,0.01,-0.09,8.41
77259,0.00,1001.35,30.34,3.10,-0.28,-10.95,-0.08,-0.09,0.02,8.41
77297,0.00,1001.34,30.34,1.49,-0.68,-12.02,-0.01,-0.41,-0.01,8.41
77335,0.00,1001.33,30.34,1.87,-0.20,-11.65,-0.01,0.15,-0.01,8.41
77373,0.00,1001.34,30.34,2.87,0.28,-13.16,0.01,0.08,-0.01,8.41
77424,0.00,1001.34,30.34,2.47,-0.04,-14.81,0.11,0.33,-0.05,8.41
77463,0.00,1001.33,30.34,1.40,-0.94,-13.95,-0.09,-0.19,0.03,8.42
77501,0.00,1001.33,30.34,3.29,0.35,-6.67,-0.00,0.12,0.02,8.42
77539,0.00,1001.34,30.34,0.71,-0.99,-14.42,0.02,-0.04,-0.04,8.42
77577,0.00,1001.34,30.34,2.36,-0.10,-11.68,-0.03,-0.05,-0.01,8.42
77628,0.00,1001.34,30.35,1.53,-1.02,-10.29,-0.05,-0.08,0.01,8.42
78134,0.00,1001.34,30.35,3.83,0.37,-8.75,0.08,0.31,-0.03,8.42
78240,0.00,1001.34,30.32,2.83,-0.16,-10.74,-0.03,-0.15,-0.01,8.42
78279,0.00,1001.34,30.30,1.96,-1.14,-12.69,-0.01,-0.05,0.00,8.42
78317,0.00,1001.35,30.29,2.04,-0.62,-11.99,-0.01,-0.03,-0.01,8.42
78355,0.00,1001.34,30.29,3.82,-0.46,-11.09,0.06,0.33,-0.01,8.42
78406,0.00,1001.34,30.29,1.79,-0.84,-13.04,-0.06,-0.09,0.01,8.42
78445,0.00,1001.34,30.29,2.32,-0.47,-11.27,0.01,0.22,-0.01,8.42
78483,0.00,1001.34,30.30,1.52,-0.54,-12.79,-0.01,0.00,-0.01,8.42
78521,0.00,1001.34,30.30,2.26,-0.52,-12.09,-0.03,-0.24,-0.01,8.42
78559,0.00,1001.33,30.31,2.17,-0.84,-10.64,-0.05,-0.09,-0.00,8.42
78611,0.00,1001.33,30.32,1.93,-0.47,-11.86,-0.03,0.05,0.01,8.42
78650,0.00,1001.33,30.32,2.13,-0.65,-12.18,-0.01,0.06,-0.01,8.42
78696,0.00,1001.33,30.32,2.60,-0.51,-14.52,0.09,0.11,-0.04,8.42
78735,0.00,1001.34,30.33,2.38,-0.24,-12.04,-0.02,-0.18,-0.01,8.42
78773,0.00,1001.33,30.33,1.95,-0.58,-11.99,0.01,-0.04,-0.01,8.42
78824,0.00,1001.33,30.33,2.25,-0.42,-11.89,-0.01,-0.05,-0.01,8.42
78863,0.00,1001.34,30.33,2.04,-0.62,-12.13,0.00,0.01,-0.01,8.42
78901,0.00,1001.33,30.33,2.22,-0.55,-12.10,-0.01,0.08,-0.01,8.42
78939,0.00,1001.33,30.34,2.23,-0.52,-11.71,-0.01,-0.13,-0.00,8.42
78977,0.00,1001.34,30.34,2.06,-0.58,-12.10,-0.00,0.14,-0.01,8.42
79028,0.00,1001.33,30.34,2.30,-0.60,-12.01,-0.01,-0.04,-0.01,8.42
79067,0.00,1001.34,30.34,1.89,-0.52,-12.35,0.00,0.02,-0.01,8.42
79105,0.00,1001.34,30.34,2.20,-0.57,-11.83,-0.00,0.07,-0.01,8.42
79143,0.00,1001.34,30.34,2.38,-0.50,-12.03,-0.00,-0.13,-0.01,8.42
79181,0.00,1001.35,30.34,1.97,-0.61,-11.90,-0.00,-0.05,-0.01,8.42
79242,0.00,1001.35,30.35,2.27,-0.56,-11.90,-0.01,-0.11,-0.01,8.42
79281,0.00,1001.35,30.34,1.90,-0.45,-12.40,-0.01,-0.10,-0.00,8.42
79319,0.00,1001.34,30.34,2.29,-0.49,-12.07,-0.00,0.09,-0.01,8.42
79357,0.00,1001.33,30.34,2.28,-0.75,-12.39,-0.01,-0.13,-0.01,8.42
79395,0.00,1001.33,30.34,2.30,-0.28,-11.77,-0.01,0.01,-0.00,8.42
79446,0.00,1001.33,30.34,2.06,-0.59,-12.14,-0.01,-0.07,-0.00,8.42
79485,0.00,1001.33,30.34,2.20,-0.45,-11.88,-0.01,0.02,-0.00,8.42
79523,0.00,1001.34,30.34,2.19,-0.56,-12.09,-0.01,-0.07,-0.01,8.42
79561,0.00,1001.34,30.34,2.17,-0.56,-12.06,-0.01,-0.08,-0.01,8.42
79599,0.00,1001.34,30.34,2.09,-0.56,-12.01,-0.02,-0.05,-0.01,8.41
79650,0.00,1001.34,30.35,2.14,-0.51,-11.87,-0.03,-0.08,-0.01,8.41
79689,0.00,1001.32,30.34,2.09,-0.60,-12.30,-0.04,-0.04,-0.00,8.41
79737,0.00,1001.33,30.34,1.94,-0.65,-11.60,-0.06,-0.10,-0.00,8.41
79776,0.00,1001.32,30.34,2.45,-0.30,-11.61,0.00,0.07,-0.01,8.41
79814,0.00,1001.33,30.34,1.98,-0.62,-12.56,-0.01,-0.07,-0.01,8.41
79866,0.00,1001.33,30.34,2.00,-0.50,-12.32,-0.05,-0.03,-0.00,8.41
79905,0.00,1001.34,30.34,2.15,-0.45,-11.37,-0.02,-0.03,-0.01,8.41
79943,0.00,1001.33,30.34,2.03,-0.46,-11.87,-0.02,-0.03,-0.01,8.41
79981,0.00,1001.34,30.34,2.09,-0.41,-11.90,-0.01,-0.02,-0.01,8.41
80019,0.00,1001.34,30.34,2.11,-0.49,-12.03,-0.01,-0.02,-0.01,8.41
80070,0.00,1001.33,30.34,2.13,-0.49,-11.62,-0.02,-0.04,-0.01,8.41
80109,0.00,1001.33,30.34,1.98,-0.52,-12.40,-0.01,-0.02,-0.01,8.41
80147,0.00,1001.33,30.34,1.96,-0.46,-12.15,-0.01,-0.02,-0.01,8.41
80185,0.00,1001.34,30.34,2.12,-0.47,-11.92,-0.01,-0.02,-0.01,8.41
80223,0.00,1001.33,30.34,1.66,-0.34,-12.75,0.00,0.03,-0.01,8.41
80282,0.00,1001.33,30.35,2.31,-0.02,-13.84,-0.06,-0.19,-0.00,8.41
80321,0.00,1001.33,30.34,2.07,-0.52,-12.84,-0.02,0.11,-0.03,8.41
80359,0.00,1001.33,30.34,2.38,-0.49,-11.85,-0.01,-0.16,0.00,8.41
80397,0.00,1001.33,30.34,1.76,-0.53,-11.88,-0.04,-0.24,0.01,8.41
80435,0.00,1001.33,30.34,1.93,-0.29,-12.46,-0.04,-0.39,-0.02,8.41
80487,0.00,1001.33,30.34,2.03,0.86,-14.21,-0.16,-0.52,-0.00,8.41
80526,0.00,1001.33,30.34,1.13,1.43,-11.65,-0.14,-1.62,0.04,8.41
80564,0.00,1001.33,30.34,1.02,0.61,-12.65,-0.04,-1.17,0.07,8.41
80602,0.00,1001.33,30.34,0.85,0.39,-12.57,-0.02,-0.36,0.06,8.41
80640,0.00,1001.33,30.35,0.08,1.10,-12.16,-0.04,0.15,0.04,8.41
80691,0.00,1001.33,30.35,0.34,1.20,-11.86,-0.05,0.02,0.04,8.41
80729,0.00,1001.33,30.35,0.31,0.74,-11.45,-0.04,0.28,0.03,8.41
80777,0.00,1001.34,30.35,0.62,0.31,-10.84,-0.07,0.29,0.01,8.41
80816,0.00,1001.33,30.34,0.27,-0.30,-10.23,-0.06,-0.09,0.03,8.41
80854,0.00,1001.33,30.34,1.05,-0.73,-10.61,-0.05,0.02,0.03,8.41
80905,0.00,1001.33,30.34,1.27,-1.67,-10.81,-0.04,-0.14,-0.00,8.41
80944,0.00,1001.33,30.34,1.17,-2.35,-10.56,-0.02,0.13,-0.04,8.41
80982,0.00,1001.33,30.34,2.04,-2.40,-11.09,0.06,0.30,-0.09,8.41
81020,0.00,1001.33,30.34,1.87,-2.08,-11.80,0.18,0.71,-0.12,8.42
81058,0.00,1001.33,30.34,0.47,-1.99,-12.01,0.31,0.15,-0.10,8.41
81109,0.00,1001.33,30.35,0.91,-0.74,-15.02,0.23,0.21,-0.08,8.41
81147,0.00,1001.34,30.34,-0.12,-0.39,-14.12,0.07,0.13,0.03,8.41
81185,0.00,1001.34,30.34,1.43,-0.51,-12.34,0.02,-0.10,0.08,8.41
81223,0.00,1001.35,30.34,2.24,-0.38,-12.55,-0.00,0.08,0.00,8.41
81261,0.00,1001.34,30.35,1.22,-0.66,-12.30,-0.01,-0.03,-0.02,8.41
81320,0.00,1001.33,30.35,1.33,-0.62,-12.10,-0.02,-0.02,-0.00,8.41
81359,0.00,1001.34,30.35,1.38,-0.50,-12.00,-0.01,-0.06,-0.00,8.41
81397,0.00,1001.34,30.34,1.42,-0.54,-12.03,-0.02,-0.13,0.00,8.41
81435,0.00,1001.34,30.34,1.19,-0.53,-12.16,-0.02,-0.17,0.01,8.41
81473,0.00,1001.35,30.35,0.93,-0.55,-12.05,-0.01,-0.02,-0.00,8.41
81525,0.00,1001.35,30.35,1.19,-0.58,-12.13,-0.01,0.03,-0.01,8.41
81564,0.00,1001.34,30.34,1.20,-0.57,-12.03,-0.01,-0.00,-0.01,8.41
81602,0.00,1001.34,30.34,1.15,-0.49,-12.04,-0.01,0.01,-0.01,8.41
81640,0.00,1001.34,30.35,1.28,-0.60,-12.09,-0.01,-0.01,-0.01,8.41
81678,0.00,1001.33,30.35,1.17,-0.52,-12.13,-0.01,-0.02,-0.01,8.41
81730,0.00,1001.33,30.35,1.24,-0.54,-12.05,-0.01,-0.02,-0.01,8.41
81769,0.00,1001.33,30.35,1.20,-0.63,-12.10,-0.01,-0.05,-0.01,8.41
81816,0.00,1001.34,30.35,1.18,-0.47,-12.05,-0.03,-0.20,0.01,8.41
81855,0.00,1001.33,30.34,0.84,-0.58,-12.15,-0.01,0.06,-0.01,8.41
81893,0.00,1001.34,30.34,1.21,-0.54,-12.16,-0.01,0.13,-0.01,8.41
81944,0.00,1001.34,30.34,1.13,-0.55,-12.12,-0.01,-0.02,-0.01,8.41
81983,0.00,1001.34,30.34,1.17,-0.60,-12.05,-0.01,-0.03,-0.00,8.41
82021,0.00,1001.34,30.34,1.21,-0.60,-12.11,-0.01,-0.01,-0.01,8.41
82059,0.00,1001.34,30.34,1.17,-0.50,-12.08,-0.01,-0.02,-0.01,8.41
82097,0.00,1001.33,30.34,1.24,-0.50,-12.10,-0.01,-0.02,-0.01,8.41
82148,0.00,1001.33,30.35,1.20,-0.60,-12.17,-0.01,-0.02,-0.01,8.41
82187,0.00,1001.33,30.35,1.13,-0.48,-12.06,-0.01,-0.02,-0.01,8.41
82225,0.00,1001.33,30.35,1.16,-0.49,-12.11,-0.01,-0.02,-0.01,8.42
82263,0.00,1001.34,30.35,1.24,-0.56,-12.15,-0.01,-0.01,-0.01,8.42
82301,0.00,1001.34,30.35,1.21,-0.53,-12.08,-0.01,-0.02,-0.01,8.42
82362,0.00,1001.34,30.35,1.18,-0.51,-12.08,-0.01,-0.02,-0.01,8.42
82401,0.00,1001.34,30.34,1.21,-0.51,-12.17,-0.01,-0.02,-0.00,8.42
82439,0.00,1001.34,30.34,1.25,-0.60,-12.12,-0.01,-0.02,-0.01,8.42
82477,0.00,1001.34,30.34,1.17,-0.59,-12.13,-0.01,-0.02,-0.01,8.42
82515,0.00,1001.33,30.34,1.22,-0.56,-12.11,-0.01,-0.02,-0.01,8.41
82567,0.00,1001.33,30.34,1.21,-0.55,-12.03,-0.01,-0.02,-0.01,8.41
82606,0.00,1001.33,30.34,1.20,-0.56,-12.11,-0.01,-0.02,-0.01,8.41
82644,0.00,1001.31,30.34,1.19,-0.51,-12.02,-0.01,-0.02,-0.00,8.41
82682,0.00,1001.32,30.34,1.22,-0.52,-12.06,-0.01,-0.02,-0.01,8.41
82720,0.00,1001.32,30.34,1.22,-0.52,-12.10,-0.01,-0.02,-0.01,8.41
82772,0.00,1001.33,30.35,1.18,-0.49,-12.07,-0.01,-0.02,-0.01,8.41
82811,0.00,1001.33,30.35,1.25,-0.56,-12.11,-0.01,-0.02,-0.00,8.41
82857,0.00,1001.33,30.34,1.19,-0.56,-12.18,-0.01,-0.02,-0.00,8.41
82896,0.00,1001.33,30.34,1.22,-0.54,-12.07,-0.01,-0.02,-0.01,8.41
82934,0.00,1001.33,30.34,1.15,-0.56,-12.08,-0.01,-0.02,-0.01,8.41
82986,0.00,1001.34,30.34,1.23,-0.56,-12.16,-0.01,-0.02,-0.01,8.41
83025,0.00,1001.33,30.34,1.24,-0.54,-12.07,-0.01,-0.02,-0.01,8.41
83063,0.00,1001.33,30.34,1.28,-0.54,-12.10,-0.01,-0.02,-0.01,8.41
83101,0.00,1001.33,30.34,1.22,-0.55,-12.22,-0.01,-0.02,-0.01,8.41
83139,0.00,1001.33,30.34,1.25,-0.55,-12.10,-0.01,-0.02,-0.01,8.41
83190,0.00,1001.33,30.35,1.19,-0.56,-12.05,-0.01,-0.02,-0.01,8.41
83229,0.00,1001.32,30.34,1.26,-0.53,-12.15,-0.01,-0.02,-0.01,8.41
83267,0.00,1001.32,30.34,1.23,-0.50,-12.05,-0.01,-0.02,-0.01,8.41
83305,0.00,1001.32,30.34,1.24,-0.55,-12.00,-0.01,-0.02,-0.01,8.41
83343,0.00,1001.32,30.35,1.24,-0.61,-12.06,-0.01,-0.02,-0.01,8.41
83404,0.00,1001.32,30.35,1.20,-0.49,-12.13,-0.01,-0.02,-0.00,8.41
83443,0.00,1001.33,30.35,1.18,-0.58,-12.08,-0.01,-0.02,-0.01,8.41
83481,0.00,1001.33,30.34,1.18,-0.55,-12.14,-0.01,-0.02,-0.01,8.41
83519,0.00,1001.33,30.34,1.25,-0.54,-12.09,-0.01,-0.02,-0.01,8.42
83557,0.00,1001.33,30.34,1.22,-0.54,-12.08,-0.01,-0.02,-0.01,8.42
83609,0.00,1001.33,30.34,1.24,-0.47,-12.11,-0.01,-0.01,-0.01,8.42
83648,0.00,1001.34,30.34,1.21,-0.49,-12.11,-0.01,-0.02,-0.01,8.42
83686,0.00,1001.34,30.34,1.22,-0.53,-12.09,-0.01,-0.02,-0.01,8.42
83724,0.00,1001.34,30.34,1.16,-0.49,-12.05,-0.01,-0.02,-0.00,8.42
83762,0.00,1001.33,30.35,1.26,-0.54,-12.12,-0.01,-0.02,-0.01,8.42
83813,0.00,1001.34,30.35,1.28,-0.58,-12.05,-0.01,-0.02,-0.01,8.42
83852,0.00,1001.34,30.35,1.24,-0.52,-12.07,-0.01,-0.02,-0.01,8.42
83898,0.00,1001.34,30.35,1.22,-0.49,-12.11,-0.01,-0.02,-0.01,8.42
83937,0.00,1001.34,30.34,1.23,-0.52,-12.10,-0.01,-0.02,-0.01,8.41
83975,0.00,1001.35,30.34,1.24,-0.49,-12.14,-0.01,-0.02,-0.01,8.41
84027,0.00,1001.34,30.34,1.14,-0.52,-12.07,-0.01,-0.02,-0.01,8.41
84066,0.00,1001.34,30.34,1.25,-0.57,-12.09,-0.01,-0.02,-0.01,8.42
84104,0.00,1001.33,30.34,1.21,-0.54,-12.08,-0.01,-0.02,-0.01,8.42
84142,0.00,1001.33,30.34,1.23,-0.53,-12.07,-0.01,-0.02,-0.01,8.42
84180,0.00,1001.33,30.34,1.26,-0.55,-12.09,-0.01,-0.02,-0.01,8.42
84231,0.00,1001.34,30.34,1.25,-0.54,-12.11,-0.01,-0.02,-0.01,8.42
84270,0.00,1001.34,30.34,1.29,-0.56,-11.99,-0.01,-0.02,-0.01,8.42
84308,0.00,1001.34,30.34,1.27,-0.49,-12.07,-0.01,-0.02,-0.01,8.42
84346,0.00,1001.34,30.34,1.22,-0.55,-12.11,-0.01,-0.02,-0.01,8.42
84384,0.00,1001.34,30.35,1.25,-0.47,-12.07,-0.01,-0.02,-0.01,8.42
84445,0.00,1001.34,30.35,1.58,-0.66,-12.40,0.01,-0.05,-0.00,8.42
84484,0.00,1001.34,30.34,1.12,-0.69,-12.33,-0.01,-0.04,-0.01,8.42
84522,0.00,1001.33,30.34,1.12,-0.53,-12.40,-0.01,-0.06,-0.00,8.42
84560,0.00,1001.33,30.34,1.13,-0.60,-11.23,-0.02,0.03,0.00,8.42
84598,0.00,1001.34,30.34,1.04,-0.68,-13.17,0.02,0.01,-0.02,8.42
84649,0.00,1001.34,30.34,1.36,-0.51,-12.21,-0.00,0.06,-0.02,8.42
84688,0.00,1001.34,30.34,1.33,-0.44,-12.19,-0.01,0.02,-0.01,8.42
84726,0.00,1001.33,30.34,1.24,-0.70,-12.42,-0.01,-0.01,-0.01,8.42
84764,0.00,1001.33,30.34,1.00,-0.58,-11.86,-0.01,-0.09,-0.01,8.42
84802,0.00,1001.33,30.35,1.41,-0.57,-12.07,-0.01,-0.00,-0.01,8.42
84853,0.00,1001.33,30.35,1.35,-0.56,-12.05,-0.01,0.02,-0.01,8.43
84892,0.00,1001.33,30.35,1.35,-0.50,-12.03,-0.01,-0.05,-0.00,8.43
84940,0.00,1001.34,30.35,1.17,-0.51,-12.06,-0.01,-0.04,-0.00,8.42
84979,0.00,1001.33,30.34,1.46,-0.56,-11.71,-0.01,-0.03,-0.01,8.42
85017,0.00,1001.33,30.34,1.29,-0.63,-12.56,-0.01,-0.11,-0.01,8.42
85069,0.00,1001.33,30.34,1.22,-0.40,-12.33,-0.00,0.00,-0.01,8.42
85108,0.00,1001.33,30.34,1.45,-0.32,-13.46,-0.00,0.08,-0.01,8.42
85146,0.00,1001.33,30.34,1.74,-0.62,-11.04,-0.01,-0.00,-0.00,8.42
85184,0.00,1001.33,30.34,1.04,-0.82,-12.56,-0.01,0.03,-0.01,8.42
85222,0.00,1001.33,30.35,1.32,-0.35,-11.80,-0.01,-0.04,-0.01,8.42
85273,0.00,1001.33,30.35,1.43,-0.64,-12.03,-0.01,-0.01,-0.00,8.42
85312,0.00,1001.33,30.35,1.65,-0.45,-11.19,-0.02,0.06,-0.01,8.42
85350,0.00,1001.33,30.34,1.76,-0.67,-10.98,-0.03,0.13,-0.01,8.43
85388,0.00,1001.33,30.35,1.48,-0.38,-13.40,0.04,0.28,-0.01,8.43
85426,0.00,1001.33,30.35,1.52,-0.57,-11.87,-0.01,-0.13,-0.00,8.43
85485,0.00,1001.33,30.35,1.40,-0.55,-12.04,-0.01,-0.04,-0.01,8.43
85524,0.00,1001.34,30.35,1.58,-0.35,-11.43,-0.02,0.03,-0.01,8.43
85562,0.00,1001.34,30.34,0.94,-0.48,-12.23,-0.01,-0.02,-0.01,8.43
85600,0.00,1001.34,30.34,1.58,-0.74,-12.02,-0.02,-0.21,0.00,8.43
85638,0.00,1001.35,30.34,1.78,-0.53,-12.12,-0.01,-0.01,-0.01,8.42
85690,0.00,1001.34,30.35,1.54,-0.57,-11.46,-0.02,0.01,-0.00,8.42
85729,0.00,1001.34,30.34,2.04,0.16,-12.30,-0.01,0.16,-0.01,8.42
85767,0.00,1001.34,30.34,1.32,-0.93,-12.01,-0.02,-0.17,0.00,8.42
85805,0.00,1001.34,30.34,1.21,-0.85,-11.56,-0.01,0.07,-0.01,8.43
85843,0.00,1001.35,30.35,1.48,-0.69,-12.92,0.01,0.10,-0.01,8.43
85894,0.00,1001.34,30.35,1.33,-0.75,-12.51,-0.01,-0.10,0.00,8.43
85933,0.00,1001.35,30.35,1.38,-0.68,-11.86,-0.01,-0.03,-0.01,8.43
85981,0.00,1001.35,30.35,1.10,-0.42,-12.05,-0.01,-0.03,-0.01,8.43
86020,0.00,1001.34,30.34,1.04,-0.85,-12.21,-0.01,-0.04,-0.00,8.43
86058,0.00,1001.33,30.34,2.26,-0.83,-11.79,-0.01,-0.13,-0.02,8.43
86110,0.00,1001.34,30.34,1.86,-0.48,-10.10,-0.03,0.02,-0.01,8.43
86149,0.00,1001.33,30.34,0.63,-1.02,-13.82,0.01,-0.09,-0.02,8.43
86187,0.00,1001.34,30.34,1.60,-0.53,-10.65,-0.00,0.00,-0.01,8.43
86225,0.00,1001.33,30.34,1.73,-0.61,-11.66,-0.01,0.07,-0.01,8.43
86263,0.00,1001.33,30.34,2.05,-0.45,-12.99,0.01,0.11,-0.00,8.43
86314,0.00,1001.33,30.35,1.63,-0.60,-11.89,-0.00,-0.12,-0.01,8.43
86353,0.00,1001.33,30.34,2.22,-0.68,-12.56,0.00,0.03,-0.00,8.42
86391,0.00,1001.33,30.35,2.17,-0.56,-12.63,-0.01,-0.13,-0.01,8.42
86429,0.00,1001.33,30.35,1.15,-0.78,-12.31,-0.00,-0.07,-0.01,8.43
86467,0.00,1001.34,30.35,1.63,-0.42,-11.65,-0.01,0.00,-0.01,8.42
86528,0.00,1001.34,30.35,0.50,-0.89,-13.09,-0.03,-0.17,-0.00,8.42
86567,0.00,1001.34,30.34,1.66,-0.23,-11.67,-0.01,0.03,-0.01,8.42
86605,0.00,1001.35,30.34,1.44,-0.51,-12.24,-0.00,-0.01,-0.01,8.42
86643,0.00,1001.34,30.34,1.70,-0.52,-11.98,0.00,0.01,-0.01,8.42
86681,0.00,1001.33,30.34,1.40,-0.49,-11.40,-0.03,-0.05,-0.01,8.42
86733,0.00,1001.33,30.34,1.27,-0.68,-12.13,-0.02,0.05,-0.01,8.42
86772,0.00,1001.33,30.34,0.99,-0.90,-11.89,0.00,-0.04,-0.01,8.42
86810,0.00,1001.33,30.34,1.51,-0.77,-12.20,-0.01,-0.09,-0.01,8.42
86848,0.00,1001.33,30.34,0.62,-0.47,-12.16,-0.03,-0.04,0.01,8.42
86886,0.00,1001.33,30.35,1.86,-0.65,-12.08,-0.02,0.01,-0.01,8.42
86937,0.00,1001.33,30.35,1.20,-0.64,-12.50,-0.01,-0.01,-0.01,8.42
86976,0.00,1001.33,30.35,1.44,-0.57,-12.97,-0.00,-0.01,-0.01,8.42
87022,0.00,1001.33,30.35,1.63,-0.45,-12.50,-0.00,0.03,-0.01,8.42
87061,0.00,1001.33,30.34,1.29,-0.34,-12.08,-0.00,-0.04,-0.01,8.42
87099,0.00,1001.33,30.34,1.96,-0.46,-12.50,-0.02,-0.20,0.00,8.42
87150,0.00,1001.33,30.34,1.47,-0.60,-11.94,-0.01,0.03,-0.01,8.42
87189,0.00,1001.31,30.34,1.52,-0.40,-12.02,-0.01,-0.05,-0.01,8.42
87227,0.00,1001.32,30.34,0.57,-0.33,-12.17,-0.04,-0.04,0.00,8.42
87265,0.00,1001.31,30.34,1.37,-0.90,-12.81,-0.00,-0.21,-0.01,8.42
87303,0.00,1001.31,30.34,0.61,-0.57,-11.76,-0.02,-0.01,-0.01,8.42
87354,0.00,1001.32,30.34,1.55,-0.52,-12.62,-0.00,0.11,-0.01,8.42
87393,0.00,1001.32,30.34,1.69,-0.60,-11.87,-0.00,-0.01,-0.01,8.42
87431,0.00,1001.32,30.34,1.88,-0.44,-11.61,-0.01,0.06,-0.01,8.42
87469,0.00,1001.32,30.34,1.27,-0.53,-11.54,-0.00,-0.06,-0.00,8.41
87507,0.00,1001.33,30.35,1.15,-0.51,-12.63,0.00,-0.12,-0.00,8.42
87572,0.00,1001.33,30.35,1.54,-0.90,-12.30,-0.01,-0.02,-0.01,8.41
87611,0.00,1001.32,30.34,1.33,-0.52,-11.67,-0.01,-0.04,-0.00,8.41
87649,0.00,1001.33,30.34,1.81,-0.04,-12.31,-0.02,0.23,-0.01,8.41
87687,0.00,1001.33,30.34,1.46,-0.42,-11.72,-0.01,-0.10,-0.00,8.41
87725,0.00,1001.33,30.34,1.71,-0.43,-12.20,-0.00,0.01,-0.01,8.41
87777,0.00,1001.33,30.34,1.95,-0.64,-12.45,0.01,0.00,-0.02,8.42
87816,0.00,1001.33,30.34,0.90,-0.68,-11.88,-0.01,-0.05,-0.00,8.41
87854,0.00,1001.33,30.34,1.18,-0.91,-13.05,-0.01,-0.05,-0.00,8.42
87892,0.00,1001.34,30.34,1.25,-0.71,-12.43,-0.00,-0.06,-0.01,8.42
87930,0.00,1001.33,30.34,1.37,-0.53,-11.87,-0.01,-0.04,-0.01,8.41
87982,0.00,1001.33,30.34,1.68,-0.18,-11.35,-0.01,-0.03,-0.01,8.42
88021,0.00,1001.32,30.34,1.58,-0.74,-11.88,-0.02,-0.01,-0.01,8.42
88068,0.00,1001.33,30.34,1.30,-0.49,-11.95,-0.00,0.02,-0.01,8.42
88107,0.00,1001.33,30.34,1.10,-0.67,-12.33,-0.01,-0.10,-0.01,8.42
88145,0.00,1001.33,30.34,0.95,-0.52,-11.74,-0.00,0.04,-0.01,8.42
88196,0.00,1001.33,30.34,1.74,-0.47,-11.65,-0.01,-0.01,-0.01,8.42
88235,0.00,1001.34,30.34,1.70,-0.65,-12.28,-0.01,-0.01,-0.01,8.42
88273,0.00,1001.34,30.34,1.37,-0.56,-12.01,-0.01,0.03,-0.01,8.42
88311,0.00,1001.34,30.34,0.91,-0.15,-12.31,-0.02,0.01,-0.01,8.42
88349,0.00,1001.34,30.34,1.12,-0.70,-12.32,-0.02,-0.06,0.00,8.42
88400,0.00,1001.34,30.35,1.06,-0.54,-11.32,-0.02,-0.05,-0.01,8.42
88439,0.00,1001.34,30.35,1.56,-0.50,-11.87,-0.01,0.02,-0.01,8.42
88477,0.00,1001.34,30.35,2.23,-0.64,-10.33,-0.05,0.12,0.01,8.42
88515,0.00,1001.34,30.35,1.09,-0.47,-11.18,-0.02,-0.04,-0.00,8.42
88553,0.00,1001.34,30.35,1.57,-0.40,-11.83,-0.01,-0.01,-0.00,8.42
88614,0.00,1001.34,30.35,2.04,-0.25,-11.21,-0.02,-0.03,0.00,8.42
88653,0.00,1001.34,30.35,1.59,-0.27,-11.04,-0.01,0.03,-0.01,8.42
88691,0.00,1001.34,30.34,1.78,-0.65,-12.12,-0.00,-0.04,-0.01,8.42
88729,0.00,1001.34,30.34,1.62,-0.40,-11.84,-0.01,-0.02,-0.00,8.42
88767,0.00,1001.34,30.34,1.25,-0.32,-12.08,-0.02,-0.11,0.00,8.41
88819,0.00,1001.34,30.35,0.95,-0.27,-11.20,-0.00,-0.03,-0.01,8.42
88858,0.00,1001.34,30.34,2.00,-0.51,-11.99,-0.00,-0.00,-0.01,8.41
88896,0.00,1001.34,30.34,1.79,-0.14,-12.40,0.03,0.06,-0.00,8.41
88934,0.00,1001.34,30.34,2.74,-0.72,-13.81,-0.01,-0.05,0.02,8.42
88972,0.00,1001.33,30.35,1.85,0.75,-8.01,-0.06,0.19,-0.01,8.41
89023,0.00,1001.34,30.35,3.84,-1.60,-12.63,-0.04,-0.10,0.01,8.42
89062,0.00,1001.34,30.35,2.13,-0.67,-10.50,-0.00,-0.05,-0.02,8.42
89110,0.00,1001.34,30.35,2.08,-0.60,-12.34,-0.01,-0.08,-0.01,8.42
89149,0.00,1001.33,30.34,1.54,-0.37,-11.85,-0.01,0.02,-0.01,8.42
89187,0.00,1001.33,30.34,1.55,-0.52,-12.54,0.00,-0.05,-0.01,8.42
89239,0.00,1001.34,30.34,0.88,-0.76,-14.28,-0.02,-0.18,-0.02,8.42
89278,0.00,1001.34,30.34,1.91,-0.53,-9.58,-0.05,0.03,-0.01,8.41
89316,0.00,1001.34,30.34,0.88,-1.17,-12.87,-0.01,-0.07,-0.00,8.41
89354,0.00,1001.34,30.34,1.37,-0.76,-12.29,-0.00,-0.02,-0.01,8.42
89392,0.00,1001.34,30.34,1.49,-0.31,-12.88,-0.01,0.03,-0.01,8.42
89443,0.00,1001.34,30.35,2.27,-0.70,-13.03,-0.00,0.01,-0.01,8.41
89482,0.00,1001.34,30.35,1.38,-0.43,-11.57,-0.01,0.06,-0.01,8.42
89520,0.00,1001.34,30.35,1.77,-0.51,-14.35,-0.02,-0.16,0.01,8.42
89558,0.00,1001.35,30.35,1.93,0.19,-13.44,0.03,0.04,-0.02,8.42
89596,0.00,1001.35,30.35,1.15,-0.33,-12.10,-0.01,-0.21,0.01,8.41
89665,0.00,1001.35,30.35,0.62,-0.57,-12.70,-0.00,-0.12,-0.01,8.41
89704,0.00,1001.34,30.34,1.58,-0.37,-11.75,-0.00,0.08,-0.01,8.41
89742,0.00,1001.34,30.34,1.02,-0.57,-12.86,-0.00,-0.02,-0.01,8.41
89780,0.00,1001.33,30.34,1.30,-0.66,-12.18,-0.01,0.04,-0.01,8.41
89818,0.00,1001.35,30.34,1.53,-0.56,-12.07,-0.01,-0.10,-0.00,8.41
89870,0.00,1001.35,30.34,1.47,-0.62,-12.02,-0.01,-0.05,-0.00,8.41
89909,0.00,1001.34,30.34,1.28,-0.52,-10.93,-0.03,0.09,-0.01,8.41
89947,0.00,1001.34,30.34,0.49,-1.14,-14.59,-0.01,-0.35,0.00,8.41
89985,0.00,1001.34,30.34,1.70,-0.28,-11.44,0.00,0.20,-0.02,8.41
90023,0.00,1001.34,30.34,1.40,-0.56,-12.41,-0.02,-0.13,0.00,8.41
90074,0.00,1001.34,30.34,1.54,-0.59,-11.98,-0.01,0.08,-0.01,8.41
90113,0.00,1001.33,30.34,1.63,-0.48,-11.92,-0.01,0.06,-0.01,8.42
90162,0.00,1001.32,30.34,1.08,-0.50,-12.14,-0.01,-0.06,-0.00,8.42
90201,0.00,1001.33,30.34,1.16,-0.58,-12.43,-0.00,0.20,-0.01,8.42
90239,0.00,1001.33,30.34,1.62,-0.69,-12.04,-0.01,-0.26,0.00,8.42
90291,0.00,1001.33,30.34,1.89,-0.27,-11.01,0.01,0.04,-0.02,8.42
90329,0.00,1001.33,30.34,1.38,-0.62,-12.46,-0.01,-0.01,-0.01,8.42
90367,0.00,1001.33,30.34,1.88,0.48,-10.21,-0.00,0.13,0.02,8.42
90405,0.00,1001.32,30.34,1.78,-0.02,-11.90,-0.03,-0.03,-0.00,8.42
90443,0.00,1001.33,30.34,0.32,-0.74,-14.48,-0.03,-0.00,-0.02,8.42
90494,0.00,1001.33,30.35,1.76,-0.57,-11.66,-0.03,0.04,-0.01,8.42
90533,0.00,1001.33,30.35,1.64,-0.82,-11.92,-0.01,-0.08,-0.00,8.42
90571,0.00,1001.34,30.34,1.29,-0.52,-11.97,-0.01,0.05,-0.01,8.42
90609,0.00,1001.34,30.34,1.16,-2.09,-13.06,0.00,-0.16,-0.02,8.42
90647,0.00,1001.34,30.35,2.00,-0.38,-10.79,-0.02,-0.12,-0.00,8.42
90708,0.00,1001.34,30.35,1.54,-0.37,-11.85,-0.01,0.13,-0.01,8.42
90747,0.00,1001.34,30.34,0.98,-0.85,-13.19,-0.02,0.17,-0.00,8.43
90785,0.00,1001.34,30.34,2.11,-0.47,-10.21,-0.02,0.03,-0.01,8.43
90823,0.00,1001.33,30.34,1.31,-0.44,-12.92,-0.01,0.11,-0.01,8.42
90861,0.00,1001.33,30.34,1.70,-0.62,-11.90,-0.00,0.20,-0.01,8.42
90913,0.00,1001.34,30.34,1.83,-0.47,-12.79,-0.02,0.15,-0.01,8.42
90952,0.00,1001.33,30.34,1.75,-0.62,-11.87,-0.02,-0.03,-0.00,8.42
90990,0.00,1001.33,30.34,1.80,-0.45,-11.73,-0.01,-0.01,-0.01,8.42
91028,0.00,1001.33,30.34,0.27,-0.83,-13.96,0.01,-0.11,-0.01,8.42
91066,0.00,1001.33,30.34,1.92,-0.34,-11.10,-0.00,0.01,-0.01,8.42
91117,0.00,1001.34,30.35,2.06,-0.76,-12.92,-0.00,0.00,-0.00,8.42
91156,0.00,1001.33,30.34,0.01,-0.58,-12.54,-0.01,-0.13,-0.01,8.42
91202,0.00,1001.33,30.34,2.59,-0.49,-12.09,-0.01,0.09,-0.02,8.42
91241,0.00,1001.33,30.34,2.73,-0.58,-11.88,-0.01,-0.08,-0.00,8.42
91279,0.00,1001.32,30.34,1.83,-0.52,-11.82,-0.02,-0.05,-0.01,8.42
91331,0.00,1001.33,30.34,2.18,-0.53,-11.55,-0.01,-0.03,-0.01,8.42
91370,0.00,1001.33,30.34,0.97,-0.48,-11.60,-0.02,-0.10,-0.01,8.42
91408,0.00,1001.34,30.34,1.90,-0.76,-11.93,-0.02,-0.03,-0.00,8.42
91446,0.00,1001.34,30.34,1.94,-0.44,-11.73,-0.01,-0.07,-0.01,8.42
91484,0.00,1001.34,30.34,1.95,-0.58,-12.27,-0.01,0.01,-0.01,8.42
91535,0.00,1001.33,30.35,1.77,-0.51,-11.78,-0.01,0.00,-0.01,8.42
91574,0.00,1001.33,30.34,1.76,-0.45,-11.87,-0.01,0.01,-0.01,8.42
91612,0.00,1001.33,30.34,1.56,-0.56,-12.05,-0.01,-0.01,-0.01,8.42
91650,0.00,1001.33,30.34,1.80,-0.51,-12.00,-0.01,0.02,-0.01,8.42
91688,0.00,1001.33,30.35,1.81,-0.53,-11.96,-0.01,-0.02,-0.01,8.42
91749,0.00,1001.33,30.35,1.49,-0.20,-12.93,0.03,-0.03,-0.03,8.42
91788,0.00,1001.33,30.34,2.00,-0.48,-13.25,-0.02,-0.06,0.00,8.42
91826,0.00,1001.34,30.34,1.22,-0.64,-12.70,-0.01,-0.02,-0.01,8.42
91864,0.00,1001.33,30.34,3.31,-0.72,-15.75,-0.01,-0.07,0.00,8.42
91902,0.00,1001.33,30.34,0.24,-0.39,-10.86,-0.02,-0.08,-0.02,8.42
91954,0.00,1001.32,30.35,1.78,-0.45,-12.01,-0.01,-0.06,-0.00,8.42
91993,0.00,1001.32,30.34,3.35,-0.68,-11.87,-0.01,0.00,-0.00,8.42
92031,0.00,1001.32,30.34,2.62,-0.62,-12.11,-0.02,-0.03,-0.01,8.42
92069,0.00,1001.33,30.34,2.63,-0.45,-11.15,-0.01,0.09,-0.01,8.42
92107,0.00,1001.34,30.34,1.92,-0.50,-12.14,-0.01,0.00,-0.01,8.41
92158,0.00,1001.33,30.35,1.82,-0.54,-12.08,-0.01,-0.06,-0.01,8.41
92197,0.00,1001.34,30.34,1.77,-0.42,-12.11,-0.01,-0.12,-0.01,8.41
92243,0.00,1001.33,30.34,1.59,-0.61,-12.21,0.00,0.06,-0.01,8.41
92282,0.00,1001.33,30.34,1.75,-0.48,-12.12,-0.01,-0.02,-0.00,8.41
92320,0.00,1001.32,30.34,1.82,-0.52,-12.15,-0.01,-0.01,-0.01,8.41
92372,0.00,1001.32,30.34,1.77,-0.52,-12.04,-0.01,-0.03,-0.01,8.41
92411,0.00,1001.33,30.34,1.80,-0.51,-12.01,-0.02,-0.03,-0.01,8.41
92449,0.00,1001.33,30.34,1.84,-0.53,-12.00,-0.01,-0.02,-0.01,8.41
92487,0.00,1001.33,30.34,1.80,-0.50,-11.98,-0.01,-0.01,-0.01,8.41
92525,0.00,1001.32,30.34,1.85,-0.53,-11.97,-0.01,-0.01,-0.01,8.41
92576,0.00,1001.32,30.34,1.80,-0.46,-12.11,-0.01,-0.02,-0.01,8.41
92615,0.00,1001.31,30.34,1.85,-0.59,-11.99,-0.00,-0.02,-0.01,8.41
92653,0.00,1001.32,30.34,1.81,-0.50,-12.11,-0.01,-0.02,-0.01,8.41
92691,0.00,1001.33,30.34,1.80,-0.51,-12.22,-0.01,-0.03,-0.01,8.41
92729,0.00,1001.33,30.34,1.92,-0.51,-11.93,-0.01,-0.03,-0.01,8.41
92790,0.00,1001.32,30.35,1.99,-0.46,-12.17,-0.01,-0.02,-0.01,8.41
92829,0.00,1001.33,30.34,2.04,-0.42,-11.88,-0.00,-0.04,-0.01,8.41
92867,0.00,1001.33,30.34,1.88,-0.49,-11.96,-0.01,-0.05,-0.01,8.42
92905,0.00,1001.32,30.34,1.13,-0.43,-11.77,-0.01,0.03,-0.02,8.42
92943,0.00,1001.32,30.34,-1.26,-0.38,-12.08,-0.03,-0.05,-0.01,8.42
92995,0.00,1001.32,30.34,1.60,-0.51,-12.33,-0.02,-0.01,-0.00,8.42
93034,0.00,1001.32,30.34,1.82,-0.56,-11.82,-0.00,-0.03,-0.01,8.42
93072,0.00,1001.33,30.34,1.91,-0.56,-12.40,-0.02,0.01,-0.01,8.42
93110,0.00,1001.34,30.34,2.42,-0.64,-11.90,-0.01,0.01,-0.01,8.42
93148,0.00,1001.34,30.34,2.22,-0.42,-10.10,-0.02,-0.04,-0.01,8.42
93200,0.00,1001.34,30.35,1.85,-0.41,-12.14,-0.01,-0.07,-0.00,8.42
93239,0.00,1001.34,30.34,1.59,-0.54,-11.88,-0.01,0.04,-0.01,8.42
93287,0.00,1001.33,30.34,2.00,-0.65,-13.41,-0.00,0.01,-0.01,8.42
93326,0.00,1001.33,30.34,1.95,-0.57,-11.69,-0.01,0.01,-0.01,8.42
93364,0.00,1001.33,30.34,1.89,-0.45,-12.03,-0.01,0.05,-0.01,8.42
93415,0.00,1001.33,30.34,1.85,-0.39,-12.00,-0.01,-0.01,-0.01,8.42
93454,0.00,1001.33,30.34,1.89,-0.59,-12.21,-0.01,-0.04,-0.01,8.42
93492,0.00,1001.33,30.34,1.82,-0.58,-12.13,-0.00,-0.09,-0.00,8.42
93530,0.00,1001.34,30.34,1.86,-0.52,-12.26,-0.01,-0.06,-0.01,8.42
93568,0.00,1001.34,30.34,2.29,0.21,-11.65,-0.01,-0.27,-0.02,8.42
93619,0.00,1001.34,30.34,2.00,-0.55,-12.56,0.01,0.07,-0.01,8.42
93657,0.00,1001.33,30.34,1.96,-0.58,-11.85,-0.01,-0.10,-0.00,8.42
93695,0.00,1001.33,30.34,1.80,-0.45,-11.91,-0.01,-0.08,-0.00,8.41
93733,0.00,1001.33,30.34,1.76,-0.35,-11.83,-0.01,-0.03,-0.01,8.41
93771,0.00,1001.33,30.35,1.86,-0.61,-11.92,-0.01,-0.04,-0.00,8.41
93830,0.00,1001.33,30.35,1.74,-0.56,-12.07,-0.01,-0.05,-0.00,8.41
93869,0.00,1001.32,30.34,1.85,-0.56,-12.07,-0.01,-0.03,-0.01,8.41
93907,0.00,1001.32,30.34,1.80,-0.55,-11.99,-0.02,-0.08,-0.01,8.42
93945,0.00,1001.33,30.34,1.75,-0.60,-11.96,-0.02,-0.02,-0.01,8.41
93983,0.00,1001.34,30.34,1.79,-0.55,-12.08,-0.01,0.06,-0.01,8.41
94034,0.00,1001.33,30.34,1.82,-0.51,-12.06,-0.01,-0.04,-0.01,8.41
94073,0.00,1001.34,30.34,1.85,-0.50,-12.01,-0.01,-0.02,-0.01,8.41
94111,0.00,1001.33,30.34,1.90,-0.53,-12.11,-0.01,-0.03,-0.01,8.41
94149,0.00,1001.33,30.34,1.73,-0.42,-12.32,-0.00,-0.09,-0.01,8.42
94187,0.00,1001.33,30.35,1.62,-0.59,-12.10,-0.00,-0.00,-0.01,8.42
94239,0.00,1001.33,30.35,1.75,-0.53,-12.25,-0.01,-0.06,-0.01,8.42
94278,0.00,1001.33,30.34,1.79,-0.54,-12.08,-0.01,-0.02,-0.01,8.42
94326,0.00,1001.33,30.34,1.79,-0.51,-11.98,-0.01,-0.03,-0.01,8.42
94365,0.00,1001.34,30.34,1.76,-0.55,-12.01,-0.01,-0.02,-0.01,8.41
94403,0.00,1001.34,30.34,1.74,-0.50,-12.10,-0.01,-0.02,-0.01,8.41
94455,0.00,1001.34,30.34,1.71,-0.59,-12.06,-0.01,-0.02,-0.01,8.42
94494,0.00,1001.33,30.34,1.77,-0.58,-12.04,-0.01,-0.02,-0.01,8.42
94532,0.00,1001.33,30.34,1.77,-0.50,-11.99,-0.01,-0.02,-0.01,8.42
94570,0.00,1001.33,30.34,1.73,-0.51,-12.04,-0.01,-0.02,-0.01,8.42
94608,0.00,1001.32,30.34,1.79,-0.53,-12.06,-0.01,-0.02,-0.01,8.42
94660,0.00,1001.32,30.34,1.72,-0.52,-12.01,-0.01,-0.02,-0.01,8.42
94699,0.00,1001.32,30.34,1.76,-0.59,-12.06,-0.01,-0.02,-0.01,8.41
94737,0.00,1001.32,30.34,1.78,-0.56,-11.99,-0.01,-0.02,-0.01,8.41
94775,0.00,1001.33,30.34,1.76,-0.52,-12.05,-0.01,-0.02,-0.01,8.42
94813,0.00,1001.32,30.34,1.73,-0.49,-12.07,-0.01,-0.02,-0.01,8.42
94874,0.00,1001.33,30.35,1.78,-0.49,-12.00,-0.01,-0.02,-0.01,8.42
94913,0.00,1001.33,30.34,1.75,-0.52,-12.06,-0.01,-0.02,-0.01,8.42
94951,0.00,1001.33,30.34,1.78,-0.52,-12.08,-0.01,-0.02,-0.01,8.42
94989,0.00,1001.34,30.34,1.81,-0.53,-12.06,-0.01,-0.02,-0.01,8.42
95027,0.00,1001.34,30.34,1.77,-0.56,-12.09,-0.01,-0.02,-0.01,8.42
95079,0.00,1001.35,30.34,1.77,-0.54,-12.05,-0.01,-0.02,-0.01,8.42
95118,0.00,1001.35,30.34,1.76,-0.53,-12.06,-0.01,-0.02,-0.01,8.42
95156,0.00,1001.34,30.34,1.71,-0.52,-12.02,-0.01,-0.02,-0.01,8.42
95194,0.00,1001.34,30.34,1.73,-0.55,-12.05,-0.01,-0.02,-0.01,8.42
95232,0.00,1001.34,30.34,1.71,-0.57,-12.11,-0.01,-0.02,-0.01,8.42
95283,0.00,1001.34,30.34,1.74,-0.51,-12.05,-0.01,-0.02,-0.01,8.42
95322,0.00,1001.33,30.34,1.72,-0.56,-12.07,-0.01,-0.02,-0.01,8.42
95368,0.00,1001.34,30.34,1.77,-0.50,-12.05,-0.01,-0.02,-0.01,8.42
95407,0.00,1001.35,30.34,1.76,-0.57,-12.11,-0.01,-0.02,-0.01,8.42
95445,0.00,1001.34,30.34,1.75,-0.50,-12.05,-0.01,-0.02,-0.01,8.42
95497,0.00,1001.34,30.34,1.69,-0.58,-11.99,-0.01,-0.02,-0.01,8.42
95536,0.00,1001.34,30.34,1.75,-0.47,-12.18,-0.01,-0.02,-0.01,8.42
95574,0.00,1001.34,30.34,1.77,-0.52,-12.09,-0.01,-0.02,-0.01,8.42
95612,0.00,1001.34,30.34,1.73,-0.54,-12.11,-0.01,-0.02,-0.01,8.42
95650,0.00,1001.34,30.34,1.73,-0.50,-12.15,-0.01,-0.02,-0.01,8.42
95701,0.00,1001.34,30.34,1.79,-0.53,-12.06,-0.01,-0.02,-0.01,8.42
95740,0.00,1001.34,30.34,1.78,-0.50,-12.08,-0.01,-0.02,-0.01,8.42
95778,0.00,1001.34,30.34,1.69,-0.63,-12.04,-0.01,-0.02,-0.01,8.42
95816,0.00,1001.34,30.34,1.77,-0.48,-11.94,-0.01,-0.02,-0.01,8.42
95854,0.00,1001.33,30.34,1.73,-0.51,-12.03,-0.01,-0.02,-0.01,8.42
95915,0.00,1001.33,30.35,1.73,-0.51,-12.00,-0.01,-0.02,-0.01,8.42
95954,0.00,1001.32,30.34,1.79,-0.51,-12.05,-0.01,-0.02,-0.01,8.42
95992,0.00,1001.33,30.34,1.78,-0.58,-12.08,-0.01,-0.02,-0.01,8.42
96030,0.00,1001.33,30.34,1.71,-0.56,-12.04,-0.01,-0.02,-0.01,8.42
96068,0.00,1001.33,30.34,1.74,-0.53,-11.96,-0.01,-0.02,-0.01,8.42
96120,0.00,1001.33,30.34,1.76,-0.56,-12.10,-0.01,-0.02,-0.01,8.42
96159,0.00,1001.33,30.34,1.71,-0.57,-12.03,-0.01,-0.02,-0.01,8.42
96197,0.00,1001.34,30.34,1.72,-0.50,-12.00,-0.01,-0.02,-0.01,8.42
96235,0.00,1001.34,30.34,1.78,-0.56,-12.05,-0.01,-0.02,-0.01,8.42
96273,0.00,1001.34,30.34,1.76,-0.54,-12.03,-0.01,-0.02,-0.01,8.42
96324,0.00,1001.33,30.35,1.79,-0.53,-12.11,-0.01,-0.02,-0.01,8.41
96363,0.00,1001.33,30.34,1.76,-0.52,-12.09,-0.01,-0.02,-0.01,8.42
96409,0.00,1001.33,30.34,1.71,-0.52,-11.99,-0.01,-0.02,-0.01,8.41
96448,0.00,1001.33,30.34,1.77,-0.50,-12.06,-0.01,-0.02,-0.00,8.41
96486,0.00,1001.33,30.34,1.76,-0.49,-12.10,-0.01,-0.02,-0.01,8.41
96538,0.00,1001.33,30.34,1.76,-0.58,-12.08,-0.01,-0.02,-0.01,8.41
96577,0.00,1001.33,30.34,1.77,-0.54,-12.08,-0.01,-0.02,-0.01,8.41
96615,0.00,1001.33,30.34,1.73,-0.49,-11.97,-0.01,-0.02,-0.01,8.41
96653,0.00,1001.33,30.34,1.74,-0.59,-12.03,-0.01,-0.02,-0.01,8.41
96691,0.00,1001.33,30.34,1.88,-0.92,-11.26,-0.06,0.12,0.01,8.41
96742,0.00,1001.33,30.34,1.49,-0.83,-12.01,0.01,-0.07,-0.02,8.41
96781,0.00,1001.33,30.34,1.30,-1.06,-11.75,-0.01,-0.11,0.00,8.41
96819,0.00,1001.33,30.34,1.60,-0.47,-12.09,-0.01,-0.02,-0.01,8.41
96857,0.00,1001.33,30.34,1.63,-0.54,-12.43,-0.02,-0.07,-0.00,8.41
96895,0.00,1001.33,30.34,1.94,-0.30,-11.52,0.00,0.06,-0.01,8.41
96962,0.00,1001.33,30.35,1.74,-0.54,-12.01,-0.01,-0.02,-0.01,8.40
97001,0.00,1001.34,30.34,1.76,-0.54,-12.03,-0.01,-0.03,-0.01,8.41
97039,0.00,1001.33,30.34,1.60,-0.35,-12.48,0.00,0.03,-0.01,8.41
97077,0.00,1001.33,30.34,1.47,-0.34,-13.27,0.00,0.20,-0.01,8.41
97115,0.00,1001.33,30.34,2.89,-1.23,-13.88,0.06,0.76,-0.01,8.41
97166,0.00,1001.33,30.34,2.38,-0.55,-11.66,0.14,-0.06,0.04,8.41
97205,0.00,1001.33,30.34,3.01,-0.16,-10.93,0.24,0.57,0.10,8.41
97243,0.00,1001.33,30.34,2.61,-1.19,-11.49,0.30,1.73,0.18,8.41
97281,0.00,1001.33,30.34,3.28,-0.81,-11.43,0.34,1.03,0.27,8.41
97319,0.00,1001.33,30.34,3.56,-0.85,-12.90,0.40,0.31,0.33,8.41
97370,0.00,1001.33,30.34,3.13,-1.65,-10.86,0.47,0.57,0.41,8.41
97408,0.00,1001.32,30.34,3.77,-1.64,-11.77,0.42,0.65,0.45,8.41
97456,0.00,1001.33,30.34,4.21,-2.05,-12.06,0.25,1.73,0.42,8.41
97495,0.00,1001.33,30.34,4.81,-2.11,-12.10,0.04,1.01,0.31,8.41
97533,0.00,1001.33,30.34,5.64,-1.94,-12.51,-0.19,0.58,0.18,8.41
97584,0.00,1001.32,30.34,6.13,-1.32,-13.16,-0.48,-0.07,-0.01,8.41
97623,0.00,1001.32,30.34,6.32,-1.10,-12.94,-0.66,0.24,-0.13,8.41
97661,0.00,1001.32,30.34,5.72,-0.57,-13.03,-0.71,0.01,-0.19,8.41
97699,0.00,1001.32,30.34,5.83,-0.16,-12.27,-0.70,-0.02,-0.21,8.41
97737,0.00,1001.32,30.34,5.38,0.32,-10.61,-0.60,0.30,-0.16,8.41
97788,0.00,1001.31,30.34,5.14,0.35,-11.03,-0.35,-1.01,-0.04,8.41
97827,0.00,1001.32,30.34,5.03,-0.16,-7.89,-0.16,-0.34,0.08,8.41
97865,0.00,1001.32,30.34,2.75,-1.55,-5.09,-0.03,1.48,0.16,8.41
97903,0.00,1001.32,30.34,-3.13,-4.64,-6.40,0.05,3.08,0.40,8.41
97941,0.00,1001.32,30.34,6.67,-0.25,-6.27,0.02,-0.46,0.45,8.41
98000,0.00,1001.32,30.34,4.69,-0.37,-13.26,-0.46,0.24,0.10,8.41
98039,0.00,1001.32,30.34,6.57,-0.47,-11.60,-0.51,0.59,0.23,8.41
98077,0.00,1001.32,30.34,5.82,1.76,-13.69,-0.45,-0.07,0.28,8.41
98115,0.00,1001.31,30.34,6.28,1.15,-10.80,-0.35,0.05,0.24,8.41
98153,0.00,1001.32,30.34,7.15,-2.37,-9.82,-0.24,0.33,0.25,8.41
98204,0.00,1001.31,30.34,5.96,-0.43,-8.17,-0.08,0.03,0.10,8.41
98243,0.00,1001.31,30.34,5.36,-1.37,-8.45,0.13,0.43,0.04,8.41
98281,0.00,1001.31,30.34,7.04,-1.06,-8.04,0.36,0.13,-0.02,8.41
98319,0.00,1001.32,30.34,7.17,0.64,-8.95,0.55,-0.04,-0.22,8.41
98357,0.00,1001.32,30.34,7.35,-0.81,-11.17,0.49,-0.51,-0.38,8.41
98408,0.00,1001.32,30.34,6.46,-1.62,-10.64,0.47,-0.22,-0.53,8.41
98447,0.00,1001.32,30.34,6.05,-0.81,-11.82,0.22,-0.09,-0.46,8.41
98495,0.00,1001.33,30.34,6.16,-2.18,-10.11,0.15,-0.42,-0.39,8.41
98534,0.00,1001.33,30.34,6.92,0.82,-11.38,0.07,0.32,-0.29,8.41
98572,0.00,1001.33,30.34,5.52,0.93,-11.23,-0.04,-0.15,-0.18,8.41
98623,0.00,1001.33,30.34,6.78,-0.85,-12.01,-0.12,-0.78,-0.24,8.41
98662,0.00,1001.32,30.34,6.19,-0.81,-11.33,-0.26,-0.45,-0.24,8.41
98700,0.00,1001.32,30.34,5.60,-0.87,-10.24,-0.31,-0.45,-0.21,8.41
98738,0.00,1001.32,30.34,5.41,-1.22,-9.62,-0.30,0.06,-0.21,8.41
98776,0.00,1001.32,30.34,4.77,-0.72,-9.11,-0.26,0.14,-0.18,8.41
98827,0.00,1001.32,30.34,5.79,-0.19,-9.20,-0.21,-0.68,-0.18,8.41
98866,0.00,1001.33,30.34,5.70,-0.17,-8.94,-0.14,-0.73,-0.18,8.41
98904,0.00,1001.32,30.34,3.95,-0.22,-9.07,-0.06,-0.47,-0.13,8.41
98942,0.00,1001.32,30.34,3.91,-0.27,-8.71,0.02,-0.95,-0.06,8.41
98980,0.00,1001.31,30.34,4.55,-0.39,-9.54,0.16,-0.67,0.02,8.41
99041,0.00,1001.32,30.34,3.97,-0.18,-10.55,0.40,-0.68,0.15,8.41
99080,0.00,1001.32,30.34,4.91,-0.95,-11.68,0.47,-0.38,0.20,8.41
99118,0.00,1001.32,30.34,4.91,-0.67,-12.05,0.45,0.48,0.22,8.41
99156,0.00,1001.31,30.34,4.18,-0.68,-12.20,0.35,-0.37,0.20,8.42
99194,0.00,1001.31,30.34,5.22,-1.29,-12.11,0.26,-0.37,0.16,8.41
99245,0.00,1001.31,30.34,4.37,-0.94,-12.26,0.13,-0.07,0.13,8.41
99284,0.00,1001.31,30.34,4.59,-0.95,-12.44,0.01,-0.29,0.09,8.41
99322,0.00,1001.32,30.34,5.31,-0.79,-11.89,-0.09,-0.03,0.04,8.42
99360,0.00,1001.32,30.34,4.90,-0.68,-11.88,-0.14,0.27,0.01,8.42
99398,0.00,1001.32,30.34,4.78,-0.41,-11.44,-0.19,-0.21,-0.05,8.42
99449,0.00,1001.33,30.34,4.16,-0.79,-11.36,-0.19,-0.70,-0.09,8.42
99488,0.00,1001.32,30.34,3.93,-0.73,-11.26,-0.12,-0.50,-0.08,8.42
99534,0.00,1001.32,30.34,2.94,-0.30,-11.40,-0.03,-0.80,-0.03,8.41
99573,0.00,1001.32,30.34,3.54,-0.35,-12.25,0.04,-0.94,0.01,8.41
99611,0.00,1001.32,30.34,2.87,-0.51,-12.24,0.03,-0.46,0.03,8.41
99662,0.00,1001.32,30.34,2.94,-0.71,-12.89,-0.05,-0.83,0.03,8.41
99701,0.00,1001.32,30.34,3.58,-0.68,-12.94,-0.18,-0.41,0.00,8.41
99739,0.00,1001.32,30.34,3.03,-0.73,-12.33,-0.29,-0.33,-0.03,8.41
99777,0.00,1001.32,30.34,2.83,-0.72,-12.41,-0.36,-0.37,-0.05,8.41
99815,0.00,1001.31,30.34,2.36,-0.38,-12.29,-0.38,-0.38,-0.03,8.41
99866,0.00,1001.32,30.34,2.03,-0.23,-12.21,-0.30,-0.41,0.02,8.40
99905,0.00,1001.31,30.34,2.36,-0.32,-12.29,-0.22,-0.42,0.06,8.41
99943,0.00,1001.30,30.34,2.72,-0.19,-11.79,-0.14,-0.53,0.06,8.41
99981,0.00,1001.31,30.34,2.10,-0.12,-11.65,-0.04,-0.75,0.04,8.41
100019,0.00,1001.30,30.34,1.65,-0.14,-12.16,0.03,-0.81,0.01,8.41
100080,0.00,1001.30,30.34,0.38,-0.13,-13.20,0.02,-0.85,0.01,8.41
100119,0.00,1001.30,30.34,0.65,-0.16,-13.46,-0.04,-0.82,-0.00,8.41
100157,0.00,1001.30,30.34,0.65,0.30,-13.45,-0.12,-0.50,-0.02,8.41
100195,0.00,1001.30,30.34,-0.11,0.37,-13.42,-0.20,-0.65,-0.05,8.41
100233,0.00,1001.30,30.34,-0.68,0.44,-13.46,-0.30,-0.51,-0.04,8.41
100285,0.00,1001.30,30.34,-0.77,0.82,-13.55,-0.43,0.10,0.04,8.41
100324,0.00,1001.30,30.34,-0.48,1.15,-13.43,-0.53,0.30,0.06,8.41
100362,0.00,1001.30,30.34,-1.59,1.18,-13.40,-0.62,0.06,0.08,8.41
100400,0.00,1001.31,30.34,-0.67,1.96,-14.14,-0.70,0.07,0.11,8.41
100438,0.00,1001.30,30.34,-1.05,2.10,-14.24,-0.82,0.59,0.11,8.41
100489,0.00,1001.31,30.34,0.03,2.73,-13.65,-1.00,0.25,0.07,8.41
100527,0.00,1001.31,30.34,0.36,3.84,-13.83,-1.18,-0.08,0.02,8.41
100573,0.00,1001.30,30.34,0.11,3.73,-14.45,-1.43,-0.45,-0.03,8.42
100612,0.00,1001.29,30.34,-1.19,3.87,-13.68,-1.68,-0.56,-0.06,8.41
100650,0.00,1001.29,30.34,-0.50,3.73,-13.02,-1.93,-0.31,-0.07,8.41
100702,0.00,1001.28,30.34,-0.63,3.62,-12.19,-2.24,-0.26,-0.13,8.41
100741,0.00,1001.29,30.34,-0.67,3.50,-10.70,-2.42,-0.13,-0.11,8.41
100779,0.00,1001.28,30.34,-0.46,4.18,-9.64,-2.51,-0.04,-0.08,8.41
100817,0.00,1001.28,30.34,-0.91,3.56,-8.03,-2.55,0.46,-0.05,8.41
100855,0.00,1001.27,30.34,-1.19,4.24,-7.42,-2.53,0.11,-0.00,8.41
100906,0.00,1001.26,30.34,-0.57,4.72,-5.45,-2.45,0.25,0.05,8.41
100944,0.00,1001.26,30.34,-0.31,5.12,-4.64,-2.33,0.33,0.07,8.41
100982,0.00,1001.26,30.34,0.36,5.36,-4.82,-2.22,0.69,0.07,8.41
101020,0.00,1001.26,30.34,-0.03,5.79,-3.57,-2.06,0.08,0.07,8.41
101058,0.00,1001.25,30.34,1.13,6.24,-3.01,-1.85,0.16,0.12,8.41
101119,0.00,1001.25,30.34,1.13,7.68,-3.07,-1.43,0.05,0.13,8.41
101158,0.00,1001.24,30.34,1.50,9.18,-1.59,-1.19,0.19,0.17,8.41
101196,0.00,1001.24,30.34,1.53,9.95,-1.04,-0.95,0.34,0.20,8.41
101234,0.00,1001.24,30.34,0.36,9.85,-0.45,-0.75,0.36,0.21,8.41
101272,0.00,1001.24,30.34,0.44,9.84,0.20,-0.56,0.18,0.23,8.41
101323,0.00,1001.24,30.34,0.48,9.53,-0.05,-0.30,0.86,0.27,8.41
101361,0.00,1001.23,30.34,-0.77,8.60,-0.94,-0.17,0.95,0.26,8.42
101399,0.00,1001.23,30.34,1.54,9.68,-0.66,-0.06,1.72,0.24,8.41
101437,0.00,1001.23,30.34,1.16,10.73,-1.95,0.01,1.63,0.23,8.41
101475,0.00,1001.23,30.34,0.66,10.32,-1.90,0.04,1.39,0.27,8.42
101526,0.00,1001.22,30.34,0.98,9.93,-1.18,0.02,2.19,0.29,8.42
101564,0.00,1001.22,30.34,1.02,9.62,-1.55,-0.03,1.93,0.29,8.42
101610,0.00,1001.21,30.34,1.19,10.05,-1.69,-0.11,0.90,0.24,8.42
101649,0.00,1001.22,30.34,0.96,10.09,-1.17,-0.16,1.44,0.21,8.42
101687,0.00,1001.23,30.34,0.91,10.31,-1.34,-0.20,1.64,0.16,8.42
101738,0.00,1001.22,30.34,1.74,10.54,-1.10,-0.22,0.55,0.12,8.42
101776,0.00,1001.22,30.34,2.04,10.38,-0.87,-0.22,1.07,0.10,8.42
101814,0.00,1001.22,30.34,1.76,10.27,-0.84,-0.21,1.28,0.06,8.42
101852,0.00,1001.23,30.34,1.33,9.65,-0.57,-0.20,1.59,0.02,8.41
101890,0.00,1001.23,30.34,2.28,9.86,-0.58,-0.18,1.32,-0.02,8.42
101941,0.00,1001.24,30.34,0.87,9.29,-0.57,-0.16,0.69,-0.06,8.42
101979,0.00,1001.23,30.34,0.74,8.95,-1.04,-0.14,0.27,-0.08,8.42
102017,0.00,1001.23,30.34,2.70,10.08,-0.75,-0.09,0.49,-0.15,8.42
102055,0.00,1001.23,30.34,1.06,10.36,-1.10,-0.09,0.81,-0.18,8.42
102093,0.00,1001.22,30.34,0.56,10.08,-0.51,-0.07,0.70,-0.17,8.42
102154,0.00,1001.21,30.34,0.65,10.21,-0.03,-0.05,0.40,-0.14,8.42
102193,0.00,1001.21,30.34,0.47,9.45,-0.01,-0.06,0.50,-0.12,8.42
102231,0.00,1001.21,30.34,0.04,9.61,-0.06,-0.08,0.04,-0.12,8.42
102269,0.00,1001.21,30.34,0.15,9.27,0.32,-0.08,0.03,-0.12,8.42
102307,0.00,1001.22,30.34,0.08,9.00,0.30,-0.10,0.11,-0.10,8.42
102358,0.00,1001.22,30.34,0.02,9.24,0.37,-0.08,-0.51,-0.06,8.42
102397,0.00,1001.22,30.34,0.06,8.98,0.55,-0.07,-0.94,-0.03,8.42
102435,0.00,1001.22,30.34,0.26,8.74,0.62,-0.04,-0.91,0.00,8.42
102473,0.00,1001.22,30.34,-0.09,8.71,0.27,-0.02,-1.28,0.03,8.42
102511,0.00,1001.22,30.34,-0.11,9.11,0.51,0.01,-0.97,0.04,8.42
102562,0.00,1001.23,30.34,0.72,9.33,0.04,0.05,-1.56,0.05,8.42
102600,0.00,1001.22,30.34,1.23,9.91,-0.37,0.11,-2.22,0.05,8.42
102648,0.00,1001.22,30.34,1.49,10.17,-0.22,0.18,-1.80,0.03,8.42
102687,0.00,1001.22,30.34,1.05,10.26,-0.04,0.21,-1.65,0.01,8.42
102725,0.00,1001.21,30.34,1.07,10.17,-0.77,0.24,-1.67,0.00,8.42
102776,0.00,1001.22,30.34,2.25,9.10,0.08,0.28,-0.86,-0.00,8.42
102814,0.00,1001.23,30.34,1.51,9.89,-0.56,0.31,-0.17,0.03,8.42
102852,0.00,1001.23,30.34,1.74,10.86,-1.30,0.35,-1.02,0.02,8.42
102890,0.00,1001.22,30.34,2.36,8.76,0.05,0.30,-0.86,0.04,8.42
102928,0.00,1001.22,30.34,1.92,9.87,-1.40,0.26,-1.11,0.05,8.42
102979,0.00,1001.22,30.34,1.47,9.91,-1.31,0.26,-1.07,-0.01,8.42
103017,0.00,1001.22,30.34,0.97,10.40,-1.44,0.25,-0.71,-0.05,8.42
103055,0.00,1001.23,30.34,1.47,10.12,-2.03,0.23,-1.67,-0.09,8.42
103093,0.00,1001.24,30.34,1.70,11.21,-2.10,0.26,-0.38,-0.13,8.42
103131,0.00,1001.24,30.34,1.23,11.70,-2.13,0.26,-0.74,-0.18,8.42
103190,0.00,1001.24,30.35,1.44,12.18,-2.02,0.27,-0.68,-0.22,8.42
103229,0.00,1001.24,30.34,0.98,12.29,-1.63,0.29,-0.03,-0.25,8.42
103267,0.00,1001.24,30.34,1.20,11.84,-2.21,0.31,-0.03,-0.30,8.42
103305,0.00,1001.24,30.34,0.78,11.17,-2.50,0.33,0.12,-0.32,8.42
103343,0.00,1001.24,30.34,1.54,10.80,-2.42,0.35,0.48,-0.34,8.42
103394,0.00,1001.23,30.34,0.78,10.77,-1.77,0.35,0.41,-0.34,8.42
103432,0.00,1001.23,30.34,0.45,10.87,-1.63,0.33,0.14,-0.35,8.42
103470,0.00,1001.23,30.34,0.98,9.87,-1.91,0.33,0.26,-0.32,8.42
103508,0.00,1001.24,30.34,0.86,8.25,-1.80,0.32,0.52,-0.29,8.42
103546,0.00,1001.24,30.34,0.77,8.80,-1.95,0.29,0.33,-0.26,8.42
103597,0.00,1001.24,30.34,1.15,8.97,-2.88,0.27,0.56,-0.19,8.42
103635,0.00,1001.23,30.34,0.69,8.33,-2.62,0.27,0.51,-0.16,8.42
103683,0.00,1001.23,30.34,0.14,8.09,-3.52,0.26,0.32,-0.16,8.42
103722,0.00,1001.21,30.34,0.68,8.35,-3.60,0.25,0.11,-0.18,8.42
103760,0.00,1001.20,30.34,0.48,8.48,-4.13,0.26,0.37,-0.18,8.42
103811,0.00,1001.20,30.34,0.66,9.70,-5.01,0.28,-0.03,-0.16,8.42
103850,0.00,1001.20,30.34,0.87,9.33,-4.70,0.29,-0.14,-0.18,8.41
103888,0.00,1001.20,30.34,0.61,9.23,-4.46,0.26,0.05,-0.17,8.42
103926,0.00,1001.20,30.34,0.01,8.79,-4.22,0.23,-0.23,-0.16,8.41
103964,0.00,1001.20,30.34,0.32,8.59,-3.85,0.19,-0.05,-0.12,8.41
104015,0.00,1001.20,30.34,0.67,9.66,-4.05,0.14,-0.00,-0.07,8.41
104053,0.00,1001.20,30.34,0.55,10.29,-4.10,0.14,0.05,-0.03,8.42
104091,0.00,1001.19,30.34,0.79,10.62,-4.81,0.12,0.01,-0.01,8.41
104129,0.00,1001.19,30.34,0.14,11.12,-5.01,0.11,-0.01,-0.02,8.41
104167,0.00,1001.20,30.34,0.06,10.31,-5.79,0.16,-0.02,-0.08,8.41
104226,0.00,1001.20,30.34,0.85,11.46,-6.90,0.24,-0.66,-0.18,8.41
104265,0.00,1001.19,30.34,1.00,10.22,-6.59,0.32,-0.61,-0.27,8.41
104303,0.00,1001.19,30.34,0.33,10.12,-5.90,0.37,-0.80,-0.36,8.41
104341,0.00,1001.20,30.34,0.63,8.97,-5.48,0.41,-0.49,-0.44,8.41
104379,0.00,1001.20,30.34,-0.14,10.04,-5.95,0.43,-1.28,-0.48,8.41
104430,0.00,1001.20,30.34,-0.75,10.03,-5.88,0.46,-0.12,-0.48,8.41
104469,0.00,1001.20,30.34,-1.86,10.09,-6.66,0.49,-0.06,-0.44,8.41
104507,0.00,1001.21,30.34,-1.77,10.52,-6.52,0.52,-0.86,-0.37,8.41
104545,0.00,1001.21,30.34,-1.84,10.51,-7.17,0.55,-0.21,-0.30,8.42
104583,0.00,1001.20,30.34,-1.73,10.10,-8.12,0.56,-0.49,-0.22,8.42
104634,0.00,1001.20,30.34,-2.83,9.31,-8.69,0.57,-0.76,-0.09,8.42
104673,0.00,1001.19,30.34,-2.50,8.20,-8.00,0.55,-0.76,0.03,8.42
104721,0.00,1001.19,30.34,-2.71,6.74,-7.13,0.54,-0.87,0.12,8.42
104760,0.00,1001.18,30.34,3.96,7.01,-8.78,0.51,3.12,0.15,8.42
104798,0.00,1001.18,30.34,0.06,6.64,-7.98,0.11,3.44,0.21,8.42
104849,0.00,1001.18,30.34,-0.75,6.81,-5.68,-0.17,-2.39,0.17,8.42
104888,0.00,1001.18,30.34,-1.80,5.48,-5.97,-0.14,-1.52,0.15,8.42
104926,0.00,1001.18,30.34,-1.33,5.88,-5.57,-0.12,0.64,0.08,8.42
104964,0.00,1001.17,30.34,-2.08,8.13,-6.00,-0.13,0.02,0.07,8.42
105002,0.00,1001.17,30.34,-1.42,7.75,-6.51,-0.21,-0.85,0.02,8.42
105053,0.00,1001.17,30.34,-2.97,8.81,-6.10,-0.22,0.26,0.05,8.42
105091,0.00,1001.17,30.34,-3.33,9.32,-5.60,-0.27,-0.94,0.14,8.42
105129,0.00,1001.17,30.34,-2.77,9.49,-5.39,-0.33,-2.02,0.24,8.42
105167,0.00,1001.17,30.34,-2.72,8.56,-4.16,-0.41,-1.40,0.40,8.42
105205,0.00,1001.16,30.34,-1.20,7.83,-3.73,-0.40,-0.31,0.43,8.42
105266,0.00,1001.16,30.34,-0.36,7.06,-4.53,-0.33,1.15,0.16,8.42
105305,0.00,1001.16,30.34,0.01,7.60,-3.72,-0.41,-0.78,-0.10,8.42
105343,0.00,1001.15,30.34,0.44,9.38,-3.53,-0.37,0.08,-0.22,8.42
105381,0.00,1001.15,30.34,-1.30,8.60,-4.09,-0.38,0.64,-0.33,8.42
105419,0.00,1001.15,30.34,1.25,11.00,-3.84,-0.44,0.43,-0.43,8.42
105470,0.00,1001.16,30.34,-4.15,7.87,-2.50,-0.24,-0.12,-0.48,8.42
105509,0.00,1001.17,30.34,-0.80,9.55,-4.11,-0.25,-0.71,-0.44,8.42
105547,0.00,1001.17,30.34,-1.90,9.30,-4.49,-0.24,0.10,-0.47,8.42
105585,0.00,1001.16,30.34,-2.91,9.21,-5.03,-0.22,-1.05,-0.51,8.42
105623,0.00,1001.16,30.34,-2.95,9.43,-4.13,-0.21,-1.60,-0.54,8.42
105675,0.00,1001.16,30.34,-3.88,9.57,-4.12,-0.17,-1.12,-0.60,8.42
105714,0.00,1001.16,30.34,-3.90,9.67,-3.65,-0.14,-0.92,-0.64,8.42
105760,0.00,1001.16,30.34,-4.33,9.17,-3.65,-0.06,-0.64,-0.72,8.42
105799,0.00,1001.17,30.34,-4.47,7.70,-3.90,0.00,-0.72,-0.78,8.42
105837,0.00,1001.16,30.34,-5.31,7.69,-3.85,0.07,-1.16,-0.84,8.42
105888,0.00,1001.17,30.34,-5.20,6.66,-2.50,0.14,-0.83,-0.84,8.41
105927,0.00,1001.17,30.34,-5.31,6.61,-2.68,0.20,-0.18,-0.75,8.41
105965,0.00,1001.17,30.34,-6.38,7.36,-2.90,0.27,0.31,-0.59,8.41
106003,0.00,1001.16,30.34,-6.25,7.10,-3.70,0.32,0.47,-0.43,8.41
106041,0.00,1001.16,30.34,-6.68,7.20,-5.32,0.20,0.28,-0.34,8.42
106092,0.00,1001.17,30.34,-6.42,7.41,-5.13,-0.07,0.17,-0.23,8.42
106131,0.00,1001.16,30.34,-6.52,7.20,-4.90,-0.23,0.38,-0.20,8.42
106169,0.00,1001.16,30.34,-6.81,7.60,-4.74,-0.29,-0.16,-0.17,8.41
106207,0.00,1001.17,30.34,-6.39,7.21,-4.60,-0.32,0.15,-0.14,8.41
106245,0.00,1001.17,30.34,-6.32,7.10,-5.14,-0.38,-0.09,-0.13,8.41
106312,0.00,1001.16,30.34,-4.96,7.09,-4.64,-0.49,-0.44,-0.11,8.41
106351,0.00,1001.16,30.34,-5.01,7.00,-4.05,-0.52,0.44,-0.21,8.41
106389,0.00,1001.16,30.34,-6.07,7.53,-4.26,-0.52,0.51,-0.26,8.41
106427,0.00,1001.16,30.34,-4.98,7.09,-3.72,-0.49,0.32,-0.30,8.41
106465,0.00,1001.16,30.34,-5.13,7.35,-3.70,-0.50,0.43,-0.33,8.41
106517,0.00,1001.16,30.34,-4.86,7.38,-5.38,-0.52,1.47,-0.29,8.41
106556,0.00,1001.15,30.34,-5.21,7.35,-5.33,-0.56,1.08,-0.26,8.41
106594,0.00,1001.16,30.34,-5.09,7.21,-5.05,-0.55,1.31,-0.28,8.41
106632,0.00,1001.16,30.34,-5.37,7.62,-4.90,-0.54,1.16,-0.31,8.41
106670,0.00,1001.16,30.34,-5.38,7.48,-4.49,-0.52,1.09,-0.32,8.41
106721,0.00,1001.16,30.34,-4.77,7.09,-4.00,-0.55,0.95,-0.35,8.41
106760,0.00,1001.18,30.34,-5.30,7.32,-3.53,-0.55,1.04,-0.34,8.41
106806,0.00,1001.17,30.34,-4.88,6.75,-4.03,-0.49,0.89,-0.35,8.41
106845,0.00,1001.18,30.34,-4.70,6.93,-3.53,-0.42,0.68,-0.41,8.41
106883,0.00,1001.17,30.34,-4.58,6.92,-3.13,-0.37,0.42,-0.48,8.41
106934,0.00,1001.18,30.34,-5.50,7.47,-2.90,-0.36,0.03,-0.55,8.41
106973,0.00,1001.18,30.34,-5.86,7.91,-3.25,-0.34,0.26,-0.52,8.41
107011,0.00,1001.17,30.34,-5.89,7.60,-3.23,-0.31,0.38,-0.58,8.41
107049,0.00,1001.17,30.34,-6.16,7.59,-2.99,-0.28,0.03,-0.54,8.41
107087,0.00,1001.17,30.34,-6.39,7.49,-3.20,-0.25,-0.06,-0.56,8.41
107139,0.00,1001.18,30.34,-7.47,8.05,-3.80,-0.12,0.15,-0.64,8.41
107178,0.00,1001.17,30.34,-8.64,7.95,-5.02,-0.06,0.40,-0.63,8.41
107216,0.00,1001.18,30.34,-9.25,8.43,-6.47,-0.03,-0.40,-0.55,8.41
107254,0.00,1001.17,30.34,-8.07,6.89,-6.33,-0.20,0.47,-0.45,8.41
107292,0.00,1001.17,30.34,-9.73,6.79,-7.18,-0.20,1.11,-0.41,8.41
107353,0.00,1001.17,30.34,-8.71,6.12,-7.73,-0.18,0.82,-0.39,8.42
107392,0.00,1001.17,30.34,-6.59,6.41,-6.34,-0.38,1.71,-0.32,8.41
107430,0.00,1001.17,30.34,-7.80,5.31,-7.31,-0.40,3.10,-0.33,8.41
107468,0.00,1001.16,30.34,-7.08,5.29,-7.96,-0.42,1.71,-0.33,8.42
107506,0.00,1001.16,30.34,-6.75,5.47,-6.09,-0.35,3.62,-0.17,8.41
107558,0.00,1001.17,30.34,-5.59,5.69,-8.81,-0.35,3.12,0.02,8.41
107597,0.00,1001.16,30.34,-2.41,5.66,-9.65,-0.59,2.85,-0.11,8.41
107635,0.00,1001.15,30.34,-1.04,4.34,-10.33,-0.74,1.86,-0.21,8.42
107673,0.00,1001.15,30.34,-2.23,5.03,-8.56,-0.83,3.44,-0.32,8.42
107711,0.00,1001.16,30.34,-4.71,5.16,-8.33,-0.75,1.27,-0.35,8.42
107762,0.00,1001.16,30.34,-1.61,6.40,-8.76,-0.67,0.48,-0.34,8.42
107801,0.00,1001.16,30.34,0.09,7.02,-11.07,-0.62,3.62,-0.46,8.41
107849,0.00,1001.16,30.34,1.13,6.93,-10.47,-0.51,2.46,-0.60,8.41
107888,0.00,1001.17,30.34,2.07,7.08,-10.36,-0.43,1.31,-0.62,8.41
107926,0.00,1001.17,30.34,-0.12,6.45,-10.58,-0.37,1.26,-0.60,8.41
107977,0.00,1001.17,30.34,1.72,7.45,-8.78,-0.30,2.15,-0.53,8.41
108016,0.00,1001.17,30.34,1.08,6.32,-6.89,-0.16,2.16,-0.52,8.41
108054,0.00,1001.17,30.34,1.78,5.75,-6.20,0.10,2.71,-0.40,8.41
108092,0.00,1001.16,30.34,1.25,5.32,-6.64,0.32,4.22,-0.33,8.41
108130,0.00,1001.16,30.34,0.30,4.76,-7.24,0.39,3.88,-0.19,8.41
108181,0.00,1001.16,30.34,1.16,5.63,-8.57,0.39,0.99,0.03,8.41
108219,0.00,1001.15,30.34,4.25,5.60,-7.37,0.25,2.31,0.17,8.41
108257,0.00,1001.14,30.34,4.14,4.47,-6.50,0.19,2.95,0.19,8.41
108295,0.00,1001.15,30.34,5.32,4.83,-6.67,0.27,1.09,0.30,8.41
108333,0.00,1001.15,30.34,7.15,5.11,-7.59,0.22,2.28,0.46,8.41
108392,0.00,1001.15,30.34,8.52,6.87,-9.51,-0.09,1.54,0.31,8.41
108431,0.00,1001.15,30.34,9.72,9.00,-9.27,-0.24,0.36,0.24,8.41
108469,0.00,1001.15,30.34,10.70,5.70,-7.60,-0.29,0.44,0.04,8.41
108507,0.00,1001.15,30.34,11.55,5.24,-8.41,-0.39,0.29,-0.04,8.41
108545,0.00,1001.15,30.34,10.18,4.61,-6.56,-0.30,-0.01,-0.12,8.41
108597,0.00,1001.15,30.34,8.25,4.88,-6.48,-0.28,2.14,-0.22,8.41
108636,0.00,1001.15,30.34,6.86,6.05,-5.98,-0.28,2.12,-0.12,8.41
108674,0.00,1001.14,30.34,5.67,5.71,-2.78,-0.26,2.78,0.02,8.41
108712,0.00,1001.14,30.34,2.71,5.07,-1.69,-0.15,2.37,0.14,8.41
108750,0.00,1001.14,30.34,2.27,5.07,-1.35,-0.03,1.56,0.38,8.41
108801,0.00,1001.15,30.34,7.35,5.43,-4.82,-0.20,1.97,0.44,8.40
108839,0.00,1001.14,30.34,6.11,5.57,1.69,-0.16,2.32,0.57,8.40
108887,0.00,1001.13,30.34,6.74,5.61,2.39,0.08,1.28,0.65,8.40
108926,0.00,1001.14,30.34,8.18,5.68,3.44,0.44,0.56,0.75,8.41
108964,0.00,1001.14,30.34,9.43,5.25,1.49,0.52,1.66,0.75,8.41
109015,0.00,1001.14,30.34,8.67,5.17,3.34,0.59,1.77,0.83,8.40
109053,0.00,1001.14,30.34,10.11,4.20,1.02,0.51,2.71,0.79,8.41
109091,0.00,1001.14,30.34,8.70,4.55,2.33,0.30,2.23,0.71,8.41
109129,0.00,1001.13,30.34,8.26,4.68,2.59,0.24,1.44,0.72,8.41
109167,0.00,1001.13,30.34,7.48,4.22,2.57,0.15,0.95,0.70,8.41
109218,0.00,1001.13,30.34,10.08,3.89,4.25,0.08,2.52,0.63,8.40
109256,0.00,1001.13,30.34,7.97,3.38,4.53,0.11,1.09,0.51,8.40
109294,0.00,1001.12,30.34,6.83,2.49,3.24,0.10,1.04,0.54,8.40
109332,0.00,1001.13,30.34,7.60,3.33,4.34,0.02,-0.05,0.43,8.40
109370,0.00,1001.13,30.34,6.90,2.74,5.27,0.03,0.21,0.31,8.40
109429,0.00,1001.13,30.34,7.77,3.59,3.06,-0.17,-0.06,0.14,8.41
109468,0.00,1001.13,30.34,7.87,2.17,3.37,-0.28,0.60,-0.14,8.40
109506,0.00,1001.14,30.34,6.90,1.73,3.95,-0.44,0.22,-0.32,8.40
109544,0.00,1001.13,30.34,7.10,2.74,5.37,-0.44,0.11,-0.35,8.40
109582,0.00,1001.13,30.34,6.78,2.73,6.12,-0.31,-1.51,-0.33,8.40
109633,0.00,1001.14,30.34,8.47,1.34,6.72,-0.20,-1.36,-0.31,8.40
109672,0.00,1001.14,30.34,8.38,2.86,5.20,-0.31,-1.07,-0.38,8.40
109710,0.00,1001.14,30.34,9.15,3.09,5.41,-0.40,-0.67,-0.47,8.41
109748,0.00,1001.15,30.34,7.73,2.62,5.22,-0.39,-1.36,-0.56,8.41
109786,0.00,1001.14,30.34,7.56,2.64,4.04,-0.36,-1.81,-0.51,8.41
109837,0.00,1001.14,30.34,8.22,2.35,3.15,-0.42,-0.74,-0.50,8.41
109876,0.00,1001.14,30.34,7.11,3.09,2.79,-0.40,-0.93,-0.36,8.41
109924,0.00,1001.14,30.34,8.61,3.00,2.43,-0.41,-0.40,-0.21,8.41
109963,0.00,1001.14,30.34,8.39,3.33,3.16,-0.41,-0.35,-0.19,8.41
110001,0.00,1001.14,30.34,7.67,3.86,2.69,-0.38,-0.66,-0.09,8.41
110052,0.00,1001.14,30.34,8.36,2.82,3.06,-0.34,-0.59,0.05,8.42
110090,0.00,1001.15,30.33,8.60,3.22,3.22,-0.25,-0.68,0.07,8.42
110128,0.00,1001.14,30.33,8.78,3.28,2.16,-0.20,-1.04,0.08,8.41
110166,0.00,1001.14,30.34,10.17,4.04,1.65,-0.18,-0.59,0.01,8.41
110204,0.00,1001.14,30.34,9.99,3.80,2.04,-0.11,-0.89,-0.09,8.41
110255,0.00,1001.14,30.34,9.63,3.30,1.53,-0.02,-1.03,-0.16,8.41
110293,0.00,1001.14,30.34,9.85,3.77,1.04,0.04,-0.82,-0.17,8.42
110331,0.00,1001.15,30.34,8.85,3.56,0.81,0.13,-0.83,-0.14,8.42
110369,0.00,1001.15,30.34,9.06,3.72,-0.63,0.15,-0.55,-0.07,8.42
110407,0.00,1001.14,30.34,9.45,4.40,-0.40,0.08,-0.17,-0.11,8.42
110479,0.00,1001.15,30.34,9.26,4.05,-0.79,0.12,-0.35,-0.09,8.42
110518,0.00,1001.15,30.33,9.46,4.07,-1.49,0.04,0.22,-0.10,8.42
110556,0.00,1001.14,30.33,8.59,3.86,-0.39,0.07,-0.17,-0.02,8.41
110594,0.00,1001.14,30.33,9.79,3.83,-0.88,0.05,-0.12,0.01,8.41
110632,0.00,1001.14,30.33,9.38,3.77,-0.38,-0.01,0.11,0.01,8.41
110683,0.00,1001.14,30.33,9.17,3.63,-0.34,0.05,-0.33,0.05,8.41
110721,0.00,1001.14,30.33,9.63,3.68,-0.92,0.03,-0.09,0.00,8.41
110759,0.00,1001.14,30.33,10.33,3.66,-1.02,-0.03,0.05,0.03,8.41
110797,0.00,1001.15,30.34,9.19,3.96,-0.57,-0.02,0.03,0.07,8.41
110835,0.00,1001.14,30.34,9.39,3.32,-0.67,-0.01,-0.24,0.06,8.41
110886,0.00,1001.14,30.34,9.82,3.69,-0.88,-0.03,0.26,0.05,8.41
110924,0.00,1001.14,30.34,9.49,3.56,-0.51,-0.00,-0.24,0.05,8.41
110971,0.00,1001.14,30.34,10.05,3.27,-1.10,-0.01,-0.20,0.05,8.41
111010,0.00,1001.14,30.34,9.62,3.48,-0.90,-0.05,-0.04,0.02,8.41
111048,0.00,1001.14,30.34,9.32,3.72,-0.07,-0.05,-0.02,0.00,8.41
111099,0.00,1001.13,30.34,9.15,3.96,-1.10,0.03,0.02,0.03,8.41
111137,0.00,1001.14,30.33,9.47,3.62,-0.58,-0.03,-0.22,-0.01,8.41
111175,0.00,1001.14,30.33,9.72,3.42,-0.91,0.04,-0.18,-0.01,8.41
111213,0.00,1001.15,30.34,9.14,3.52,-1.52,0.02,-0.45,-0.02,8.41
111251,0.00,1001.13,30.34,9.57,3.97,-1.42,-0.00,-0.03,-0.03,8.41
111302,0.00,1001.13,30.34,9.91,3.73,-0.47,0.03,0.06,0.01,8.41
111340,0.00,1001.13,30.34,9.91,3.29,0.06,0.08,0.04,0.06,8.41
111378,0.00,1001.13,30.34,9.72,3.10,-0.97,0.12,-0.08,0.06,8.42
111416,0.00,1001.14,30.34,9.81,3.27,-2.04,0.10,-0.07,0.07,8.42
111454,0.00,1001.14,30.34,9.25,3.40,-1.62,0.08,-0.18,0.09,8.42
111515,0.00,1001.15,30.34,9.04,3.53,-2.00,0.03,-0.50,0.12,8.41
111554,0.00,1001.14,30.34,8.28,3.50,-2.51,-0.00,-0.39,0.16,8.42
111592,0.00,1001.15,30.34,10.40,3.28,-2.60,-0.03,-0.18,0.18,8.42
111630,0.00,1001.15,30.34,11.24,3.15,-2.11,-0.05,0.20,0.14,8.42
111668,0.00,1001.15,30.34,10.17,2.88,-1.12,-0.06,0.31,0.11,8.42
111719,0.00,1001.15,30.34,10.22,2.69,-0.86,-0.01,-0.11,0.13,8.42
111758,0.00,1001.16,30.34,15.04,3.21,-0.96,-0.05,-0.15,0.10,8.42
111796,0.00,1001.16,30.34,11.34,3.51,-1.15,0.04,-0.07,0.09,8.42
111834,0.00,1001.16,30.34,9.26,3.01,-3.90,0.03,-0.27,0.08,8.42
111872,0.00,1001.16,30.34,10.52,3.58,-1.66,-0.02,0.07,0.11,8.42
111923,0.00,1001.16,30.34,11.12,3.36,-1.63,-0.05,0.26,0.04,8.42
111961,0.00,1001.15,30.34,10.37,2.80,-0.56,-0.02,-0.09,0.03,8.42
112007,0.00,1001.15,30.34,9.64,3.26,-1.28,-0.01,0.03,0.03,8.42
112046,0.00,1001.14,30.34,9.31,2.37,-2.04,0.01,0.07,0.03,8.42
112084,0.00,1001.15,30.34,9.26,3.26,-2.26,-0.07,0.19,0.06,8.42
112135,0.00,1001.14,30.34,9.47,3.07,-1.76,-0.07,-0.07,0.08,8.42
112174,0.00,1001.15,30.34,7.28,2.20,-2.08,-0.07,0.11,0.05,8.42
112212,0.00,1001.15,30.33,9.16,3.51,-1.24,-0.06,-0.03,0.10,8.42
112250,0.00,1001.15,30.34,10.91,3.17,-0.82,-0.03,0.10,0.07,8.42
112288,0.00,1001.15,30.34,12.07,3.23,-2.78,0.05,0.25,0.04,8.42
112339,0.00,1001.15,30.34,10.62,2.55,-0.76,0.08,0.12,-0.04,8.42
112377,0.00,1001.15,30.34,11.72,1.78,-1.27,0.10,0.11,-0.00,8.41
112415,0.00,1001.15,30.34,11.90,3.26,-0.99,0.06,0.17,-0.02,8.42
112453,0.00,1001.15,30.34,14.03,2.42,-0.73,0.03,0.53,-0.02,8.42
112491,0.00,1001.15,30.34,10.47,3.49,0.22,-0.01,0.03,0.02,8.42
112552,0.00,1001.16,30.34,9.78,3.09,-1.35,0.01,0.15,-0.01,8.42
112591,0.00,1001.16,30.34,12.40,3.05,0.11,-0.05,0.05,-0.01,8.42
112629,0.00,1001.16,30.33,9.96,2.83,-0.29,-0.03,0.10,-0.01,8.42
112667,0.00,1001.16,30.33,9.90,2.85,-1.09,-0.05,0.09,-0.02,8.42
112705,0.00,1001.16,30.34,9.91,3.34,1.24,-0.05,-0.08,-0.00,8.41
112756,0.00,1001.16,30.34,9.65,2.50,-0.87,-0.04,-0.09,-0.01,8.41
112795,0.00,1001.16,30.34,8.33,3.04,-0.92,-0.05,-0.11,-0.04,8.41
112833,0.00,1001.17,30.33,9.98,2.82,-0.43,-0.02,-0.31,-0.02,8.41
112871,0.00,1001.16,30.33,10.88,2.15,-1.16,-0.01,-0.24,-0.03,8.41
112909,0.00,1001.16,30.34,9.73,3.12,-1.20,-0.03,-0.10,0.00,8.42
112960,0.00,1001.16,30.34,10.47,2.63,-1.55,-0.03,-0.06,-0.01,8.42
112999,0.00,1001.16,30.34,11.20,2.83,-1.12,-0.00,-0.17,-0.02,8.41
113045,0.00,1001.17,30.34,12.25,2.82,-1.69,-0.01,-0.13,-0.00,8.42
113084,0.00,1001.16,30.34,9.44,3.23,-1.26,-0.03,0.01,0.00,8.41
113122,0.00,1001.17,30.34,10.24,3.07,-1.07,-0.00,-0.08,0.00,8.41
113173,0.00,1001.17,30.34,10.71,2.74,-1.13,-0.01,0.05,-0.01,8.41
113212,0.00,1001.16,30.33,9.83,2.63,-0.27,-0.01,0.03,-0.00,8.41
113250,0.00,1001.17,30.34,8.99,2.67,-1.26,0.01,0.08,0.01,8.41
113288,0.00,1001.17,30.34,9.58,2.62,-1.41,-0.02,0.07,0.02,8.41
113326,0.00,1001.16,30.34,9.91,2.65,-1.44,0.02,0.07,-0.03,8.41
113377,0.00,1001.16,30.34,8.53,2.68,-0.20,-0.01,-0.04,-0.01,8.41
113416,0.00,1001.16,30.34,9.44,2.64,-0.45,0.01,0.07,-0.01,8.41
113454,0.00,1001.16,30.34,10.01,3.00,-0.97,0.03,-0.04,0.01,8.41
113492,0.00,1001.16,30.34,10.70,2.98,-0.73,0.04,0.15,0.01,8.41
113530,0.00,1001.16,30.34,8.92,2.94,-0.42,0.06,0.08,0.01,8.41
113591,0.00,1001.16,30.34,10.10,2.95,-1.37,0.05,0.12,-0.01,8.41
113630,0.00,1001.16,30.34,11.03,3.58,-1.61,0.08,0.17,0.00,8.41
113668,0.00,1001.16,30.33,10.99,3.06,-1.79,0.05,0.12,-0.01,8.41
113706,0.00,1001.17,30.33,10.05,3.15,-0.62,0.03,-0.02,-0.04,8.41
113744,0.00,1001.17,30.33,4.57,1.22,-1.66,-0.02,0.23,0.06,8.41
113795,0.00,1001.17,30.34,10.62,3.17,-0.94,0.03,0.33,-0.00,8.41
113833,0.00,1001.17,30.33,9.84,2.54,-0.13,0.02,0.27,0.02,8.41
113871,0.00,1001.17,30.33,9.53,2.98,-0.14,0.03,0.15,0.02,8.41
113909,0.00,1001.17,30.33,9.70,2.78,-0.10,0.03,0.17,0.01,8.41
113947,0.00,1001.17,30.34,9.73,2.86,-0.37,0.04,0.25,0.00,8.41
113998,0.00,1001.18,30.34,9.52,2.80,-0.65,0.10,0.12,0.02,8.41
114036,0.00,1001.17,30.34,9.39,2.70,-1.10,0.01,-0.07,0.01,8.41
114084,0.00,1001.17,30.34,9.99,2.79,0.00,-0.02,0.15,0.01,8.41
114123,0.00,1001.17,30.33,9.99,2.91,-0.31,-0.02,0.03,-0.01,8.41
114161,0.00,1001.18,30.33,9.49,2.61,-0.27,-0.02,-0.15,-0.00,8.41
114212,0.00,1001.18,30.34,9.91,2.86,-0.17,-0.06,-0.21,0.01,8.41
114251,0.00,1001.17,30.33,10.16,2.81,0.82,-0.05,0.08,-0.01,8.41
114289,0.00,1001.17,30.33,9.97,2.82,0.51,0.03,0.11,-0.01,8.41
114327,0.00,1001.17,30.33,9.73,2.72,-0.93,0.02,0.08,-0.00,8.41
114365,0.00,1001.18,30.34,9.68,2.75,0.11,0.01,0.22,0.01,8.41
114416,0.00,1001.18,30.34,9.88,2.95,0.27,0.01,0.03,-0.00,8.41
114454,0.00,1001.18,30.34,10.05,2.92,0.09,0.01,0.04,-0.01,8.41
114492,0.00,1001.17,30.34,9.75,2.83,-0.63,0.00,0.04,-0.01,8.41
114530,0.00,1001.17,30.34,9.79,2.67,0.30,0.02,0.14,-0.01,8.41
114568,0.00,1001.17,30.34,9.53,3.09,0.09,0.01,-0.09,0.00,8.41
114627,0.00,1001.17,30.34,9.48,2.92,0.28,-0.00,-0.00,-0.02,8.41
114666,0.00,1001.17,30.33,9.31,2.67,0.28,0.02,-0.14,0.00,8.41
114704,0.00,1001.16,30.33,9.28,2.72,-0.49,0.00,-0.12,0.01,8.41
114742,0.00,1001.17,30.33,10.20,2.90,0.60,-0.01,0.01,-0.01,8.41
114780,0.00,1001.16,30.33,9.68,2.91,0.84,0.02,0.06,-0.01,8.41
114831,0.00,1001.16,30.34,9.47,2.93,-0.35,0.02,-0.12,-0.00,8.41
114870,0.00,1001.17,30.33,9.28,2.84,-0.02,-0.03,-0.06,-0.01,8.41
114908,0.00,1001.17,30.33,10.13,2.79,0.59,0.00,0.04,-0.02,8.41
114946,0.00,1001.17,30.33,10.02,2.80,0.08,0.01,0.19,-0.01,8.41
114984,0.00,1001.17,30.34,9.86,2.83,0.43,0.03,-0.00,-0.03,8.41
115035,0.00,1001.17,30.34,10.07,2.77,-0.06,0.01,0.20,-0.03,8.41
115073,0.00,1001.17,30.34,11.36,2.77,3.17,-0.11,0.07,0.05,8.41
115126,0.00,1001.17,30.34,9.59,2.90,1.46,0.00,-0.42,-0.03,8.41
115165,0.00,1001.16,30.33,9.49,2.58,-1.55,-0.05,-0.85,-0.03,8.41
115203,0.00,1001.16,30.33,7.81,3.59,0.00,-0.12,-0.47,-0.06,8.41
115254,0.00,1001.16,30.33,9.29,0.16,2.29,0.05,-0.66,-0.00,8.41
115292,0.00,1001.16,30.33,10.40,3.57,0.55,-0.03,-0.01,0.01,8.41
115330,0.00,1001.15,30.33,9.49,3.17,0.61,0.05,0.00,-0.01,8.41
115368,0.00,1001.14,30.33,9.32,2.76,-0.43,0.02,0.45,-0.01,8.41
115406,0.00,1001.14,30.33,9.32,2.89,-0.66,0.01,-0.02,-0.00,8.41
115457,0.00,1001.15,30.33,9.78,2.84,-0.36,-0.03,-0.12,-0.01,8.41
115496,0.00,1001.15,30.33,9.07,3.13,-0.77,-0.03,-0.35,-0.01,8.41
115534,0.00,1001.15,30.33,10.04,2.68,0.69,-0.03,-0.60,-0.04,8.41
115572,0.00,1001.14,30.33,9.05,3.10,-0.12,0.00,-0.76,-0.02,8.41
115610,0.00,1001.15,30.34,10.48,2.74,-1.08,-0.04,-0.48,-0.02,8.42
115669,0.00,1001.15,30.34,10.20,3.03,-2.05,-0.05,-0.43,-0.03,8.42
115708,0.00,1001.15,30.33,10.17,-0.10,-2.08,0.03,-0.29,-0.05,8.42
115746,0.00,1001.16,30.33,10.22,4.79,-0.09,-0.05,-0.16,-0.03,8.42
115784,0.00,1001.16,30.33,8.01,3.52,0.45,-0.02,-0.77,-0.01,8.42
115822,0.00,1001.16,30.33,11.77,5.76,-1.12,-0.00,0.18,0.00,8.42
115873,0.00,1001.15,30.34,9.47,3.55,-1.38,0.03,0.87,0.04,8.42
115911,0.00,1001.14,30.33,6.99,2.53,-1.23,-0.00,0.19,-0.07,8.42
115949,0.00,1001.15,30.33,8.80,2.56,-0.81,-0.04,0.50,0.01,8.42
115987,0.00,1001.15,30.33,9.33,3.16,-0.55,-0.00,0.46,0.01,8.42
116025,0.00,1001.15,30.33,9.69,3.35,-1.03,-0.02,0.07,-0.00,8.42
116076,0.00,1001.15,30.34,9.62,2.83,0.06,-0.00,0.10,-0.00,8.42
116114,0.00,1001.15,30.33,9.15,2.95,-0.91,-0.00,0.07,0.02,8.42
116162,0.00,1001.16,30.33,9.94,2.98,-0.44,-0.03,-0.09,0.02,8.42
116201,0.00,1001.15,30.33,10.11,3.07,-0.87,-0.00,-0.03,-0.01,8.41
116239,0.00,1001.14,30.33,9.55,2.79,-0.44,-0.02,-0.20,-0.01,8.41
116290,0.00,1001.14,30.33,8.93,1.37,-0.67,-0.02,-0.25,0.03,8.41
116329,0.00,1001.14,30.33,10.04,1.99,-0.23,-0.03,-0.06,0.03,8.41
116367,0.00,1001.14,30.33,11.18,2.53,-1.89,-0.01,-0.29,0.01,8.41
116405,0.00,1001.14,30.33,12.13,3.04,-0.95,0.03,0.01,0.02,8.41
116443,0.00,1001.14,30.33,8.61,2.40,-0.56,-0.05,-0.13,-0.01,8.41
116494,0.00,1001.14,30.33,11.28,2.34,1.17,0.00,-0.12,0.00,8.41
116532,0.00,1001.13,30.33,8.59,2.20,-2.86,-0.02,-0.38,-0.01,8.41
116570,0.00,1001.14,30.33,9.20,3.75,-0.57,-0.01,-0.31,0.00,8.41
116608,0.00,1001.14,30.33,10.97,4.64,0.01,0.02,-0.24,-0.03,8.41
116646,0.00,1001.14,30.34,8.60,2.27,-1.67,0.01,-0.10,0.03,8.41
116707,0.00,1001.16,30.34,9.50,3.06,-1.50,-0.01,0.07,0.03,8.41
116746,0.00,1001.17,30.33,9.19,2.70,-1.74,0.02,0.25,0.00,8.41
116784,0.00,1001.16,30.33,10.52,3.38,-0.75,-0.03,0.06,-0.02,8.41
116822,0.00,1001.16,30.33,10.09,3.36,-1.78,0.00,0.33,0.02,8.41
116860,0.00,1001.16,30.33,9.60,2.89,-1.30,-0.01,0.11,-0.01,8.41
116911,0.00,1001.16,30.33,10.00,3.39,-0.39,-0.01,0.02,-0.00,8.41
116950,0.00,1001.16,30.33,10.02,2.39,-1.07,-0.03,0.16,0.00,8.41
116988,0.00,1001.16,30.33,9.67,3.27,-0.14,-0.04,-0.11,-0.01,8.41
117026,0.00,1001.17,30.33,9.65,3.16,-0.86,-0.02,0.02,-0.00,8.41
117064,0.00,1001.17,30.33,9.39,2.36,-2.03,-0.01,0.10,-0.01,8.41
117115,0.00,1001.16,30.34,9.74,2.57,-0.60,-0.03,-0.10,-0.01,8.41
117154,0.00,1001.16,30.33,11.09,2.44,-1.46,-0.01,0.18,0.01,8.41
117200,0.00,1001.16,30.33,10.11,2.83,-0.49,-0.02,0.16,0.01,8.41
117239,0.00,1001.16,30.33,10.75,2.31,0.34,0.00,-0.13,-0.02,8.41
117277,0.00,1001.16,30.33,11.12,1.79,-2.88,0.00,0.02,0.02,8.41
117328,0.00,1001.16,30.33,10.52,2.98,-0.58,-0.01,0.08,-0.02,8.41
117366,0.00,1001.16,30.33,12.17,1.02,-1.73,0.02,-0.02,-0.05,8.41
117404,0.00,1001.17,30.33,12.08,1.61,1.55,-0.03,0.14,0.01,8.40
117442,0.00,1001.16,30.33,12.00,3.29,-1.14,-0.04,-0.04,-0.06,8.40
117480,0.00,1001.16,30.33,10.38,3.45,-1.42,0.01,-0.05,-0.07,8.41
117531,0.00,1001.14,30.33,5.78,2.26,0.06,-0.06,-0.15,-0.04,8.41
117570,0.00,1001.15,30.33,12.86,2.53,1.34,-0.05,-0.19,-0.06,8.41
117608,0.00,1001.16,30.33,11.70,1.24,1.50,0.08,-0.17,-0.05,8.41
117646,0.00,1001.16,30.33,13.86,2.26,-6.28,0.01,-0.27,-0.04,8.41
117684,0.00,1001.17,30.33,7.04,3.21,-1.11,-0.02,-0.18,-0.11,8.41
117745,0.00,1001.17,30.33,11.27,3.27,-2.16,-0.04,-0.24,-0.08,8.41
117784,0.00,1001.17,30.33,10.53,2.17,-0.74,-0.02,-0.12,-0.12,8.41
117822,0.00,1001.17,30.33,10.67,5.98,1.19,0.04,-0.18,-0.08,8.41
117860,0.00,1001.17,30.33,2.68,5.00,-2.03,-0.06,-0.05,-0.03,8.41
117898,0.00,1001.17,30.33,-2.79,2.75,1.73,0.13,-0.78,-0.04,8.41
117949,0.00,1001.17,30.33,8.09,2.52,0.62,0.01,0.16,-0.05,8.41
117987,0.00,1001.17,30.33,6.69,2.63,-5.89,-0.07,-0.23,-0.10,8.41
118025,0.00,1001.16,30.33,12.06,1.75,-8.87,-0.05,-0.13,-0.08,8.42
118063,0.00,1001.16,30.33,13.05,1.62,-4.98,0.09,0.01,-0.13,8.41
118101,0.00,1001.16,30.33,9.71,2.62,-2.77,-0.02,0.01,-0.09,8.41
118152,0.00,1001.15,30.33,7.70,3.31,-1.64,-0.08,-0.04,-0.09,8.41
118191,0.00,1001.15,30.33,13.56,3.95,-0.95,-0.01,0.26,-0.06,8.41
118237,0.00,1001.15,30.33,9.20,3.26,-3.92,-0.02,0.14,-0.08,8.41
118276,0.00,1001.15,30.33,6.84,3.90,11.80,-0.06,-0.12,-0.11,8.41
118314,0.00,1001.16,30.33,13.70,3.84,-11.31,0.04,-0.36,-0.10,8.41
118365,0.00,1001.16,30.33,5.77,2.43,3.62,0.14,-0.42,-0.10,8.41
118403,0.00,1001.16,30.33,10.67,2.16,0.32,0.04,-0.32,-0.10,8.42
118441,0.00,1001.15,30.33,20.02,4.66,8.36,0.07,-0.30,-0.10,8.41
118479,0.00,1001.16,30.33,7.30,3.60,-4.24,0.02,-0.33,-0.13,8.41
118517,0.00,1001.17,30.33,12.07,3.21,-18.49,0.14,-0.18,-0.12,8.41
118568,0.00,1001.16,30.33,3.00,2.34,-6.89,0.06,-0.04,-0.07,8.41
118606,0.00,1001.16,30.33,16.83,2.98,-1.48,-0.02,-0.10,-0.12,8.41
118644,0.00,1001.17,30.33,7.59,2.91,-0.75,0.08,0.27,-0.11,8.41
118682,0.00,1001.16,30.33,6.51,2.72,-3.24,0.05,0.01,-0.14,8.41
118720,0.00,1001.17,30.33,14.08,2.74,0.01,0.00,0.26,-0.15,8.41
118781,0.00,1001.16,30.34,13.42,3.70,-1.29,-0.01,0.10,-0.14,8.41
118820,0.00,1001.16,30.33,12.11,3.15,-2.70,0.02,0.18,-0.12,8.41
118858,0.00,1001.16,30.33,8.67,4.80,0.68,-0.04,-0.17,-0.20,8.41
118896,0.00,1001.17,30.33,10.89,5.12,0.92,-0.04,-0.05,-0.18,8.41
118934,0.00,1001.17,30.33,10.48,2.56,-0.63,0.03,-0.16,-0.19,8.41
118985,0.00,1001.17,30.33,8.82,3.78,-4.67,0.05,-0.08,-0.15,8.41
119024,0.00,1001.16,30.33,6.77,4.55,-0.61,0.01,-0.25,-0.18,8.41
119062,0.00,1001.16,30.33,7.65,5.52,-2.56,0.00,-0.11,-0.14,8.41
119100,0.00,1001.16,30.33,3.96,5.05,-0.83,-0.00,-0.24,-0.13,8.41
119138,0.00,1001.16,30.33,9.67,5.43,-1.37,-0.01,-0.22,-0.18,8.41
119189,0.00,1001.17,30.33,8.72,3.84,-0.74,0.02,-0.47,-0.14,8.41
119228,0.00,1001.16,30.33,5.69,4.17,-1.71,-0.06,-0.04,-0.15,8.41
119274,0.00,1001.16,30.33,4.10,5.20,0.54,-0.15,-0.26,-0.14,8.41
119313,0.00,1001.16,30.33,10.59,4.37,-3.01,-0.09,0.23,-0.12,8.40
119351,0.00,1001.17,30.33,5.19,3.80,-1.69,-0.02,0.17,-0.11,8.41
119402,0.00,1001.17,30.33,10.29,3.16,-6.98,0.07,0.08,-0.16,8.41
119440,0.00,1001.16,30.33,9.94,5.96,-1.46,-0.03,0.22,-0.14,8.41
119478,0.00,1001.16,30.33,7.90,4.87,-6.37,0.03,-0.19,-0.13,8.41
119516,0.00,1001.17,30.33,8.25,5.61,-0.71,-0.03,-0.34,-0.14,8.41
119554,0.00,1001.17,30.33,7.63,6.07,-1.72,-0.00,-0.00,-0.14,8.41
119605,0.00,1001.17,30.33,5.81,5.13,-0.53,-0.01,-0.17,-0.13,8.41
119644,0.00,1001.17,30.33,10.60,5.36,-1.63,-0.02,-0.06,-0.16,8.41
119682,0.00,1001.17,30.33,9.73,4.76,-1.88,-0.01,-0.54,-0.16,8.41
119720,0.00,1001.17,30.33,9.12,6.25,-1.14,0.01,-0.27,-0.15,8.41
119758,0.00,1001.17,30.33,11.57,6.11,-0.00,-0.00,-0.02,-0.16,8.41
119819,0.00,1001.17,30.33,10.52,5.77,-2.06,-0.02,-0.15,-0.19,8.41
119858,0.00,1001.17,30.33,11.66,6.02,-2.74,0.04,0.02,-0.17,8.41
119896,0.00,1001.17,30.33,10.20,4.26,-2.70,-0.01,-0.02,-0.20,8.41
119934,0.00,1001.17,30.33,10.25,5.68,-1.06,-0.04,0.00,-0.20,8.41
119972,0.00,1001.17,30.33,11.92,5.23,-3.06,-0.02,-0.10,-0.19,8.41
120024,0.00,1001.16,30.33,7.61,5.89,-1.52,-0.04,-0.05,-0.19,8.42
120063,0.00,1001.16,30.33,8.02,7.02,0.58,-0.01,-0.12,-0.20,8.42
120101,0.00,1001.16,30.33,7.99,5.07,-1.61,-0.03,-0.05,-0.22,8.41
120139,0.00,1001.16,30.33,8.71,6.75,-2.39,0.02,-0.08,-0.24,8.41
120177,0.00,1001.16,30.33,7.35,4.23,-2.14,-0.01,0.01,-0.17,8.41
120228,0.00,1001.16,30.33,8.49,5.54,-2.03,-0.01,-0.07,-0.19,8.41
120267,0.00,1001.16,30.33,8.46,6.82,-2.71,-0.01,-0.22,-0.18,8.41
120315,0.00,1001.17,30.33,8.37,6.09,-3.81,-0.07,-0.19,-0.18,8.41
120354,0.00,1001.17,30.33,8.99,6.94,-3.01,-0.03,0.07,-0.18,8.41
120392,0.00,1001.17,30.33,8.13,6.03,-2.02,-0.02,0.03,-0.19,8.41
120443,0.00,1001.17,30.33,8.08,5.92,-1.82,-0.01,0.07,-0.19,8.41
120482,0.00,1001.17,30.33,8.28,4.73,-2.41,0.01,0.02,-0.20,8.41
120520,0.00,1001.15,30.33,8.24,5.75,-2.89,-0.01,-0.22,-0.18,8.41
120558,0.00,1001.15,30.33,9.14,8.20,-3.02,-0.02,-0.01,-0.20,8.41
120596,0.00,1001.15,30.33,8.50,6.23,-1.62,-0.04,-0.12,-0.21,8.41
120647,0.00,1001.15,30.33,8.21,6.17,-1.46,-0.05,0.09,-0.22,8.41
120686,0.00,1001.15,30.33,8.05,6.48,-2.04,-0.01,-0.01,-0.20,8.41
120724,0.00,1001.16,30.33,7.75,6.36,-1.99,-0.01,-0.03,-0.22,8.41
120762,0.00,1001.16,30.33,8.21,6.54,-2.93,-0.02,-0.06,-0.21,8.41
120800,0.00,1001.16,30.33,7.70,6.52,-2.29,-0.02,0.04,-0.20,8.41
120859,0.00,1001.16,30.33,7.53,6.56,-2.12,-0.02,0.01,-0.21,8.41
120898,0.00,1001.15,30.33,7.40,6.57,-1.86,-0.03,-0.01,-0.22,8.41
120936,0.00,1001.15,30.33,7.80,6.76,-2.04,-0.02,-0.03,-0.22,8.41
120974,0.00,1001.15,30.33,7.40,6.80,-1.84,-0.01,-0.04,-0.22,8.41
121012,0.00,1001.15,30.33,7.88,6.79,-2.49,-0.01,0.05,-0.24,8.41
121063,0.00,1001.16,30.33,7.81,6.76,-2.04,-0.01,-0.03,-0.24,8.40
121102,0.00,1001.16,30.33,7.47,6.92,-2.33,-0.01,0.03,-0.24,8.40
121140,0.00,1001.15,30.33,7.29,7.07,-2.54,-0.02,-0.03,-0.25,8.40
121178,0.00,1001.15,30.33,7.41,7.02,-1.88,-0.03,0.03,-0.25,8.40
121216,0.00,1001.15,30.33,7.28,7.03,-1.79,-0.01,-0.04,-0.26,8.40
121267,0.00,1001.14,30.33,7.27,7.10,-1.86,0.00,-0.02,-0.26,8.40
121306,0.00,1001.15,30.33,7.21,7.15,-2.16,-0.00,-0.03,-0.27,8.41
121354,0.00,1001.15,30.33,7.24,7.30,-2.44,-0.02,-0.02,-0.28,8.41
121393,0.00,1001.15,30.33,7.36,7.19,-2.04,-0.03,-0.00,-0.29,8.41
121431,0.00,1001.15,30.33,7.32,7.24,-2.08,-0.03,-0.01,-0.30,8.41
121482,0.00,1001.14,30.33,7.21,7.33,-1.71,-0.02,-0.01,-0.33,8.41
121521,0.00,1001.14,30.33,7.22,7.39,-1.83,-0.02,-0.02,-0.35,8.41
121559,0.00,1001.15,30.33,7.03,7.44,-2.03,-0.01,-0.02,-0.37,8.41
121597,0.00,1001.16,30.33,6.63,7.59,-2.18,-0.01,-0.01,-0.38,8.41
121635,0.00,1001.16,30.33,7.13,7.89,-2.40,0.01,-0.04,-0.39,8.41
121686,0.00,1001.16,30.33,6.68,7.85,-2.42,-0.01,-0.05,-0.41,8.41
121725,0.00,1001.15,30.33,6.09,7.83,-2.22,-0.01,-0.00,-0.40,8.41
121763,0.00,1001.16,30.33,6.05,8.03,-1.75,-0.02,-0.02,-0.41,8.41
121801,0.00,1001.16,30.33,5.93,8.12,-1.64,-0.01,0.02,-0.41,8.41
121839,0.00,1001.17,30.33,5.77,8.17,-1.78,-0.00,-0.02,-0.42,8.41
121900,0.00,1001.16,30.33,5.43,8.21,-2.18,-0.01,-0.01,-0.43,8.41
121939,0.00,1001.16,30.33,5.31,8.29,-2.19,-0.02,-0.01,-0.44,8.41
121977,0.00,1001.15,30.33,5.03,8.39,-2.25,-0.03,-0.02,-0.44,8.41
122015,0.00,1001.14,30.33,5.18,8.71,-2.28,-0.04,0.01,-0.45,8.41
122053,0.00,1001.15,30.33,4.78,8.57,-1.89,-0.04,0.02,-0.45,8.41
122104,0.00,1001.15,30.33,4.49,8.71,-1.73,-0.04,0.01,-0.45,8.42
122143,0.00,1001.16,30.33,4.44,8.89,-1.88,-0.04,-0.02,-0.45,8.41
122181,0.00,1001.16,30.33,4.17,8.88,-1.81,-0.03,-0.00,-0.45,8.41
122219,0.00,1001.15,30.33,3.89,8.97,-2.04,-0.03,-0.02,-0.45,8.41
122257,0.00,1001.15,30.33,3.73,9.10,-1.87,-0.04,-0.01,-0.45,8.41
122308,0.00,1001.15,30.33,3.51,9.04,-1.73,-0.04,0.01,-0.44,8.41
122347,0.00,1001.15,30.33,3.32,9.19,-1.96,-0.04,-0.01,-0.44,8.41
122393,0.00,1001.14,30.33,3.14,9.26,-1.72,-0.05,0.04,-0.43,8.41
122432,0.00,1001.15,30.33,2.61,9.61,-2.16,-0.02,-0.08,-0.47,8.41
122470,0.00,1001.16,30.33,3.19,18.27,-2.24,-0.04,0.20,-0.42,8.41
122521,0.00,1001.15,30.33,2.67,10.14,-1.49,-0.08,0.07,-0.33,8.41
122560,0.00,1001.16,30.33,1.16,9.54,-1.84,-0.10,0.09,-0.37,8.41
122598,0.00,1001.15,30.33,2.33,9.48,-2.15,-0.07,0.04,-0.39,8.41
122636,0.00,1001.15,30.33,2.52,9.73,-1.38,-0.04,-0.08,-0.37,8.42
122674,0.00,1001.15,30.33,2.20,9.47,-1.06,-0.01,-0.04,-0.39,8.41
122725,0.00,1001.15,30.33,2.17,9.43,-2.06,-0.02,0.00,-0.39,8.41
122763,0.00,1001.15,30.33,2.04,9.77,-2.23,-0.01,-0.04,-0.39,8.41
122801,0.00,1001.15,30.33,0.14,9.98,-1.07,-0.05,-0.01,-0.40,8.41
122839,0.00,1001.16,30.33,1.51,11.70,-2.13,-0.06,-0.04,-0.36,8.41
122877,0.00,1001.16,30.33,-0.25,6.76,-0.51,-0.05,-0.09,-0.37,8.42
122938,0.00,1001.16,30.33,-2.47,9.64,-1.73,-0.06,-0.28,-0.24,8.41
122977,0.00,1001.16,30.33,2.03,9.67,-0.31,-0.09,0.09,0.08,8.41
123015,0.00,1001.15,30.33,-0.70,9.50,-1.61,-0.09,0.07,0.02,8.42
123053,0.00,1001.15,30.33,1.44,10.05,-2.11,0.02,-0.17,0.03,8.42
123091,0.00,1001.16,30.33,2.68,9.84,0.73,0.03,-0.10,0.03,8.42
123142,0.00,1001.16,30.33,6.58,9.18,-3.34,0.07,0.10,-0.01,8.42
123180,0.00,1001.15,30.33,3.19,9.92,-1.02,0.04,-0.09,-0.01,8.42
123218,0.00,1001.15,30.33,1.94,9.82,-2.35,-0.01,0.05,-0.01,8.42
123256,0.00,1001.15,30.33,1.44,9.91,-2.68,-0.02,-0.01,-0.02,8.42
123294,0.00,1001.15,30.33,-0.14,9.90,-2.10,-0.02,-0.03,-0.02,8.42
123345,0.00,1001.15,30.33,-0.11,9.66,-2.14,-0.01,-0.06,0.02,8.42
123384,0.00,1001.15,30.33,1.25,9.59,-1.21,-0.02,-0.00,0.02,8.42
123430,0.00,1001.15,30.33,1.90,9.83,-1.98,-0.00,-0.02,0.02,8.42
123469,0.00,1001.15,30.33,1.68,9.81,-1.32,0.00,-0.05,-0.02,8.41
123507,0.00,1001.14,30.33,1.61,9.85,-1.75,-0.01,-0.00,-0.03,8.41
123558,0.00,1001.13,30.33,0.70,9.89,-2.06,-0.01,-0.04,-0.01,8.41
123597,0.00,1001.13,30.33,0.95,9.91,-1.40,-0.01,-0.02,0.01,8.41
123635,0.00,1001.13,30.33,1.97,9.81,-1.95,-0.02,-0.00,0.03,8.41
123673,0.00,1001.12,30.33,1.98,9.75,-1.51,-0.01,-0.03,0.00,8.41
123711,0.00,1001.12,30.33,2.38,9.78,-1.56,-0.02,-0.00,-0.02,8.41
123762,0.00,1001.13,30.33,1.75,9.84,-1.86,-0.01,-0.02,-0.02,8.41
123801,0.00,1001.13,30.33,0.66,9.84,-1.34,-0.00,-0.03,-0.01,8.41
123839,0.00,1001.13,30.33,1.39,9.78,-1.78,-0.01,-0.01,0.01,8.41
123877,0.00,1001.13,30.33,1.79,9.82,-1.86,-0.01,-0.03,0.02,8.41
123915,0.00,1001.14,30.33,1.88,9.77,-1.63,-0.02,-0.00,0.00,8.41
123976,0.00,1001.13,30.33,1.49,9.86,-1.51,-0.01,-0.01,-0.04,8.41
124015,0.00,1001.14,30.33,1.54,9.84,-1.57,-0.01,-0.03,-0.03,8.41
124053,0.00,1001.14,30.33,0.88,9.87,-1.53,-0.01,-0.03,-0.00,8.41
124091,0.00,1001.13,30.33,1.34,9.83,-1.86,-0.00,-0.03,0.00,8.41
124129,0.00,1001.14,30.33,2.12,9.83,-1.70,-0.01,-0.02,0.01,8.42
124180,0.00,1001.14,30.33,2.04,9.82,-1.64,-0.02,-0.01,-0.01,8.41
124219,0.00,1001.14,30.33,1.47,9.85,-1.51,-0.01,-0.02,-0.03,8.41
124257,0.00,1001.13,30.33,1.50,9.48,-1.33,-0.01,-0.00,-0.02,8.41
124295,0.00,1001.12,30.33,1.02,9.73,-1.72,-0.01,-0.04,0.01,8.41
124333,0.00,1001.13,30.33,1.47,9.86,-1.71,-0.00,-0.03,0.00,8.41
124384,0.00,1001.13,30.33,2.22,9.80,-1.81,-0.01,-0.02,-0.01,8.41
124423,0.00,1001.13,30.33,1.92,9.84,-1.95,-0.02,-0.02,-0.02,8.41
124469,0.00,1001.13,30.33,1.26,9.83,-1.53,-0.01,-0.01,-0.02,8.41
124508,0.00,1001.13,30.33,1.39,9.82,-1.50,-0.01,-0.01,-0.02,8.41
124546,0.00,1001.13,30.33,1.28,9.85,-1.65,-0.00,-0.04,0.01,8.41
124597,0.00,1001.13,30.33,1.72,9.87,-1.74,-0.00,-0.03,0.01,8.41
124636,0.00,1001.13,30.33,2.06,9.84,-1.80,-0.01,-0.02,-0.01,8.41
124674,0.00,1001.14,30.33,1.82,9.77,-1.85,-0.01,-0.02,-0.02,8.41
124712,0.00,1001.14,30.33,1.16,9.80,-1.65,-0.02,-0.01,-0.02,8.41
124750,0.00,1001.13,30.33,1.29,9.87,-1.64,-0.01,-0.02,-0.01,8.41
124801,0.00,1001.14,30.33,1.64,9.86,-1.61,-0.00,-0.02,0.01,8.41
124840,0.00,1001.14,30.33,1.86,9.79,-1.58,-0.01,-0.03,-0.00,8.41
124878,0.00,1001.15,30.33,2.01,9.81,-1.86,-0.01,-0.03,-0.02,8.41
124916,0.00,1001.15,30.33,1.69,9.83,-1.60,-0.01,-0.02,-0.02,8.41
124954,0.00,1001.15,30.33,1.20,9.88,-1.57,-0.02,-0.01,-0.02,8.41
125021,0.00,1001.15,30.33,1.47,9.81,-0.77,-0.02,-0.12,-0.01,8.41
125060,0.00,1001.14,30.33,2.17,9.79,-1.30,-0.02,0.06,-0.01,8.41
125098,0.00,1001.15,30.32,1.90,9.86,-1.73,-0.01,-0.04,-0.02,8.41
125136,0.00,1001.15,30.32,1.93,9.77,-1.49,-0.02,-0.03,-0.03,8.42
125174,0.00,1001.15,30.32,1.38,9.87,-2.29,-0.01,-0.01,-0.03,8.41
125225,0.00,1001.15,30.33,1.14,9.80,-1.59,-0.02,-0.05,-0.00,8.42
125264,0.00,1001.15,30.32,1.47,9.85,-1.89,-0.01,0.02,0.00,8.41
125302,0.00,1001.16,30.32,2.09,9.78,-1.73,-0.01,-0.04,0.00,8.41
125340,0.00,1001.16,30.33,2.06,9.76,-1.57,-0.01,-0.02,-0.01,8.41
125378,0.00,1001.16,30.33,1.61,9.84,-1.88,-0.00,-0.04,-0.03,8.41
125429,0.00,1001.16,30.33,1.25,9.82,-1.72,-0.01,-0.02,-0.02,8.41
125468,0.00,1001.15,30.33,1.35,9.79,-1.79,-0.01,-0.03,0.00,8.41
125516,0.00,1001.15,30.33,1.77,9.85,-1.88,-0.01,-0.02,0.01,8.41
125555,0.00,1001.14,30.33,1.94,9.77,-1.54,-0.01,-0.03,-0.01,8.42
125593,0.00,1001.15,30.33,1.96,9.76,-1.68,-0.02,-0.01,-0.02,8.42
125644,0.00,1001.14,30.33,1.32,9.85,-1.78,-0.01,-0.02,-0.01,8.42
125683,0.00,1001.14,30.32,1.04,9.85,-1.61,-0.01,-0.02,0.00,8.42
125721,0.00,1001.14,30.32,1.49,9.82,-1.89,-0.01,-0.02,0.01,8.42
125759,0.00,1001.14,30.32,1.97,9.84,-1.67,-0.01,-0.02,0.01,8.42
125797,0.00,1001.14,30.32,1.92,9.83,-1.62,-0.01,-0.02,-0.01,8.42
125848,0.00,1001.14,30.33,1.56,9.82,-1.63,-0.01,-0.02,-0.02,8.42
125887,0.00,1001.14,30.33,1.36,9.77,-1.62,-0.00,-0.02,-0.01,8.42
125925,0.00,1001.14,30.33,1.20,9.79,-1.77,-0.01,-0.02,-0.00,8.42
125963,0.00,1001.14,30.33,1.61,9.82,-1.70,-0.01,-0.04,0.00,8.42
126001,0.00,1001.14,30.33,2.06,9.85,-1.82,-0.01,-0.01,0.00,8.42
126060,0.00,1001.15,30.33,1.60,9.81,-1.67,-0.02,-0.01,-0.02,8.42
126099,0.00,1001.15,30.33,1.19,9.87,-1.39,-0.01,-0.02,-0.02,8.41
126137,0.00,1001.15,30.33,1.23,9.86,-1.46,-0.00,-0.02,-0.00,8.41
126175,0.00,1001.15,30.33,1.40,9.84,-1.70,-0.00,-0.03,0.01,8.41
126213,0.00,1001.15,30.33,0.23,9.92,-1.74,-0.01,-0.04,-0.02,8.41
126265,0.00,1001.15,30.33,3.06,10.06,-1.49,0.01,-0.08,0.09,8.41
126303,0.00,1001.15,30.33,-0.50,9.96,-0.82,0.03,0.19,0.03,8.41
126341,0.00,1001.15,30.33,-0.63,9.99,-1.78,-0.03,-0.12,-0.12,8.41
126379,0.00,1001.15,30.33,0.63,9.82,-2.46,-0.03,-0.05,-0.05,8.41
126417,0.00,1001.15,30.33,-0.16,10.05,-2.01,-0.01,0.00,-0.05,8.41
126468,0.00,1001.15,30.33,0.91,9.75,-1.64,-0.02,-0.03,0.02,8.41
126507,0.00,1001.15,30.33,2.12,9.82,-2.16,-0.03,0.05,0.01,8.41
126555,0.00,1001.15,30.33,2.85,9.76,-1.83,-0.02,-0.01,-0.00,8.41
126594,0.00,1001.15,30.33,1.12,9.83,-1.18,-0.02,-0.01,-0.03,8.41
126632,0.00,1001.15,30.32,1.40,9.83,-1.89,-0.01,-0.01,-0.04,8.42
126683,0.00,1001.14,30.33,1.83,9.82,-1.76,-0.00,-0.04,-0.00,8.42
126722,0.00,1001.14,30.32,1.47,9.84,-1.62,-0.01,-0.02,0.03,8.42
126760,0.00,1001.14,30.32,2.14,9.79,-2.14,-0.02,-0.02,-0.01,8.42
126798,0.00,1001.14,30.32,2.47,9.78,-1.75,-0.02,-0.01,-0.02,8.42
126836,0.00,1001.13,30.33,1.15,9.85,-1.63,-0.01,-0.01,-0.03,8.42
126887,0.00,1001.14,30.33,0.60,9.88,-1.52,-0.01,-0.02,-0.02,8.42
126926,0.00,1001.14,30.33,1.55,9.83,-1.62,-0.00,-0.03,0.01,8.42
126964,0.00,1001.15,30.33,1.46,9.80,-1.84,-0.00,-0.03,0.02,8.41
127002,0.00,1001.15,30.33,2.02,9.80,-1.88,-0.01,-0.02,-0.01,8.41
127040,0.00,1001.14,30.33,2.13,9.82,-1.80,-0.02,-0.02,-0.02,8.41
127101,0.00,1001.13,30.33,1.37,9.84,-1.50,-0.02,-0.01,-0.02,8.41
127140,0.00,1001.14,30.33,0.91,9.79,-1.34,-0.01,-0.02,-0.00,8.41
127178,0.00,1001.14,30.32,1.70,9.82,-1.63,-0.00,-0.03,0.01,8.41
127216,0.00,1001.14,30.32,2.04,9.77,-1.84,-0.00,-0.03,0.02,8.41
127254,0.00,1001.14,30.32,2.02,9.77,-1.76,-0.01,-0.02,-0.01,8.41
127305,0.00,1001.14,30.33,1.73,9.80,-1.71,-0.02,-0.01,-0.03,8.41
127344,0.00,1001.14,30.33,1.24,9.86,-1.61,-0.02,-0.02,-0.02,8.41
127382,0.00,1001.15,30.32,0.98,9.88,-1.40,-0.01,-0.03,0.00,8.41
127420,0.00,1001.15,30.33,1.65,9.80,-1.69,-0.00,-0.04,0.01,8.41
127458,0.00,1001.15,30.33,1.95,9.80,-1.67,-0.00,-0.03,0.00,8.41
127509,0.00,1001.15,30.33,1.91,9.80,-1.79,-0.01,-0.02,-0.02,8.42
127548,0.00,1001.15,30.33,1.54,9.84,-1.73,-0.01,-0.01,-0.02,8.42
127594,0.00,1001.15,30.33,1.19,9.84,-1.51,-0.01,-0.02,-0.01,8.41
127633,0.00,1001.15,30.33,1.33,9.83,-1.56,-0.01,-0.02,0.00,8.41
127671,0.00,1001.15,30.33,1.78,9.82,-1.54,-0.01,-0.03,0.01,8.41
127722,0.00,1001.15,30.33,2.00,9.75,-1.77,-0.01,-0.03,-0.01,8.41
127761,0.00,1001.15,30.32,1.67,9.75,-1.82,-0.01,-0.02,-0.03,8.41
127799,0.00,1001.14,30.32,1.44,9.77,-1.75,-0.01,-0.02,-0.02,8.41
127837,0.00,1001.15,30.32,1.24,9.85,-1.54,-0.01,-0.01,-0.00,8.41
127875,0.00,1001.16,30.33,1.38,9.83,-1.54,-0.01,-0.02,0.01,8.41
127926,0.00,1001.16,30.33,1.96,9.81,-1.59,-0.01,-0.03,0.00,8.42
127964,0.00,1001.15,30.33,1.96,9.80,-1.66,-0.01,-0.02,-0.01,8.42
128002,0.00,1001.15,30.33,1.47,9.80,-1.89,-0.01,-0.01,-0.01,8.42
128040,0.00,1001.15,30.33,1.33,9.82,-1.69,-0.01,-0.02,-0.01,8.42
128078,0.00,1001.15,30.33,1.46,9.86,-1.81,-0.02,-0.02,0.00,8.42
128139,0.00,1001.15,30.33,1.78,9.74,-1.72,-0.01,-0.03,0.00,8.42
128178,0.00,1001.16,30.33,1.70,9.77,-1.51,-0.01,-0.02,-0.01,8.42
128216,0.00,1001.15,30.32,1.66,9.80,-1.63,-0.01,-0.02,-0.01,8.42
128254,0.00,1001.15,30.32,1.42,9.84,-1.64,-0.01,-0.03,-0.01,8.42
128292,0.00,1001.15,30.32,1.43,9.90,-1.65,-0.01,-0.01,-0.00,8.42
128343,0.00,1001.15,30.33,1.63,9.84,-1.85,-0.01,-0.02,0.00,8.42
128382,0.00,1001.15,30.32,1.74,9.81,-1.47,-0.01,-0.03,-0.01,8.42
128420,0.00,1001.15,30.32,1.70,9.81,-1.67,-0.01,-0.02,-0.01,8.42
128458,0.00,1001.15,30.32,1.54,9.79,-1.68,-0.01,-0.03,-0.01,8.42
128496,0.00,1001.15,30.33,1.44,9.83,-1.61,-0.01,-0.02,-0.01,8.42
128547,0.00,1001.15,30.33,1.51,9.83,-1.76,-0.01,-0.02,-0.00,8.42
128586,0.00,1001.15,30.33,1.70,9.78,-1.66,-0.01,-0.02,-0.00,8.42
128632,0.00,1001.15,30.33,1.65,9.74,-1.59,-0.01,-0.01,-0.01,8.42
128671,0.00,1001.15,30.32,1.61,9.74,-1.64,-0.01,-0.02,-0.01,8.42
128709,0.00,1001.15,30.32,1.43,9.82,-1.59,-0.01,-0.02,-0.01,8.42
128760,0.00,1001.15,30.32,1.43,9.77,-1.59,-0.01,-0.02,-0.00,8.42
128799,0.00,1001.15,30.32,1.62,9.84,-1.76,-0.01,-0.02,-0.00,8.42
128837,0.00,1001.14,30.32,1.72,9.81,-1.63,-0.01,-0.03,-0.01,8.42
128875,0.00,1001.14,30.32,1.65,9.81,-1.60,-0.01,-0.02,-0.01,8.42
128913,0.00,1001.13,30.33,1.57,9.82,-1.62,-0.01,-0.02,-0.01,8.42
128964,0.00,1001.13,30.33,1.51,9.77,-1.53,-0.01,-0.02,-0.00,8.42
129003,0.00,1001.13,30.33,1.60,9.83,-1.61,-0.01,-0.02,-0.01,8.42
129041,0.00,1001.14,30.33,1.68,9.81,-1.71,-0.01,-0.03,0.00,8.42
129079,0.00,1001.14,30.33,1.75,9.84,-1.62,-0.01,-0.02,-0.00,8.41
129117,0.00,1001.14,30.33,1.72,9.79,-1.70,-0.01,-0.02,-0.01,8.41
129178,0.00,1001.14,30.33,1.52,9.83,-1.59,-0.01,-0.02,-0.01,8.41
129217,0.00,1001.15,30.32,1.51,9.87,-1.61,-0.00,-0.02,-0.01,8.41
129255,0.00,1001.15,30.32,1.58,9.83,-1.73,-0.01,-0.02,0.00,8.41
129293,0.00,1001.14,30.32,1.68,9.85,-1.66,-0.01,-0.02,-0.00,8.41
129331,0.00,1001.16,30.32,1.71,9.86,-1.77,-0.01,-0.02,-0.01,8.41
129382,0.00,1001.15,30.33,1.50,9.80,-1.72,-0.01,-0.02,-0.01,8.41
129421,0.00,1001.16,30.32,1.42,9.84,-1.61,-0.01,-0.02,-0.01,8.41
129459,0.00,1001.15,30.32,1.53,9.84,-1.58,-0.01,-0.02,-0.00,8.41
129497,0.00,1001.14,30.32,1.64,9.79,-1.68,-0.01,-0.02,0.00,8.41
129535,0.00,1001.15,30.33,1.73,9.82,-1.72,-0.01,-0.02,-0.00,8.41
129586,0.00,1001.16,30.33,1.65,9.79,-1.78,-0.01,-0.03,-0.01,8.41
129625,0.00,1001.15,30.33,1.40,9.84,-1.64,-0.01,-0.02,-0.01,8.41
129673,0.00,1001.14,30.33,1.43,9.83,-1.49,-0.01,-0.03,-0.00,8.41
129712,0.00,1001.15,30.32,1.69,9.78,-1.78,-0.01,-0.02,-0.00,8.41
129750,0.00,1001.15,30.32,1.70,9.82,-1.72,-0.01,-0.03,-0.01,8.41
129802,0.00,1001.15,30.32,1.61,9.76,-1.59,-0.01,-0.03,-0.01,8.42
129841,0.00,1001.15,30.32,1.58,9.83,-1.76,-0.01,-0.01,-0.01,8.42
129879,0.00,1001.15,30.32,1.53,9.82,-1.57,-0.01,-0.02,-0.01,8.42
129917,0.00,1001.16,30.32,1.58,9.85,-1.67,-0.01,-0.02,-0.00,8.41
129955,0.00,1001.16,30.32,1.63,9.75,-1.62,-0.01,-0.02,-0.00,8.42
130006,0.00,1001.14,30.32,1.70,9.81,-1.71,-0.01,-0.02,-0.01,8.42
130045,0.00,1001.14,30.32,1.67,9.79,-1.78,-0.01,-0.02,-0.01,8.42
130083,0.00,1001.15,30.32,1.49,9.83,-1.62,-0.00,-0.03,-0.01,8.42
130121,0.00,1001.14,30.32,1.44,9.77,-1.49,-0.01,-0.02,-0.01,8.42
130159,0.00,1001.14,30.32,1.65,9.79,-1.81,-0.01,-0.02,0.00,8.41
130218,0.00,1001.14,30.33,1.78,9.84,-1.75,-0.01,-0.02,-0.01,8.41
130257,0.00,1001.14,30.32,1.69,9.83,-1.50,-0.01,-0.03,-0.01,8.41
130295,0.00,1001.15,30.32,1.50,9.78,-1.53,-0.01,0.00,-0.01,8.42
130333,0.00,1001.15,30.32,1.58,9.85,-1.85,-0.01,-0.02,-0.01,8.41
130371,0.00,1001.14,30.32,1.59,9.83,-1.62,-0.01,-0.02,-0.00,8.41
130423,0.00,1001.14,30.32,1.58,9.84,-1.58,-0.02,-0.01,-0.00,8.41
130462,0.00,1001.14,30.32,1.59,9.76,-1.58,-0.01,-0.03,-0.01,8.42
130500,0.00,1001.15,30.32,1.61,9.76,-1.37,-0.01,-0.01,-0.01,8.41
130538,0.00,1001.14,30.32,1.34,9.86,-1.95,-0.01,-0.03,-0.01,8.41
130576,0.00,1001.14,30.32,1.58,9.82,-1.39,-0.01,-0.02,-0.00,8.41
130627,0.00,1001.14,30.33,1.81,9.81,-1.52,-0.02,-0.00,-0.01,8.41
130666,0.00,1001.15,30.32,1.65,9.79,-1.88,-0.01,-0.03,-0.01,8.41
130714,0.00,1001.15,30.32,1.47,9.74,-1.42,-0.01,-0.03,-0.01,8.41
130753,0.00,1001.16,30.32,1.56,9.84,-1.61,-0.01,-0.00,-0.01,8.41
130791,0.00,1001.16,30.32,1.42,9.80,-1.78,-0.00,-0.05,-0.01,8.41
130842,0.00,1001.16,30.32,1.58,9.82,-1.43,-0.01,-0.02,0.00,8.41
130881,0.00,1001.15,30.32,1.62,9.81,-1.94,-0.01,-0.01,-0.01,8.41
130919,0.00,1001.15,30.32,1.77,9.82,-1.59,-0.01,-0.01,-0.01,8.41
130957,0.00,1001.15,30.32,1.59,9.81,-1.54,-0.02,-0.01,-0.01,8.41
130995,0.00,1001.16,30.32,1.43,9.80,-1.71,-0.01,-0.01,-0.01,8.41
131046,0.00,1001.16,30.32,1.47,9.87,-1.40,-0.01,-0.03,-0.00,8.41
131085,0.00,1001.16,30.32,1.77,9.82,-1.60,-0.01,-0.03,0.00,8.41
131123,0.00,1001.16,30.32,1.73,9.82,-1.73,-0.01,-0.04,-0.01,8.41
131161,0.00,1001.16,30.32,1.71,9.83,-1.65,-0.01,0.01,-0.01,8.41
131199,0.00,1001.16,30.33,1.58,9.79,-2.04,-0.02,-0.02,-0.01,8.41
131269,0.00,1001.16,30.33,1.49,9.81,-1.75,-0.01,-0.02,0.00,8.41
131308,0.00,1001.16,30.32,1.66,9.85,-1.37,-0.00,-0.03,0.00,8.41
131346,0.00,1001.16,30.32,1.74,9.85,-1.65,-0.01,-0.02,-0.01,8.41
131384,0.00,1001.16,30.32,1.77,9.86,-1.67,-0.00,-0.03,-0.01,8.41
131422,0.00,1001.15,30.32,1.44,9.79,-1.72,-0.01,-0.01,-0.02,8.41
131474,0.00,1001.16,30.32,1.27,9.84,-1.82,-0.02,-0.01,-0.01,8.41
131513,0.00,1001.16,30.32,1.52,9.80,-1.54,-0.01,-0.02,0.00,8.42
131551,0.00,1001.15,30.32,1.78,9.87,-1.55,-0.01,-0.01,-0.00,8.42
131589,0.00,1001.16,30.32,1.70,9.81,-1.65,-0.00,-0.03,-0.01,8.42
131627,0.00,1001.16,30.32,1.65,9.81,-1.62,-0.00,-0.02,-0.01,8.42
131678,0.00,1001.15,30.32,1.54,9.87,-1.84,-0.01,-0.01,-0.01,8.42
131717,0.00,1001.16,30.32,1.43,9.87,-1.74,-0.01,-0.02,-0.00,8.42
131766,0.00,1001.15,30.32,1.59,9.80,-1.52,-0.01,-0.02,-0.00,8.42
131805,0.00,1001.15,30.32,1.88,9.79,-1.54,-0.01,-0.02,-0.01,8.42
131843,0.00,1001.15,30.32,1.68,9.80,-1.54,-0.01,-0.03,-0.01,8.42
131895,0.00,1001.14,30.32,1.26,9.84,-1.69,-0.00,-0.03,-0.01,8.42
131934,0.00,1001.15,30.32,1.44,9.82,-1.79,-0.01,-0.03,-0.00,8.42
131972,0.00,1001.14,30.32,1.52,9.79,-1.80,-0.01,-0.03,0.01,8.42
132010,0.00,1001.15,30.32,1.67,9.81,-1.66,-0.01,-0.02,-0.00,8.42
132048,0.00,1001.14,30.32,1.85,9.73,-1.56,-0.02,-0.02,-0.01,8.42
132099,0.00,1001.14,30.32,1.86,9.78,-1.46,-0.02,0.00,-0.01,8.42
132137,0.00,1001.14,30.32,1.30,9.86,-1.98,-0.01,-0.02,-0.01,8.42
132175,0.00,1001.15,30.32,1.64,9.89,-1.58,-0.01,-0.01,-0.01,8.42
132213,0.00,1001.14,30.32,1.74,9.84,-2.02,-0.02,-0.02,0.00,8.41
132251,0.00,1001.14,30.32,1.67,9.86,-1.77,-0.01,-0.02,-0.01,8.41
132312,0.00,1001.14,30.32,1.56,9.75,-1.39,-0.01,-0.01,-0.02,8.41
132351,0.00,1001.14,30.32,1.58,9.84,-1.42,-0.02,-0.01,-0.02,8.41
132389,0.00,1001.14,30.32,1.32,9.84,-1.61,-0.01,-0.02,-0.00,8.42
132427,0.00,1001.14,30.32,1.62,9.83,-1.81,-0.01,-0.01,-0.00,8.42
132465,0.00,1001.14,30.32,1.94,9.81,-1.93,-0.01,-0.04,0.00,8.41
132516,0.00,1001.15,30.32,1.71,9.83,-1.72,-0.01,-0.02,-0.01,8.42
132555,0.00,1001.15,30.32,1.43,9.85,-1.52,-0.02,-0.00,-0.02,8.42
132593,0.00,1001.15,30.32,1.41,9.87,-1.61,-0.02,-0.02,-0.01,8.42
132631,0.00,1001.15,30.32,1.32,9.76,-1.39,-0.01,-0.02,0.00,8.42
132669,0.00,1001.15,30.32,1.66,9.76,-1.63,-0.01,-0.02,-0.00,8.42
132720,0.00,1001.15,30.33,2.00,9.82,-1.81,-0.01,-0.02,-0.00,8.42
132759,0.00,1001.15,30.32,1.76,9.85,-1.71,-0.01,-0.01,-0.02,8.42
132805,0.00,1001.15,30.32,1.29,9.85,-1.67,-0.01,-0.01,-0.01,8.41
132844,0.00,1001.15,30.32,1.37,9.88,-1.47,-0.01,-0.02,-0.01,8.41
132882,0.00,1001.15,30.32,1.59,9.80,-1.56,-0.01,-0.02,0.00,8.41
132933,0.00,1001.15,30.32,1.76,9.82,-1.75,-0.01,-0.03,-0.00,8.41
132972,0.00,1001.15,30.32,1.81,9.83,-1.83,-0.01,-0.02,-0.02,8.41
133010,0.00,1001.15,30.32,1.64,9.79,-1.76,-0.01,-0.01,-0.02,8.41
133048,0.00,1001.15,30.32,1.34,9.84,-1.63,-0.01,-0.02,-0.01,8.41
133086,0.00,1001.15,30.32,1.49,9.88,-1.47,-0.01,-0.01,0.00,8.41
133137,0.00,1001.15,30.32,1.79,9.83,-1.55,-0.01,-0.02,-0.00,8.41
133176,0.00,1001.15,30.32,1.83,9.84,-1.66,-0.01,-0.02,-0.01,8.41
133214,0.00,1001.15,30.32,1.73,9.86,-1.63,-0.01,-0.02,-0.02,8.41
133252,0.00,1001.15,30.32,1.58,9.84,-1.82,-0.01,-0.02,-0.02,8.41
133290,0.00,1001.14,30.32,1.31,9.81,-1.66,-0.01,-0.01,-0.01,8.41
133351,0.00,1001.15,30.32,1.54,9.87,-1.60,-0.01,-0.02,0.00,8.41
133390,0.00,1001.14,30.32,1.81,9.82,-1.70,-0.01,-0.02,-0.01,8.41
133428,0.00,1001.14,30.32,1.82,9.77,-1.67,-0.01,-0.03,-0.01,8.41
133466,0.00,1001.14,30.32,1.59,9.80,-1.68,-0.01,-0.02,-0.01,8.41
133504,0.00,1001.14,30.32,1.46,9.80,-1.74,-0.01,-0.02,-0.02,8.41
133555,0.00,1001.14,30.32,1.47,9.83,-1.70,-0.01,-0.02,0.00,8.41
133594,0.00,1001.14,30.32,1.63,9.74,-1.69,-0.01,-0.01,0.00,8.41
133632,0.00,1001.15,30.32,1.81,9.76,-1.57,-0.01,-0.02,-0.01,8.41
133670,0.00,1001.16,30.32,1.78,9.78,-1.62,-0.01,-0.02,-0.01,8.41
133708,0.00,1001.16,30.32,1.46,9.82,-1.59,-0.01,-0.02,-0.02,8.41
133759,0.00,1001.16,30.32,1.39,9.81,-1.73,-0.01,-0.02,-0.01,8.41
133798,0.00,1001.16,30.32,1.52,9.77,-1.75,-0.01,-0.02,-0.00,8.41
133850,0.00,1001.16,30.32,1.74,9.83,-1.66,-0.01,-0.02,-0.00,8.41
133889,0.00,1001.15,30.32,1.72,9.81,-1.64,-0.01,-0.02,-0.01,8.42
133927,0.00,1001.15,30.32,1.58,9.85,-1.56,-0.01,-0.02,-0.01,8.42
133978,0.00,1001.15,30.32,1.38,9.82,-1.62,-0.01,-0.03,-0.01,8.42
134017,0.00,1001.14,30.32,1.45,9.80,-1.72,-0.01,-0.02,0.00,8.42
134055,0.00,1001.15,30.32,1.62,9.83,-1.83,-0.01,-0.02,-0.00,8.42
134093,0.00,1001.14,30.32,1.81,9.84,-1.66,-0.01,-0.02,-0.01,8.42
134131,0.00,1001.15,30.32,1.74,9.84,-1.60,-0.01,-0.02,-0.01,8.42
134182,0.00,1001.15,30.32,1.42,9.80,-1.61,-0.01,-0.02,-0.01,8.42
134221,0.00,1001.15,30.32,1.48,9.84,-1.61,-0.01,-0.02,-0.01,8.42
134259,0.00,1001.14,30.32,1.48,9.85,-1.72,-0.01,-0.02,-0.00,8.42
134297,0.00,1001.15,30.32,1.67,9.82,-1.71,-0.01,-0.02,-0.00,8.42
134335,0.00,1001.15,30.32,1.78,9.82,-1.63,-0.01,-0.02,-0.01,8.42
134396,0.00,1001.14,30.32,1.55,9.84,-1.58,-0.01,-0.02,-0.01,8.42
134435,0.00,1001.14,30.32,1.44,9.79,-1.53,-0.01,-0.02,-0.01,8.42
134473,0.00,1001.15,30.32,1.51,9.81,-1.53,-0.01,-0.02,0.00,8.42
134511,0.00,1001.15,30.32,1.67,9.75,-1.69,-0.01,-0.03,-0.00,8.42
134549,0.00,1001.15,30.32,1.75,9.83,-1.70,-0.01,-0.02,-0.01,8.42
134601,0.00,1001.15,30.32,1.60,9.83,-1.69,-0.01,-0.02,-0.02,8.42
134640,0.00,1001.14,30.32,1.51,9.81,-1.63,-0.01,-0.01,-0.01,8.43
134678,0.00,1001.14,30.32,1.43,9.81,-1.51,-0.01,-0.02,-0.01,8.43
134716,0.00,1001.14,30.32,1.52,9.80,-1.60,-0.01,-0.02,0.00,8.43
134754,0.00,1001.14,30.32,1.71,9.79,-1.61,-0.01,-0.02,-0.00,8.42
134805,0.00,1001.14,30.32,1.73,9.78,-1.72,-0.01,-0.02,-0.01,8.42
134844,0.00,1001.14,30.32,1.59,9.79,-1.74,-0.01,-0.02,-0.01,8.42
134892,0.00,1001.15,30.32,1.40,9.82,-1.63,-0.01,-0.02,-0.01,8.42
134931,0.00,1001.15,30.32,1.48,9.77,-1.55,-0.01,-0.02,-0.00,8.42
134969,0.00,1001.15,30.32,1.66,9.80,-1.62,-0.01,-0.02,-0.00,8.42
135020,0.00,1001.15,30.32,1.71,9.81,-1.68,-0.01,-0.02,-0.01,8.42
135059,0.00,1001.15,30.32,1.63,9.84,-1.66,-0.01,-0.02,-0.01,8.42
135097,0.00,1001.15,30.32,1.49,9.81,-1.65,-0.01,-0.02,-0.01,8.42
135135,0.00,1001.15,30.32,1.47,9.84,-1.61,-0.01,-0.02,-0.01,8.41
135173,0.00,1001.15,30.32,1.54,9.84,-1.68,-0.01,-0.02,-0.00,8.42
135224,0.00,1001.16,30.32,1.70,9.78,-1.66,-0.01,-0.02,-0.00,8.41
135263,0.00,1001.15,30.32,1.71,9.83,-1.62,-0.01,-0.02,-0.01,8.42
135301,0.00,1001.15,30.32,1.59,9.84,-1.70,-0.01,-0.02,-0.01,8.42
135339,0.00,1001.15,30.32,1.47,9.88,-1.68,-0.01,-0.02,-0.01,8.42
135377,0.00,1001.15,30.32,1.45,9.82,-1.71,-0.01,-0.02,-0.00,8.42
135436,0.00,1001.15,30.32,1.65,9.82,-1.58,-0.01,-0.02,0.00,8.42
135475,0.00,1001.14,30.32,1.78,9.84,-1.62,-0.01,-0.02,-0.01,8.42
135513,0.00,1001.14,30.32,1.63,9.84,-1.60,-0.01,-0.02,-0.01,8.42
135551,0.00,1001.14,30.32,1.46,9.84,-1.63,-0.01,-0.02,-0.01,8.42
135589,0.00,1001.14,30.32,1.49,9.84,-1.70,-0.01,-0.02,-0.00,8.42
135640,0.00,1001.15,30.32,1.63,9.79,-1.65,-0.01,-0.02,-0.00,8.42
135679,0.00,1001.15,30.32,1.71,9.80,-1.67,-0.01,-0.02,-0.00,8.42
135717,0.00,1001.15,30.32,1.71,9.84,-1.61,-0.01,-0.02,-0.01,8.42
135755,0.00,1001.15,30.32,1.58,9.82,-1.61,-0.01,-0.02,-0.01,8.42
135793,0.00,1001.16,30.32,1.52,9.81,-1.55,-0.01,-0.02,-0.01,8.42
135844,0.00,1001.15,30.32,1.54,9.90,-1.70,-0.00,-0.02,-0.00,8.42
135883,0.00,1001.15,30.32,1.67,9.84,-1.72,-0.01,-0.02,-0.00,8.42
135931,0.00,1001.15,30.32,1.68,9.86,-1.69,-0.01,-0.02,-0.01,8.42
135970,0.00,1001.14,30.32,1.62,9.83,-1.62,-0.01,-0.02,-0.01,8.42
136008,0.00,1001.15,30.32,1.53,9.79,-1.56,-0.01,-0.02,-0.01,8.42
136059,0.00,1001.15,30.32,1.46,9.85,-1.61,-0.01,-0.02,-0.00,8.42
136098,0.00,1001.13,30.32,1.58,9.80,-1.65,-0.01,-0.02,-0.00,8.42
136136,0.00,1001.14,30.32,1.72,9.78,-1.65,-0.01,-0.02,-0.01,8.42
136174,0.00,1001.14,30.32,1.74,9.79,-1.66,-0.01,-0.02,-0.01,8.41
136212,0.00,1001.14,30.32,1.61,9.82,-1.55,-0.01,-0.01,-0.01,8.41
136263,0.00,1001.15,30.32,1.45,9.80,-1.63,-0.01,-0.02,-0.01,8.41
136302,0.00,1001.15,30.32,1.49,9.80,-1.71,-0.01,-0.02,-0.00,8.41
136340,0.00,1001.14,30.32,1.63,9.79,-1.76,-0.01,-0.02,-0.00,8.41
136378,0.00,1001.14,30.32,1.68,9.81,-1.75,-0.01,-0.02,-0.01,8.41
136416,0.00,1001.14,30.32,1.66,9.83,-1.80,-0.01,-0.02,-0.01,8.41
136475,0.00,1001.14,30.32,1.49,9.78,-1.60,-0.01,-0.02,-0.01,8.41
136514,0.00,1001.14,30.32,1.46,9.77,-1.64,-0.01,-0.02,-0.01,8.41
136552,0.00,1001.14,30.32,1.54,9.84,-1.65,-0.01,-0.02,-0.01,8.41
136590,0.00,1001.14,30.32,1.64,9.79,-1.61,-0.01,-0.02,-0.01,8.41
136628,0.00,1001.15,30.32,1.69,9.80,-1.74,-0.01,-0.02,-0.01,8.41
136679,0.00,1001.14,30.32,1.56,9.82,-1.62,-0.01,-0.02,-0.01,8.41
136718,0.00,1001.14,30.32,1.45,9.81,-1.57,-0.01,-0.02,-0.01,8.41
136756,0.00,1001.15,30.32,1.52,9.86,-1.63,-0.01,-0.02,-0.01,8.41
136794,0.00,1001.14,30.32,1.60,9.80,-1.68,-0.01,-0.02,-0.00,8.41
136832,0.00,1001.15,30.32,1.68,9.81,-1.69,-0.01,-0.02,-0.01,8.41
136883,0.00,1001.15,30.32,1.62,9.73,-1.60,-0.01,-0.02,-0.01,8.41
136922,0.00,1001.14,30.32,1.58,9.82,-1.70,-0.01,-0.02,-0.01,8.41
136970,0.00,1001.15,30.32,1.44,9.84,-1.68,-0.01,-0.02,-0.00,8.41
137009,0.00,1001.16,30.32,1.62,9.79,-1.67,-0.01,-0.02,-0.00,8.41
137047,0.00,1001.16,30.32,1.65,9.83,-1.62,-0.01,-0.02,-0.00,8.41
137098,0.00,1001.16,30.32,1.62,9.78,-1.65,-0.01,-0.02,-0.01,8.41
137137,0.00,1001.16,30.32,1.56,9.81,-1.60,-0.01,-0.02,-0.01,8.41
137175,0.00,1001.16,30.32,1.50,9.88,-1.65,-0.01,-0.02,-0.01,8.41
137213,0.00,1001.16,30.32,1.57,9.85,-1.71,-0.01,-0.02,-0.01,8.41
137251,0.00,1001.16,30.32,1.65,9.84,-1.64,-0.01,-0.02,-0.00,8.41
137302,0.00,1001.15,30.32,1.71,9.79,-1.70,-0.01,-0.02,-0.01,8.41
137341,0.00,1001.15,30.32,1.63,9.83,-1.67,-0.01,-0.02,-0.01,8.41
137379,0.00,1001.14,30.32,1.51,9.78,-1.65,-0.01,-0.02,-0.01,8.41
137417,0.00,1001.15,30.32,1.50,9.84,-1.65,-0.01,-0.02,-0.01,8.41
137455,0.00,1001.16,30.32,1.58,9.81,-1.57,-0.01,-0.02,-0.00,8.41
137516,0.00,1001.16,30.32,1.73,9.78,-1.61,-0.01,-0.02,-0.01,8.42
137555,0.00,1001.15,30.32,1.67,9.75,-1.67,-0.01,-0.02,-0.01,8.42
137593,0.00,1001.15,30.32,1.53,9.86,-1.60,-0.01,-0.02,-0.01,8.42
137631,0.00,1001.14,30.32,1.51,9.85,-1.61,-0.01,-0.02,-0.01,8.42
137669,0.00,1001.15,30.32,1.50,9.87,-1.66,-0.01,-0.02,-0.00,8.42
137720,0.00,1001.15,30.32,1.66,9.84,-1.61,-0.01,-0.02,-0.00,8.42
137759,0.00,1001.14,30.32,1.65,9.76,-1.63,-0.01,-0.02,-0.01,8.41
137797,0.00,1001.15,30.32,1.94,9.73,-1.57,-0.01,-0.02,-0.02,8.41
137835,0.00,1001.15,30.32,1.55,9.84,-1.63,-0.01,-0.03,-0.01,8.41
137873,0.00,1001.13,30.32,1.36,9.82,-1.64,-0.01,-0.02,-0.02,8.41
137924,0.00,1001.13,30.32,1.59,9.80,-1.65,-0.01,-0.02,-0.01,8.41
137963,0.00,1001.14,30.32,1.81,9.83,-1.72,-0.01,-0.02,0.00,8.41
138009,0.00,1001.13,30.32,1.57,9.77,-1.64,-0.01,-0.02,-0.00,8.41
138048,0.00,1001.13,30.32,1.54,9.78,-1.70,-0.01,-0.02,-0.01,8.41
138086,0.00,1001.13,30.32,1.72,9.78,-1.82,-0.01,-0.02,-0.01,8.41
138138,0.00,1001.14,30.32,1.53,9.89,-1.63,-0.01,-0.06,-0.00,8.41
138177,0.00,1001.13,30.32,1.70,9.80,-1.81,-0.02,0.02,-0.01,8.41
138215,0.00,1001.13,30.32,1.77,9.81,-1.67,-0.01,-0.05,-0.01,8.41
138253,0.00,1001.13,30.32,1.53,9.76,-1.50,-0.01,-0.01,-0.01,8.41
138291,0.00,1001.13,30.32,1.51,9.78,-1.93,-0.00,-0.03,-0.01,8.41
138342,0.00,1001.13,30.32,1.67,9.80,-1.62,-0.01,-0.03,-0.01,8.42
138381,0.00,1001.12,30.32,1.67,9.83,-1.73,-0.01,-0.01,-0.00,8.41
138419,0.00,1001.13,30.32,1.58,9.78,-1.63,-0.01,-0.03,-0.01,8.41
138457,0.00,1001.14,30.32,1.70,9.77,-1.50,-0.01,-0.02,-0.01,8.42
138495,0.00,1001.14,30.32,1.36,9.81,-1.78,-0.01,-0.03,-0.01,8.41
138556,0.00,1001.14,30.32,1.36,9.87,-1.86,-0.01,-0.02,-0.00,8.41
138595,0.00,1001.14,30.32,1.60,9.85,-1.58,-0.01,-0.02,-0.01,8.42
138633,0.00,1001.14,30.32,1.63,9.76,-1.80,-0.02,-0.02,-0.01,8.42
138671,0.00,1001.14,30.32,1.38,9.81,-1.48,-0.01,-0.03,-0.02,8.42
138709,0.00,1001.14,30.32,1.68,9.80,-1.58,-0.01,-0.02,-0.01,8.42
138760,0.00,1001.14,30.32,1.67,9.82,-1.79,-0.01,-0.02,-0.01,8.42
138799,0.00,1001.14,30.32,1.55,9.81,-1.69,-0.01,-0.04,-0.00,8.42
138837,0.00,1001.14,30.32,1.63,9.83,-1.73,-0.01,-0.01,-0.01,8.42
138875,0.00,1001.15,30.32,1.81,9.84,-1.82,-0.01,-0.01,-0.01,8.42
138913,0.00,1001.15,30.32,1.33,9.83,-1.63,-0.01,-0.01,-0.01,8.41
138964,0.00,1001.14,30.32,1.28,9.87,-1.48,-0.01,-0.01,-0.01,8.42
139003,0.00,1001.14,30.32,1.79,9.77,-1.60,-0.01,-0.03,-0.00,8.42
139049,0.00,1001.14,30.32,1.89,9.80,-1.64,-0.01,-0.02,-0.01,8.42
139088,0.00,1001.14,30.32,1.58,9.86,-1.79,-0.01,-0.02,-0.01,8.42
139126,0.00,1001.14,30.32,1.53,9.82,-1.75,-0.01,-0.01,-0.01,8.42
139177,0.00,1001.13,30.32,1.48,9.83,-1.61,-0.02,-0.01,-0.01,8.42
139216,0.00,1001.13,30.32,1.58,9.79,-1.60,-0.01,-0.01,-0.00,8.42
139254,0.00,1001.13,30.32,1.84,9.77,-1.49,-0.01,-0.01,-0.00,8.42
139292,0.00,1001.13,30.32,1.66,9.80,-1.70,-0.01,-0.02,-0.00,8.41
139330,0.00,1001.14,30.32,1.66,9.79,-1.62,-0.01,-0.03,-0.01,8.42
139381,0.00,1001.14,30.32,1.49,9.81,-1.70,-0.01,-0.03,-0.01,8.41
139420,0.00,1001.14,30.32,1.51,9.87,-1.73,-0.01,-0.01,-0.00,8.42
139458,0.00,1001.14,30.32,1.49,9.84,-1.57,-0.01,-0.01,-0.00,8.41
139496,0.00,1001.15,30.32,1.83,9.85,-1.55,-0.01,-0.01,-0.01,8.42
139534,0.00,1001.14,30.32,1.76,9.84,-1.53,-0.01,-0.03,-0.00,8.41
139595,0.00,1001.15,30.32,1.53,9.77,-1.58,-0.01,-0.03,-0.00,8.41
139634,0.00,1001.14,30.32,1.54,9.84,-1.66,-0.00,-0.03,-0.01,8.41
139672,0.00,1001.15,30.31,1.68,9.77,-1.74,-0.01,-0.03,-0.00,8.41
139710,0.00,1001.15,30.31,1.62,9.85,-1.84,-0.01,-0.02,-0.00,8.41
139748,0.00,1001.14,30.32,1.68,9.80,-1.83,-0.01,-0.05,-0.01,8.41
139799,0.00,1001.14,30.32,1.67,9.79,-1.65,-0.01,-0.03,-0.01,8.41
139838,0.00,1001.14,30.32,1.65,9.84,-1.70,-0.01,-0.01,-0.01,8.41
139876,0.00,1001.14,30.32,1.45,9.81,-1.78,-0.01,-0.03,-0.01,8.41
139914,0.00,1001.14,30.32,1.52,9.78,-1.61,-0.01,-0.03,-0.01,8.41
139952,0.00,1001.14,30.32,1.59,9.81,-1.84,-0.01,-0.02,-0.00,8.41
140003,0.00,1001.14,30.32,1.70,9.86,-1.73,-0.01,-0.02,-0.00,8.41
140042,0.00,1001.14,30.32,1.67,9.78,-1.66,-0.01,-0.01,-0.01,8.41
140090,0.00,1001.14,30.32,1.60,9.82,-1.67,-0.02,-0.02,-0.02,8.41
140129,0.00,1001.13,30.32,1.48,9.81,-1.56,-0.01,-0.03,-0.00,8.41
140167,0.00,1001.14,30.31,1.45,9.86,-1.58,-0.00,-0.02,-0.01,8.41
140218,0.00,1001.14,30.32,1.59,9.81,-1.64,-0.01,-0.01,-0.01,8.41
140257,0.00,1001.14,30.31,1.68,9.84,-1.81,-0.01,-0.03,-0.01,8.41
140295,0.00,1001.14,30.32,1.63,9.85,-1.75,-0.02,-0.01,-0.01,8.41
140333,0.00,1001.14,30.32,1.68,9.88,-1.51,-0.01,-0.02,-0.01,8.41
140371,0.00,1001.14,30.32,1.60,9.81,-1.46,-0.01,-0.03,-0.01,8.41
140422,0.00,1001.14,30.32,1.52,9.81,-1.60,-0.01,-0.03,-0.00,8.41
140461,0.00,1001.14,30.32,1.71,9.82,-1.73,-0.00,-0.02,-0.01,8.41
140499,0.00,1001.14,30.32,1.81,9.83,-1.80,-0.01,-0.01,-0.01,8.41
140537,0.00,1001.14,30.32,1.54,9.85,-1.70,-0.01,-0.02,-0.01,8.41
140575,0.00,1001.14,30.32,1.62,9.81,-1.58,-0.02,-0.02,-0.01,8.41
140634,0.00,1001.13,30.32,1.59,9.76,-1.62,-0.01,-0.03,-0.00,8.41
140673,0.00,1001.14,30.32,1.69,9.78,-1.65,-0.00,-0.02,-0.00,8.41
140711,0.00,1001.14,30.32,1.66,9.83,-1.76,-0.01,-0.02,-0.01,8.41
140749,0.00,1001.15,30.32,1.73,9.76,-1.81,-0.01,-0.01,-0.01,8.41
140787,0.00,1001.14,30.32,1.63,9.87,-1.61,-0.01,-0.01,-0.01,8.41
140839,0.00,1001.14,30.32,1.38,9.79,-1.51,-0.01,-0.01,-0.01,8.41
140878,0.00,1001.15,30.32,1.57,9.83,-1.58,-0.01,-0.01,-0.00,8.41
140916,0.00,1001.14,30.32,1.64,9.78,-1.63,-0.01,-0.04,0.00,8.41
140954,0.00,1001.14,30.32,1.54,9.82,-1.74,-0.00,-0.03,-0.01,8.41
140992,0.00,1001.14,30.32,1.79,9.84,-1.83,-0.01,-0.00,-0.01,8.41
141043,0.00,1001.14,30.32,1.70,9.84,-1.77,-0.01,-0.03,-0.01,8.41
141082,0.00,1001.14,30.32,1.41,9.73,-1.71,-0.02,-0.00,-0.01,8.41
141130,0.00,1001.15,30.32,1.47,9.86,-1.46,-0.01,-0.01,-0.00,8.41
141169,0.00,1001.14,30.32,1.68,9.82,-1.60,-0.00,-0.01,-0.00,8.42
141207,0.00,1001.14,30.32,1.66,9.78,-1.74,-0.01,-0.02,-0.00,8.42
141258,0.00,1001.14,30.32,1.65,9.78,-1.76,-0.01,-0.03,-0.02,8.42
141297,0.00,1001.15,30.31,1.53,9.80,-1.62,-0.01,-0.03,-0.01,8.42
141335,0.00,1001.15,30.31,1.45,9.81,-1.67,-0.01,-0.01,-0.00,8.42
141373,0.00,1001.15,30.31,1.58,9.81,-1.72,-0.01,-0.01,-0.01,8.42
141411,0.00,1001.14,30.32,1.79,9.74,-1.60,-0.01,-0.02,-0.01,8.42
141462,0.00,1001.14,30.32,1.63,9.81,-1.59,-0.02,-0.02,-0.01,8.42
141501,0.00,1001.15,30.32,1.44,9.83,-1.59,-0.01,-0.03,-0.02,8.42
141539,0.00,1001.14,30.32,1.63,9.80,-1.60,-0.01,-0.03,-0.00,8.42
141577,0.00,1001.14,30.32,1.30,9.82,-1.60,-0.00,-0.03,0.00,8.42
141615,0.00,1001.14,30.32,1.73,9.83,-1.74,-0.01,-0.02,-0.01,8.42
141676,0.00,1001.14,30.32,1.70,9.83,-1.81,-0.02,-0.02,-0.01,8.42
141715,0.00,1001.14,30.32,1.71,9.83,-1.62,-0.01,-0.01,-0.01,8.42
141753,0.00,1001.14,30.31,1.46,9.84,-1.46,-0.01,-0.02,-0.01,8.42
141791,0.00,1001.15,30.31,1.55,9.81,-1.52,-0.01,-0.02,-0.00,8.42
141829,0.00,1001.14,30.31,1.57,9.85,-1.55,-0.00,-0.03,-0.00,8.42
141880,0.00,1001.14,30.32,1.67,9.89,-1.70,-0.01,-0.03,-0.00,8.41
141919,0.00,1001.15,30.32,1.53,9.82,-1.69,-0.01,-0.02,-0.01,8.41
141957,0.00,1001.13,30.31,1.48,9.86,-1.70,-0.01,-0.01,-0.01,8.41
141995,0.00,1001.14,30.32,1.30,9.85,-1.73,-0.01,-0.01,-0.01,8.41
142033,0.00,1001.13,30.32,1.31,9.85,-1.57,-0.01,-0.02,-0.01,8.41
142084,0.00,1001.14,30.32,1.75,9.80,-1.48,-0.01,-0.02,-0.00,8.41
142123,0.00,1001.14,30.32,1.71,9.82,-1.63,-0.01,-0.02,-0.01,8.41
142169,0.00,1001.14,30.32,1.49,9.82,-1.72,-0.01,-0.03,-0.02,8.41
142208,0.00,1001.14,30.32,1.49,9.83,-1.73,-0.01,-0.02,-0.01,8.41
142246,0.00,1001.14,30.32,1.41,9.84,-1.77,-0.01,-0.02,-0.01,8.41
142298,0.00,1001.14,30.32,1.50,9.78,-1.54,-0.01,-0.01,-0.00,8.41
142337,0.00,1001.15,30.32,1.81,9.84,-1.55,-0.01,-0.03,-0.01,8.41
142375,0.00,1001.15,30.31,1.64,9.84,-1.66,-0.01,-0.03,-0.01,8.41
142413,0.00,1001.14,30.32,1.51,9.85,-1.67,-0.00,-0.03,-0.01,8.41
142451,0.00,1001.15,30.32,1.39,9.85,-1.93,-0.01,-0.03,-0.01,8.41
142502,0.00,1001.15,30.32,1.55,9.76,-1.88,-0.01,-0.02,-0.00,8.41
142541,0.00,1001.15,30.32,1.69,9.80,-1.51,-0.02,-0.02,-0.01,8.41
142579,0.00,1001.15,30.32,1.69,9.81,-1.63,-0.02,-0.02,-0.01,8.41
142617,0.00,1001.14,30.32,1.56,9.85,-1.56,-0.00,-0.02,-0.01,8.41
142655,0.00,1001.14,30.32,1.43,9.83,-1.60,-0.01,-0.02,-0.01,8.41
142716,0.00,1001.15,30.32,1.57,9.82,-1.74,-0.01,-0.03,-0.00,8.41
142755,0.00,1001.14,30.31,1.62,9.84,-1.83,-0.01,-0.03,-0.00,8.41
142793,0.00,1001.14,30.31,1.79,9.79,-1.61,-0.01,-0.01,-0.01,8.41
142831,0.00,1001.15,30.31,1.65,9.81,-1.66,-0.01,-0.01,-0.01,8.41
142869,0.00,1001.15,30.31,1.63,9.80,-1.50,-0.01,-0.03,-0.01,8.41
142920,0.00,1001.15,30.31,1.50,9.78,-1.39,-0.00,-0.04,-0.01,8.41
142959,0.00,1001.15,30.31,1.57,9.88,-1.81,-0.00,-0.03,-0.01,8.41
142997,0.00,1001.15,30.31,1.70,9.84,-1.81,-0.01,-0.03,-0.01,8.41
143035,0.00,1001.15,30.31,1.67,9.86,-1.81,-0.01,-0.02,-0.00,8.41
143073,0.00,1001.15,30.32,1.69,9.84,-1.64,-0.01,-0.01,-0.01,8.41
143124,0.00,1001.15,30.32,1.78,9.82,-1.56,-0.01,-0.02,-0.01,8.41
143163,0.00,1001.15,30.32,1.60,9.85,-1.57,-0.01,-0.02,-0.01,8.41
143215,0.00,1001.16,30.32,1.35,9.84,-1.59,-0.01,-0.03,-0.00,8.41
143254,0.00,1001.15,30.31,1.57,9.79,-1.74,-0.01,-0.03,-0.01,8.41
143292,0.00,1001.16,30.31,1.71,9.85,-1.77,-0.01,-0.02,-0.01,8.41
143343,0.00,1001.16,30.31,1.65,9.74,-1.68,-0.02,-0.02,-0.01,8.41
143382,0.00,1001.15,30.31,1.58,9.77,-1.51,-0.01,-0.01,-0.01,8.41
143420,0.00,1001.15,30.31,1.51,9.80,-1.51,-0.01,-0.02,-0.01,8.41
143458,0.00,1001.15,30.31,1.58,9.84,-1.51,-0.00,-0.03,-0.01,8.41
143496,0.00,1001.16,30.32,1.59,9.82,-1.68,-0.01,-0.02,-0.01,8.41
143547,0.00,1001.16,30.32,1.65,9.76,-1.71,-0.01,-0.03,-0.00,8.42
143586,0.00,1001.16,30.32,1.71,9.79,-1.73,-0.01,-0.03,-0.01,8.42
143624,0.00,1001.15,30.32,1.67,9.82,-1.67,-0.02,-0.01,-0.01,8.41
143662,0.00,1001.16,30.32,1.62,9.77,-1.59,-0.01,-0.00,-0.01,8.41
143700,0.00,1001.16,30.32,1.56,9.85,-1.62,-0.01,-0.00,-0.01,8.41
143761,0.00,1001.16,30.32,1.62,9.84,-1.52,-0.01,-0.04,-0.01,8.41
143800,0.00,1001.16,30.32,1.66,9.84,-1.59,-0.01,-0.03,-0.01,8.41
143838,0.00,1001.16,30.31,1.71,9.84,-1.92,-0.00,-0.03,-0.01,8.41
143876,0.00,1001.16,30.31,1.68,9.82,-1.86,-0.00,-0.04,-0.00,8.41
143914,0.00,1001.16,30.31,1.59,9.82,-1.58,-0.01,-0.02,0.00,8.41
143965,0.00,1001.16,30.32,1.71,9.82,-1.81,-0.02,-0.00,-0.01,8.41
144004,0.00,1001.16,30.31,1.74,9.84,-1.69,-0.01,0.03,-0.01,8.41
144042,0.00,1001.16,30.31,1.41,9.84,-1.66,-0.01,-0.04,-0.01,8.41
144080,0.00,1001.16,30.31,1.63,9.77,-1.58,-0.01,-0.03,-0.01,8.41
144118,0.00,1001.15,30.31,1.59,9.81,-1.53,-0.00,-0.03,-0.00,8.41
144169,0.00,1001.16,30.32,1.66,9.78,-1.75,-0.01,-0.05,-0.00,8.41
144208,0.00,1001.16,30.32,1.73,9.82,-2.00,-0.01,-0.01,-0.01,8.42
144256,0.00,1001.16,30.32,1.61,9.89,-1.86,-0.01,-0.03,-0.02,8.41
144295,0.00,1001.15,30.31,1.55,9.89,-1.48,-0.01,-0.01,-0.00,8.41
144333,0.00,1001.15,30.31,1.39,9.82,-1.81,-0.01,-0.02,-0.00,8.41
144385,0.00,1001.15,30.31,1.65,9.79,-1.72,-0.01,-0.03,-0.01,8.41
144424,0.00,1001.15,30.31,1.77,9.82,-1.58,-0.01,-0.02,-0.01,8.41
144462,0.00,1001.15,30.31,1.60,9.78,-1.88,-0.01,-0.02,-0.02,8.41
144500,0.00,1001.14,30.31,1.44,9.82,-1.52,-0.01,-0.03,-0.01,8.41
144538,0.00,1001.13,30.31,1.24,9.86,-1.58,-0.01,-0.00,-0.01,8.41
144589,0.00,1001.14,30.31,1.40,9.84,-1.55,-0.02,-0.02,-0.00,8.41
144628,0.00,1001.14,30.31,1.87,9.84,-1.50,-0.02,-0.02,-0.01,8.41
144666,0.00,1001.14,30.31,1.33,9.96,-1.57,-0.02,0.00,-0.01,8.41
144704,0.00,1001.14,30.31,1.85,9.83,-1.53,-0.01,-0.01,-0.01,8.41
144742,0.00,1001.13,30.32,1.72,9.77,-1.73,-0.01,-0.01,-0.00,8.41
144801,0.00,1001.14,30.32,1.38,9.84,-1.60,-0.00,-0.00,-0.00,8.41
144840,0.00,1001.14,30.31,1.45,9.73,-1.85,-0.01,-0.02,-0.01,8.41
144878,0.00,1001.14,30.31,1.71,9.65,-1.54,-0.01,-0.05,0.00,8.41
144916,0.00,1001.14,30.31,1.39,9.75,-1.55,-0.01,0.03,-0.00,8.41
144954,0.00,1001.15,30.31,1.76,9.84,-1.31,-0.02,-0.12,-0.01,8.41
145006,0.00,1001.14,30.32,2.23,9.97,-1.05,-0.02,-0.01,-0.02,8.41
145045,0.00,1001.15,30.31,1.59,9.64,-2.42,-0.02,-0.02,-0.01,8.41
145083,0.00,1001.14,30.31,1.05,9.81,-1.43,-0.01,0.01,-0.01,8.41
145121,0.00,1001.14,30.31,1.65,9.84,-1.47,-0.03,-0.03,-0.00,8.41
145159,0.00,1001.14,30.32,1.54,9.94,-1.74,-0.01,-0.04,0.00,8.41
145210,0.00,1001.14,30.32,1.62,9.83,-1.16,0.01,-0.04,-0.01,8.41
145249,0.00,1001.14,30.32,1.56,9.84,-2.00,-0.01,-0.01,-0.01,8.41
145297,0.00,1001.14,30.32,1.56,9.87,-2.18,-0.02,-0.04,-0.02,8.41
145336,0.00,1001.14,30.31,1.59,9.96,-1.36,-0.02,-0.02,0.00,8.41
145374,0.00,1001.13,30.31,1.58,9.83,-1.41,-0.02,0.00,0.00,8.41
145425,0.00,1001.14,30.31,1.35,9.82,-1.58,-0.00,0.01,0.00,8.41
145463,0.00,1001.14,30.31,1.75,9.86,-1.02,-0.00,-0.07,-0.01,8.41
145501,0.00,1001.13,30.31,1.90,9.80,-1.66,-0.01,-0.08,-0.01,8.41
145539,0.00,1001.13,30.31,1.19,9.81,-1.48,-0.00,-0.05,-0.01,8.41
145577,0.00,1001.14,30.31,1.92,9.85,-2.04,-0.02,-0.00,-0.01,8.41
145628,0.00,1001.14,30.32,2.17,9.86,-2.03,-0.02,-0.01,-0.00,8.41
145667,0.00,1001.15,30.32,1.48,9.83,-1.37,-0.01,-0.03,-0.01,8.41
145705,0.00,1001.14,30.32,1.40,9.81,-1.60,-0.02,-0.05,-0.03,8.41
145743,0.00,1001.14,30.32,1.73,9.81,-1.96,0.01,-0.00,-0.01,8.41
145781,0.00,1001.14,30.32,1.42,9.83,-1.60,0.00,-0.01,0.01,8.41
145840,0.00,1001.15,30.32,1.33,10.10,-1.73,-0.02,-0.01,-0.01,8.42
145879,0.00,1001.15,30.31,1.68,9.85,-1.57,-0.03,-0.05,-0.02,8.42
145917,0.00,1001.15,30.31,1.75,9.89,-1.61,-0.01,0.02,-0.01,8.42
145955,0.00,1001.15,30.31,1.19,9.84,-1.55,-0.00,-0.02,-0.01,8.41
145993,0.00,1001.15,30.31,1.63,9.77,-1.80,-0.01,-0.00,-0.01,8.41
146044,0.00,1001.15,30.31,1.76,9.79,-1.95,-0.01,-0.02,-0.01,8.42
146083,0.00,1001.16,30.31,1.55,9.84,-1.64,-0.02,-0.02,-0.01,8.41
146121,0.00,1001.15,30.31,1.75,9.87,-1.92,-0.02,-0.02,-0.02,8.41
146159,0.00,1001.15,30.31,1.76,9.86,-1.44,-0.00,-0.03,-0.01,8.41
146197,0.00,1001.16,30.31,1.08,9.71,-2.02,-0.01,-0.05,-0.01,8.41
146248,0.00,1001.16,30.32,1.40,9.85,-2.35,-0.01,-0.01,-0.01,8.41
146287,0.00,1001.16,30.31,1.85,10.10,-1.84,0.01,0.11,-0.02,8.41
146335,0.00,1001.15,30.31,1.77,9.73,-0.56,0.01,-0.04,-0.00,8.42
146374,0.00,1001.15,30.31,2.05,9.78,-1.82,-0.02,0.04,-0.00,8.41
146412,0.00,1001.14,30.31,1.11,9.84,-1.68,0.02,-0.12,-0.01,8.42
146463,0.00,1001.14,30.31,1.09,9.83,-1.12,-0.00,-0.05,-0.02,8.42
146502,0.00,1001.15,30.31,2.01,9.88,-2.55,-0.01,-0.01,-0.00,8.41
146540,0.00,1001.15,30.31,1.18,9.91,-1.31,0.00,-0.07,0.01,8.41
146578,0.00,1001.14,30.31,1.95,9.81,-1.46,-0.02,0.02,-0.01,8.41
146616,0.00,1001.14,30.31,2.04,9.82,-1.87,0.00,-0.05,-0.01,8.41
146667,0.00,1001.14,30.31,1.51,9.84,-0.97,0.00,-0.05,-0.01,8.41
146705,0.00,1001.14,30.31,1.21,9.83,-1.70,-0.01,-0.01,-0.01,8.41
146743,0.00,1001.14,30.31,1.79,9.82,-1.90,0.01,-0.05,-0.00,8.42
146781,0.00,1001.14,30.31,1.46,9.83,-1.49,-0.01,-0.00,0.00,8.41
146819,0.00,1001.13,30.32,1.73,9.80,-2.14,-0.01,-0.03,-0.01,8.42
146880,0.00,1001.13,30.32,1.47,9.83,-1.88,-0.01,-0.03,-0.02,8.42
146919,0.00,1001.13,30.31,1.73,9.71,-1.27,-0.01,-0.01,-0.01,8.42
146957,0.00,1001.14,30.31,1.32,9.90,-2.09,-0.00,-0.03,-0.00,8.42
146995,0.00,1001.14,30.31,1.69,9.80,-1.36,0.00,-0.03,-0.01,8.42
147033,0.00,1001.14,30.31,1.86,9.82,-1.91,-0.01,-0.01,-0.00,8.42
147084,0.00,1001.14,30.31,1.67,9.84,-2.08,-0.01,-0.02,-0.00,8.42
147123,0.00,1001.15,30.31,1.40,9.82,-1.28,-0.01,-0.02,-0.01,8.41
147161,0.00,1001.15,30.31,1.70,9.84,-1.70,-0.01,-0.01,-0.00,8.41
147199,0.00,1001.15,30.31,1.61,9.54,-1.42,0.00,-0.04,-0.00,8.41
147237,0.00,1001.15,30.31,1.78,9.83,-1.63,-0.01,-0.02,-0.00,8.41
147288,0.00,1001.15,30.31,2.03,9.28,-2.29,-0.01,-0.02,-0.01,8.41
147327,0.00,1001.15,30.31,1.51,9.99,-1.46,-0.01,-0.02,-0.01,8.41
147373,0.00,1001.15,30.31,1.37,9.73,-1.55,-0.02,0.00,-0.01,8.41
147412,0.00,1001.15,30.31,1.53,9.77,-1.44,-0.02,-0.01,-0.01,8.41
147450,0.00,1001.15,30.31,1.90,9.79,-1.69,-0.01,-0.02,-0.00,8.41
147501,0.00,1001.16,30.31,1.80,9.84,-1.72,-0.01,-0.03,-0.01,8.41
147540,0.00,1001.15,30.31,1.43,9.87,-2.13,-0.02,-0.03,-0.02,8.41
147578,0.00,1001.15,30.31,1.55,9.81,-1.85,-0.02,-0.02,-0.02,8.41
147616,0.00,1001.15,30.31,1.30,9.78,-1.83,-0.01,-0.01,-0.00,8.41
147654,0.00,1001.14,30.31,1.46,9.82,-1.58,-0.01,-0.02,-0.01,8.41
147705,0.00,1001.14,30.31,1.88,9.83,-1.63,-0.01,-0.02,-0.01,8.41
147744,0.00,1001.14,30.31,1.85,9.81,-1.81,-0.01,-0.02,-0.01,8.41
147782,0.00,1001.14,30.31,1.54,9.84,-1.79,-0.01,-0.03,-0.02,8.41
147820,0.00,1001.14,30.31,1.62,9.82,-1.82,-0.01,-0.02,-0.01,8.41
147858,0.00,1001.14,30.32,1.47,9.90,-1.81,-0.01,-0.02,-0.00,8.41
147919,0.00,1001.15,30.32,1.71,9.80,-1.48,-0.01,-0.02,0.00,8.41
147958,0.00,1001.14,30.31,1.65,9.75,-1.57,-0.01,-0.02,-0.01,8.41
147996,0.00,1001.14,30.31,1.81,9.81,-1.72,-0.00,-0.03,-0.01,8.41
148034,0.00,1001.14,30.31,1.49,9.83,-1.70,-0.01,-0.02,-0.01,8.41
148072,0.00,1001.14,30.31,1.46,9.83,-1.85,-0.01,-0.02,-0.01,8.41
148123,0.00,1001.14,30.31,1.58,9.84,-1.76,-0.01,-0.02,-0.00,8.41
148162,0.00,1001.14,30.31,1.72,9.80,-1.45,-0.01,-0.01,-0.00,8.41
148200,0.00,1001.15,30.31,1.63,9.84,-1.47,-0.01,-0.02,-0.01,8.41
148238,0.00,1001.15,30.31,1.63,9.78,-1.61,-0.01,-0.03,-0.01,8.41
148276,0.00,1001.15,30.31,1.72,9.78,-1.79,-0.00,-0.02,-0.01,8.41
148327,0.00,1001.16,30.32,1.38,9.80,-1.85,-0.01,-0.01,-0.00,8.41
148366,0.00,1001.16,30.31,1.52,9.87,-1.73,-0.02,-0.01,-0.00,8.41
148412,0.00,1001.15,30.31,1.84,9.83,-1.62,-0.01,-0.01,-0.01,8.41
148451,0.00,1001.14,30.31,1.68,9.84,-1.48,-0.01,-0.01,-0.01,8.41
148489,0.00,1001.15,30.31,1.63,9.75,-1.55,-0.01,-0.02,-0.01,8.41
148540,0.00,1001.14,30.31,2.53,10.42,-1.26,-0.01,-0.02,-0.00,8.41
148579,0.00,1001.14,30.31,1.27,10.26,-1.82,-0.00,-0.04,-0.00,8.41
148617,0.00,1001.15,30.31,1.54,9.77,-2.04,-0.01,-0.01,-0.00,8.41
148655,0.00,1001.15,30.31,1.79,9.86,-1.30,-0.01,-0.01,-0.00,8.42
148693,0.00,1001.15,30.31,1.43,9.87,-1.38,-0.02,-0.00,-0.01,8.42
148744,0.00,1001.15,30.31,1.42,9.82,-1.80,-0.01,-0.04,-0.01,8.42
148783,0.00,1001.15,30.31,1.52,9.82,-1.55,0.00,-0.03,-0.01,8.41
148821,0.00,1001.15,30.31,1.38,9.83,-1.61,-0.01,-0.02,-0.01,8.42
148859,0.00,1001.15,30.31,1.71,9.81,-1.92,-0.01,-0.03,-0.01,8.42
148897,0.00,1001.15,30.31,1.70,9.78,-1.62,-0.02,-0.01,-0.01,8.42
148958,0.00,1001.15,30.32,1.49,9.82,-1.58,-0.02,0.00,-0.01,8.42
148997,0.00,1001.15,30.31,1.32,9.82,-1.77,-0.01,-0.03,-0.01,8.41
149035,0.00,1001.15,30.31,1.56,9.84,-1.45,-0.01,-0.03,-0.00,8.41
149073,0.00,1001.15,30.31,1.61,9.91,-2.00,-0.01,-0.02,-0.00,8.41
149111,0.00,1001.15,30.31,1.76,9.78,-1.77,-0.01,-0.03,-0.01,8.41
149162,0.00,1001.15,30.31,1.63,9.74,-1.49,-0.01,-0.01,-0.01,8.41
149201,0.00,1001.16,30.31,1.47,9.79,-1.69,-0.01,-0.02,-0.01,8.41
149239,0.00,1001.16,30.31,1.39,9.83,-1.40,-0.01,-0.03,-0.01,8.41
149277,0.00,1001.16,30.31,1.64,9.80,-1.60,-0.01,-0.02,-0.01,8.41
149315,0.00,1001.17,30.31,1.68,9.81,-1.67,-0.00,-0.04,-0.01,8.41
149366,0.00,1001.16,30.32,1.57,9.81,-1.64,-0.01,-0.02,-0.01,8.42
149405,0.00,1001.16,30.31,1.58,9.84,-1.85,-0.02,-0.01,-0.01,8.41
149453,0.00,1001.15,30.31,1.79,10.05,-1.75,-0.02,-0.02,-0.01,8.42
149492,0.00,1001.15,30.31,1.46,9.96,-1.10,-0.01,-0.02,-0.00,8.42
149530,0.00,1001.15,30.31,1.74,9.83,-1.63,-0.01,-0.02,-0.01,8.41
149581,0.00,1001.15,30.31,1.92,9.82,-1.70,-0.00,-0.02,-0.01,8.41
149620,0.00,1001.16,30.31,1.65,9.92,-1.67,-0.01,-0.02,-0.01,8.42
149658,0.00,1001.15,30.31,1.51,9.84,-1.89,-0.01,-0.03,-0.01,8.42
149696,0.00,1001.15,30.31,1.38,9.80,-1.65,-0.01,-0.02,-0.00,8.42
149734,0.00,1001.14,30.31,1.50,9.78,-1.61,-0.01,-0.01,-0.00,8.42
149785,0.00,1001.14,30.31,1.86,9.86,-1.59,0.00,-0.03,-0.01,8.42
149823,0.00,1001.14,30.31,1.92,9.78,-1.54,-0.01,-0.03,-0.01,8.42
149861,0.00,1001.15,30.31,1.43,9.82,-1.92,-0.01,-0.02,-0.01,8.42
149899,0.00,1001.15,30.31,1.51,9.87,-1.53,-0.01,-0.02,-0.02,8.42
149937,0.00,1001.15,30.31,1.47,9.77,-1.87,-0.02,-0.01,-0.00,8.42
149996,0.00,1001.15,30.32,1.77,9.92,-1.64,-0.01,-0.03,-0.00,8.42
150035,0.00,1001.14,30.31,2.08,9.85,-1.43,0.00,-0.04,-0.01,8.42
150073,0.00,1001.14,30.31,1.46,9.70,-2.06,0.00,-0.06,-0.01,8.42
150111,0.00,1001.14,30.31,1.13,9.80,-1.70,-0.00,-0.04,-0.02,8.42
150149,0.00,1001.15,30.31,1.55,9.71,-1.47,-0.01,-0.01,-0.01,8.42
150200,0.00,1001.15,30.31,1.71,9.79,-1.79,-0.01,-0.03,-0.00,8.42
150239,0.00,1001.15,30.31,1.61,9.81,-1.48,-0.00,-0.03,-0.00,8.42
150277,0.00,1001.15,30.31,1.67,9.89,-1.70,-0.01,-0.02,-0.02,8.42
150315,0.00,1001.14,30.31,1.30,9.76,-1.68,-0.01,-0.06,-0.02,8.42
150353,0.00,1001.14,30.31,1.35,9.76,-1.72,-0.01,-0.01,-0.01,8.42
150404,0.00,1001.14,30.31,1.45,9.89,-1.56,-0.00,-0.03,0.00,8.42
150443,0.00,1001.14,30.31,1.80,9.83,-1.48,-0.01,-0.04,-0.00,8.42
150491,0.00,1001.14,30.31,1.90,9.77,-1.70,-0.01,-0.03,-0.01,8.42
150530,0.00,1001.14,30.31,1.59,9.79,-1.75,-0.01,-0.03,-0.01,8.42
150568,0.00,1001.14,30.31,1.38,9.80,-1.65,-0.01,-0.03,-0.02,8.42
150619,0.00,1001.16,30.31,1.43,9.78,-1.68,-0.01,-0.02,-0.01,8.42
150658,0.00,1001.15,30.31,1.44,9.87,-1.81,-0.01,-0.03,-0.00,8.42
150696,0.00,1001.15,30.31,1.74,9.82,-1.66,-0.01,-0.03,-0.00,8.42
150734,0.00,1001.15,30.31,1.92,9.84,-1.73,-0.01,-0.02,-0.01,8.42
150772,0.00,1001.15,30.31,1.64,9.76,-1.74,-0.01,-0.02,-0.01,8.42
150823,0.00,1001.14,30.31,1.34,9.91,-1.68,-0.01,-0.01,-0.01,8.42
150862,0.00,1001.14,30.31,1.42,9.86,-1.70,-0.01,-0.01,-0.00,8.42
150900,0.00,1001.15,30.31,1.57,9.82,-1.65,-0.01,-0.03,0.00,8.42
150938,0.00,1001.15,30.31,1.76,9.78,-1.63,-0.01,-0.02,-0.01,8.42
150976,0.00,1001.15,30.31,1.87,9.83,-1.69,-0.01,-0.03,-0.01,8.42
151037,0.00,1001.15,30.31,1.55,9.84,-1.70,-0.01,-0.02,-0.01,8.42
151076,0.00,1001.15,30.31,1.28,9.81,-1.81,-0.01,-0.03,0.00,8.42
151114,0.00,1001.14,30.31,1.27,9.85,-1.54,-0.01,-0.02,0.01,8.42
151152,0.00,1001.15,30.31,1.91,9.81,-1.70,-0.01,-0.01,0.00,8.42
151190,0.00,1001.14,30.31,1.90,9.82,-1.69,-0.01,-0.01,-0.00,8.42
151242,0.00,1001.15,30.31,1.46,9.82,-1.50,-0.01,-0.02,-0.02,8.42
151281,0.00,1001.14,30.31,1.38,9.87,-1.69,-0.02,-0.02,-0.02,8.42
151319,0.00,1001.13,30.31,1.48,9.83,-1.58,-0.01,-0.03,-0.00,8.42
151357,0.00,1001.13,30.31,1.44,9.86,-1.54,-0.01,-0.01,0.00,8.42
151395,0.00,1001.14,30.31,1.93,9.83,-1.81,-0.01,-0.02,-0.01,8.42
151446,0.00,1001.15,30.31,1.88,9.75,-1.61,-0.01,-0.02,-0.01,8.42
151485,0.00,1001.13,30.31,1.36,9.85,-1.58,-0.01,-0.02,-0.01,8.42
151531,0.00,1001.14,30.31,1.24,9.84,-1.85,-0.01,-0.02,-0.01,8.42
151570,0.00,1001.14,30.31,1.65,9.84,-1.76,-0.01,-0.02,-0.00,8.42
151608,0.00,1001.14,30.31,1.71,9.91,-1.61,-0.01,-0.01,-0.00,8.42
151659,0.00,1001.13,30.31,1.71,9.77,-1.76,-0.01,-0.02,-0.01,8.41
151698,0.00,1001.14,30.31,1.64,9.84,-1.41,-0.01,-0.03,-0.01,8.41
151736,0.00,1001.13,30.31,1.40,9.82,-1.58,-0.01,-0.02,-0.01,8.42
151774,0.00,1001.13,30.31,1.33,9.79,-1.88,-0.01,-0.01,-0.01,8.41
151812,0.00,1001.14,30.31,1.57,9.88,-2.00,0.00,-0.04,0.01,8.41
151863,0.00,1001.14,30.31,1.70,9.84,-1.70,-0.01,-0.03,0.01,8.41
151901,0.00,1001.15,30.31,1.70,9.83,-1.79,-0.01,-0.01,-0.02,8.42
151939,0.00,1001.15,30.31,1.77,9.76,-1.79,-0.01,-0.05,-0.01,8.42
151977,0.00,1001.15,30.31,1.09,9.84,-1.35,-0.00,-0.01,-0.01,8.42
152015,0.00,1001.15,30.31,1.40,9.82,-1.85,-0.01,-0.03,-0.00,8.41
152092,0.00,1001.14,30.32,1.55,9.77,-1.68,-0.01,-0.01,0.00,8.41
152131,0.00,1001.15,30.31,2.01,9.80,-1.87,-0.01,-0.02,-0.00,8.41
152169,0.00,1001.14,30.30,1.64,9.81,-1.50,-0.01,-0.02,-0.01,8.41
152207,0.00,1001.15,30.30,1.36,9.88,-1.70,-0.01,-0.02,-0.01,8.41
152245,0.00,1001.14,30.30,1.69,9.76,-1.54,-0.01,-0.05,-0.01,8.41
152297,0.00,1001.15,30.31,1.77,9.78,-1.52,0.00,-0.04,-0.00,8.41
152336,0.00,1001.15,30.31,1.34,9.79,-1.74,-0.00,-0.01,-0.00,8.41
152374,0.00,1001.16,30.31,1.84,9.82,-1.70,-0.01,-0.02,-0.01,8.41
152412,0.00,1001.16,30.31,1.74,9.79,-1.53,-0.01,-0.03,-0.00,8.41
152450,0.00,1001.15,30.31,1.27,9.82,-1.55,-0.01,-0.02,-0.01,8.41
152501,0.00,1001.16,30.31,1.45,9.81,-1.56,-0.01,-0.03,-0.01,8.41
152540,0.00,1001.16,30.31,1.64,9.84,-1.63,-0.00,-0.03,-0.00,8.41
152589,0.00,1001.15,30.31,1.75,9.82,-1.79,-0.00,-0.02,-0.00,8.41
152628,0.00,1001.15,30.31,1.60,9.83,-1.78,-0.01,-0.03,-0.02,8.41
152666,0.00,1001.15,30.31,1.60,9.78,-1.86,-0.01,-0.02,-0.01,8.41
152718,0.00,1001.14,30.31,1.40,9.83,-1.68,-0.01,-0.02,-0.01,8.41
152757,0.00,1001.15,30.31,1.48,9.75,-1.52,-0.01,-0.01,-0.01,8.41
152795,0.00,1001.15,30.31,1.69,9.76,-1.79,-0.01,-0.02,-0.01,8.41
152833,0.00,1001.15,30.31,1.51,9.83,-1.63,-0.01,-0.03,-0.01,8.41
152871,0.00,1001.15,30.31,1.56,9.82,-1.58,-0.01,-0.02,-0.01,8.41
152922,0.00,1001.16,30.31,1.63,9.81,-1.83,-0.01,-0.02,-0.01,8.41
152961,0.00,1001.16,30.31,1.48,9.76,-1.67,-0.01,-0.03,0.00,8.41
152999,0.00,1001.16,30.31,1.59,9.84,-1.62,-0.01,-0.01,-0.01,8.41
153037,0.00,1001.16,30.31,1.84,9.78,-1.66,-0.01,-0.03,-0.01,8.41
153075,0.00,1001.16,30.31,1.56,9.89,-1.68,-0.01,-0.01,-0.02,8.41
153136,0.00,1001.16,30.31,1.43,9.86,-1.50,-0.02,-0.01,-0.01,8.41
153175,0.00,1001.16,30.31,1.26,9.85,-1.92,-0.01,-0.02,-0.01,8.41
153213,0.00,1001.15,30.31,1.71,9.88,-1.60,-0.01,-0.02,-0.01,8.41
153251,0.00,1001.15,30.31,1.69,9.82,-1.99,-0.01,-0.01,-0.01,8.41
153289,0.00,1001.14,30.31,1.70,9.82,-1.64,-0.01,-0.03,-0.02,8.41
153341,0.00,1001.14,30.31,1.62,9.77,-1.56,-0.02,-0.02,-0.01,8.41
153380,0.00,1001.14,30.31,1.51,9.81,-1.82,-0.02,-0.00,-0.00,8.41
153418,0.00,1001.14,30.31,1.42,9.74,-1.60,-0.01,-0.03,-0.00,8.41
153456,0.00,1001.14,30.31,1.77,9.79,-1.66,-0.01,-0.01,-0.00,8.41
153494,0.00,1001.14,30.31,1.68,9.85,-1.92,-0.01,-0.03,-0.00,8.41
153545,0.00,1001.14,30.31,1.51,9.82,-1.61,-0.01,-0.02,-0.01,8.41
153584,0.00,1001.14,30.31,1.60,9.83,-1.75,-0.02,-0.01,-0.01,8.41
153630,0.00,1001.14,30.31,1.61,9.75,-1.73,-0.01,-0.02,-0.01,8.41
153669,0.00,1001.13,30.31,1.54,9.84,-1.54,-0.01,-0.03,0.00,8.41
153707,0.00,1001.14,30.31,1.67,9.91,-1.69,-0.01,-0.02,-0.01,8.41
153758,0.00,1001.14,30.31,1.74,9.84,-1.81,-0.01,-0.03,-0.01,8.41
153797,0.00,1001.14,30.31,1.57,9.76,-1.56,-0.01,-0.03,-0.01,8.41
153835,0.00,1001.14,30.31,1.63,9.86,-1.88,-0.01,-0.01,-0.01,8.41
153873,0.00,1001.15,30.31,1.79,9.88,-1.68,-0.01,-0.01,-0.01,8.41
153911,0.00,1001.15,30.31,1.67,9.86,-1.78,-0.01,-0.02,-0.01,8.41
153962,0.00,1001.15,30.31,1.55,9.75,-1.68,-0.02,-0.02,-0.01,8.41
154001,0.00,1001.14,30.31,1.67,9.79,-1.49,-0.01,-0.01,-0.02,8.41
154039,0.00,1001.15,30.31,1.78,10.49,-1.52,-0.01,0.00,-0.01,8.41
154077,0.00,1001.15,30.31,1.19,9.96,-2.28,-0.00,-0.05,-0.01,8.41
154115,0.00,1001.15,30.31,1.33,9.88,-1.48,-0.02,-0.01,-0.01,8.41
154176,0.00,1001.16,30.31,1.69,9.85,-1.43,-0.02,-0.00,-0.02,8.41
154215,0.00,1001.15,30.31,1.95,9.74,-1.65,-0.01,-0.04,-0.01,8.41
154253,0.00,1001.15,30.31,1.48,9.79,-1.06,-0.01,-0.01,-0.01,8.41
154291,0.00,1001.14,30.31,1.42,9.85,-1.84,-0.02,-0.01,-0.02,8.41
154329,0.00,1001.15,30.31,1.73,9.79,-1.81,-0.01,-0.02,-0.01,8.41
154380,0.00,1001.15,30.31,1.77,9.76,-1.23,-0.01,-0.02,0.00,8.41
154419,0.00,1001.15,30.31,1.48,9.79,-1.57,-0.02,-0.00,-0.01,8.41
154457,0.00,1001.16,30.31,1.87,9.72,-1.48,-0.02,-0.02,-0.01,8.41
154495,0.00,1001.15,30.31,1.34,9.92,-1.39,-0.02,-0.02,-0.02,8.42
154533,0.00,1001.15,30.31,1.68,9.94,-2.02,-0.01,-0.03,-0.02,8.42
154584,0.00,1001.15,30.31,1.55,9.81,-1.90,-0.01,-0.02,-0.01,8.42
154623,0.00,1001.15,30.31,1.65,9.79,-1.79,-0.02,-0.00,-0.00,8.42
154671,0.00,1001.14,30.31,1.47,9.79,-1.69,-0.02,0.00,-0.01,8.42
154710,0.00,1001.15,30.31,1.64,9.84,-1.51,-0.01,-0.01,-0.02,8.42
154748,0.00,1001.14,30.31,1.62,9.70,-1.40,-0.01,0.00,-0.01,8.42
154799,0.00,1001.14,30.31,1.71,9.80,-1.77,-0.00,-0.03,-0.00,8.42
154838,0.00,1001.15,30.31,1.62,9.79,-1.77,-0.00,-0.03,-0.01,8.41
154876,0.00,1001.15,30.31,1.86,9.91,-1.95,-0.01,-0.01,-0.01,8.41
154914,0.00,1001.15,30.31,1.49,9.84,-1.78,-0.02,-0.02,-0.01,8.41
154952,0.00,1001.15,30.31,1.51,9.81,-1.46,-0.02,-0.01,-0.01,8.41
155003,0.00,1001.14,30.31,1.67,9.84,-1.54,-0.01,-0.02,-0.00,8.41
155042,0.00,1001.14,30.31,1.76,9.81,-1.56,-0.00,-0.03,-0.00,8.41
155080,0.00,1001.14,30.31,1.58,9.84,-1.72,-0.00,-0.03,-0.01,8.41
155118,0.00,1001.14,30.31,1.71,9.80,-1.94,-0.01,-0.02,-0.01,8.41
155156,0.00,1001.14,30.31,1.46,9.82,-1.69,-0.02,-0.01,-0.01,8.41
155215,0.00,1001.14,30.31,1.47,9.87,-1.47,-0.02,-0.01,-0.00,8.41
155254,0.00,1001.14,30.31,1.65,9.79,-1.49,-0.01,-0.02,-0.01,8.41
155292,0.00,1001.14,30.31,1.89,9.84,-1.50,-0.00,-0.03,-0.00,8.41
155330,0.00,1001.13,30.31,1.79,10.04,-1.34,-0.01,0.00,-0.01,8.41
155368,0.00,1001.15,30.31,1.58,10.08,-2.11,0.00,-0.02,-0.02,8.41
155419,0.00,1001.15,30.31,1.82,9.63,-0.56,-0.02,-0.04,-0.01,8.41
155458,0.00,1001.14,30.31,5.14,8.50,-3.26,-0.00,0.05,0.00,8.41
155496,0.00,1001.14,30.31,1.59,9.47,-0.67,0.01,-0.07,0.01,8.41
155534,0.00,1001.15,30.31,0.83,9.66,-1.33,-0.02,-0.00,0.00,8.41
155572,0.00,1001.15,30.31,1.98,9.84,-1.95,-0.01,-0.00,-0.00,8.41
155623,0.00,1001.15,30.31,1.44,9.84,-1.63,-0.01,-0.05,-0.02,8.41
155662,0.00,1001.15,30.31,1.43,9.79,-1.77,-0.03,0.03,-0.01,8.41
155710,0.00,1001.15,30.31,1.52,9.88,-1.82,-0.02,-0.00,0.00,8.41
155749,0.00,1001.15,30.31,1.63,9.80,-0.87,-0.02,-0.02,-0.00,8.41
155787,0.00,1001.15,30.31,1.75,9.80,-1.60,-0.01,-0.00,-0.01,8.41
155838,0.00,1001.14,30.31,1.14,9.62,-1.99,0.01,-0.07,-0.01,8.41
155877,0.00,1001.14,30.31,1.00,9.73,-1.68,0.00,-0.05,-0.01,8.41
155915,0.00,1001.14,30.31,2.12,9.08,-1.44,-0.02,0.00,-0.00,8.41
155953,0.00,1001.15,30.31,1.20,9.63,-1.80,-0.01,-0.06,-0.00,8.41
155991,0.00,1001.15,30.31,1.52,9.86,-1.50,-0.03,0.02,-0.00,8.41
156042,0.00,1001.14,30.31,1.81,9.71,-1.74,0.04,-0.11,0.00,8.41
156080,0.00,1001.15,30.31,0.87,9.62,0.18,0.02,-0.06,0.00,8.41
156118,0.00,1001.15,30.31,1.39,9.82,-1.87,-0.01,0.02,-0.01,8.41
156156,0.00,1001.15,30.31,1.43,9.93,-1.12,-0.03,0.03,0.00,8.41
156194,0.00,1001.15,30.31,1.65,9.85,-1.91,-0.05,0.01,0.00,8.41
156255,0.00,1001.16,30.31,1.49,9.77,-1.53,-0.01,0.00,-0.01,8.41
156294,0.00,1001.15,30.31,3.08,11.18,-0.34,-0.02,0.03,-0.01,8.41
156332,0.00,1001.15,30.31,2.55,8.95,-1.26,0.00,-0.06,-0.01,8.41
156370,0.00,1001.16,30.31,1.02,9.60,-1.20,0.00,-0.02,-0.01,8.41
156408,0.00,1001.16,30.31,1.66,9.97,-1.68,-0.02,0.01,-0.00,8.41
156459,0.00,1001.16,30.31,1.94,9.80,-2.04,-0.03,0.02,-0.00,8.41
156498,0.00,1001.15,30.31,1.71,9.83,-1.86,-0.02,-0.02,-0.01,8.41
156536,0.00,1001.16,30.31,1.57,9.77,-1.50,-0.02,0.01,-0.02,8.41
156574,0.00,1001.16,30.31,1.51,9.83,-1.77,-0.00,-0.05,-0.01,8.41
156612,0.00,1001.15,30.31,1.35,9.81,-1.25,0.01,-0.03,-0.00,8.41
156663,0.00,1001.15,30.31,1.55,9.81,-1.97,-0.01,-0.01,-0.00,8.41
156702,0.00,1001.16,30.31,1.90,9.81,-2.15,-0.01,-0.03,-0.01,8.41
156748,0.00,1001.15,30.31,1.72,9.84,-1.60,-0.02,-0.00,-0.01,8.41
156787,0.00,1001.15,30.31,1.36,9.88,-1.76,-0.02,0.00,-0.01,8.41
156825,0.00,1001.15,30.31,1.53,9.81,-1.34,-0.01,-0.03,-0.01,8.41
156876,0.00,1001.15,30.31,1.68,9.78,-1.40,-0.00,-0.02,0.00,8.41
156914,0.00,1001.14,30.31,1.66,9.77,-2.13,-0.00,-0.03,-0.01,8.41
156952,0.00,1001.14,30.31,1.69,9.81,-1.78,-0.01,-0.02,-0.01,8.41
156990,0.00,1001.15,30.31,1.61,9.80,-1.98,-0.02,-0.00,-0.01,8.41
157028,0.00,1001.14,30.31,1.31,9.87,-1.63,-0.02,-0.02,-0.01,8.41
157079,0.00,1001.15,30.31,1.50,9.80,-1.23,-0.01,-0.02,0.00,8.41
157117,0.00,1001.15,30.31,1.75,9.79,-1.63,-0.00,-0.03,-0.00,8.41
157155,0.00,1001.15,30.31,1.70,9.86,-1.60,0.00,-0.04,-0.01,8.42
157193,0.00,1001.14,30.31,1.68,9.79,-1.95,-0.00,-0.02,-0.01,8.41
157231,0.00,1001.14,30.31,1.52,9.82,-1.92,-0.01,-0.02,-0.01,8.41
157292,0.00,1001.14,30.31,1.46,9.80,-1.52,-0.01,-0.02,-0.00,8.42
157331,0.00,1001.14,30.31,1.56,9.81,-1.41,-0.01,-0.01,-0.00,8.42
157369,0.00,1001.15,30.31,1.77,9.78,-1.53,-0.00,-0.03,-0.01,8.41
157407,0.00,1001.15,30.31,1.77,9.79,-1.48,-0.00,-0.03,-0.01,8.41
157445,0.00,1001.15,30.31,1.53,9.82,-1.94,-0.01,-0.03,-0.01,8.41
157497,0.00,1001.15,30.31,1.38,9.79,-1.89,-0.01,-0.02,-0.01,8.41
157536,0.00,1001.15,30.31,1.56,9.82,-1.69,-0.02,-0.01,0.00,8.41
157574,0.00,1001.15,30.31,1.59,9.77,-1.52,-0.01,-0.01,0.00,8.41
157612,0.00,1001.14,30.31,1.79,9.85,-1.43,-0.01,-0.02,-0.00,8.41
157650,0.00,1001.14,30.31,1.79,9.81,-1.58,-0.00,-0.02,-0.01,8.41
157701,0.00,1001.15,30.31,1.46,9.80,-1.84,-0.00,-0.02,-0.01,8.41
157740,0.00,1001.15,30.31,1.36,9.80,-1.82,-0.01,-0.02,-0.00,8.41
157786,0.00,1001.15,30.31,1.66,9.84,-1.72,-0.02,-0.01,-0.00,8.41
157825,0.00,1001.16,30.31,1.73,9.78,-1.68,-0.01,-0.02,-0.01,8.41
157863,0.00,1001.15,30.31,1.70,9.79,-1.47,-0.01,-0.01,-0.01,8.41
157914,0.00,1001.15,30.31,1.57,9.78,-1.57,-0.01,-0.03,-0.02,8.42
157953,0.00,1001.14,30.31,1.47,9.84,-1.72,-0.00,-0.03,-0.01,8.42
157991,0.00,1001.14,30.31,1.46,9.82,-1.75,-0.01,-0.02,-0.00,8.42
158029,0.00,1001.15,30.31,1.63,9.80,-1.81,-0.01,-0.02,-0.00,8.41
158067,0.00,1001.15,30.31,1.79,9.80,-1.53,-0.02,-0.01,-0.00,8.41
158118,0.00,1001.15,30.31,1.63,9.85,-1.49,-0.01,-0.01,-0.01,8.42
158157,0.00,1001.15,30.31,1.48,9.84,-1.52,-0.00,-0.02,-0.01,8.42
158195,0.00,1001.15,30.31,1.50,9.79,-1.59,-0.00,-0.03,-0.00,8.42
158233,0.00,1001.15,30.31,1.47,9.85,-1.82,-0.00,-0.02,-0.00,8.42
158271,0.00,1001.14,30.31,1.67,9.87,-1.76,-0.01,-0.02,-0.00,8.42
158332,0.00,1001.14,30.31,1.68,9.80,-1.62,-0.02,-0.01,-0.01,8.42
158371,0.00,1001.14,30.31,1.60,9.77,-1.53,-0.01,-0.01,-0.01,8.42
158409,0.00,1001.14,30.31,1.41,9.83,-1.42,-0.01,-0.02,-0.01,8.42
158447,0.00,1001.15,30.31,1.52,9.86,-1.65,-0.01,-0.03,-0.01,8.42
158485,0.00,1001.15,30.31,1.65,9.84,-1.84,-0.01,-0.03,-0.00,8.42
158537,0.00,1001.15,30.31,1.66,9.83,-1.78,-0.01,-0.02,-0.01,8.42
158576,0.00,1001.15,30.31,1.60,9.81,-1.69,-0.02,-0.01,-0.01,8.42
158614,0.00,1001.15,30.31,1.54,9.83,-1.56,-0.01,-0.01,-0.01,8.42
158652,0.00,1001.15,30.31,1.43,9.84,-1.41,-0.01,-0.02,-0.01,8.42
158690,0.00,1001.14,30.31,1.59,9.83,-1.66,-0.00,-0.03,-0.00,8.42
158741,0.00,1001.14,30.31,1.70,9.76,-1.80,-0.00,-0.03,-0.00,8.42
158780,0.00,1001.14,30.31,1.65,9.82,-1.78,-0.02,-0.02,-0.01,8.42
158828,0.00,1001.14,30.31,1.49,9.75,-1.78,-0.02,-0.01,-0.01,8.42
158867,0.00,1001.15,30.31,1.51,9.77,-1.56,-0.01,-0.02,-0.01,8.42
158905,0.00,1001.15,30.31,1.51,9.82,-1.44,-0.01,-0.02,-0.00,8.42
158956,0.00,1001.15,30.31,1.68,9.79,-1.66,-0.00,-0.03,0.00,8.42
158994,0.00,1001.15,30.31,1.74,9.79,-1.67,-0.00,-0.02,-0.01,8.41
159032,0.00,1001.15,30.31,1.59,9.84,-1.81,-0.01,-0.02,-0.01,8.42
159070,0.00,1001.14,30.31,1.52,9.86,-1.88,-0.01,-0.02,-0.01,8.42
159108,0.00,1001.15,30.31,1.47,9.81,-1.58,-0.01,-0.01,-0.01,8.41
159159,0.00,1001.15,30.31,1.57,9.80,-1.49,-0.01,-0.02,-0.00,8.41
159198,0.00,1001.15,30.31,1.73,9.79,-1.43,-0.01,-0.03,-0.01,8.41
159236,0.00,1001.15,30.31,1.70,9.80,-1.62,-0.00,-0.03,-0.01,8.41
159274,0.00,1001.15,30.31,1.60,9.81,-1.82,-0.01,-0.02,-0.01,8.41
159312,0.00,1001.14,30.31,1.49,9.86,-1.74,-0.01,-0.02,-0.01,8.41
159371,0.00,1001.14,30.31,1.47,9.85,-1.63,-0.01,-0.01,-0.00,8.41
159410,0.00,1001.14,30.31,1.67,9.81,-1.60,-0.01,-0.02,-0.00,8.41
159448,0.00,1001.14,30.31,1.74,9.84,-1.58,-0.01,-0.03,-0.01,8.41
159486,0.00,1001.15,30.31,1.66,9.81,-1.65,-0.00,-0.03,-0.01,8.41
159524,0.00,1001.15,30.31,1.53,9.84,-1.83,-0.01,-0.02,-0.01,8.41
159576,0.00,1001.15,30.31,1.43,9.87,-1.79,-0.01,-0.02,-0.00,8.41
159615,0.00,1001.16,30.31,1.56,9.83,-1.68,-0.01,-0.02,-0.00,8.42
159653,0.00,1001.16,30.31,1.74,9.80,-1.50,-0.01,-0.02,-0.01,8.42
159691,0.00,1001.16,30.31,1.68,9.80,-1.53,-0.01,-0.02,-0.01,8.42
159729,0.00,1001.15,30.31,1.56,9.79,-1.56,-0.01,-0.02,-0.01,8.42
159780,0.00,1001.15,30.31,1.47,9.89,-1.68,-0.01,-0.02,-0.01,8.42
159819,0.00,1001.15,30.31,1.50,9.81,-1.79,-0.01,-0.02,-0.00,8.41
159867,0.00,1001.14,30.31,1.67,9.83,-1.77,-0.02,-0.01,-0.00,8.41
159906,0.00,1001.15,30.31,1.67,9.84,-1.56,-0.02,-0.01,-0.01,8.41
159944,0.00,1001.15,30.31,1.62,9.84,-1.47,-0.01,-0.02,-0.01,8.41
159995,0.00,1001.15,30.31,1.51,9.84,-1.62,-0.00,-0.03,-0.01,8.41
160034,0.00,1001.14,30.31,1.49,9.85,-1.75,-0.00,-0.03,-0.00,8.41
160072,0.00,1001.15,30.31,1.66,9.81,-1.80,-0.01,-0.02,-0.01,8.41
160110,0.00,1001.16,30.31,1.67,9.79,-1.73,-0.02,-0.02,-0.00,8.41
160148,0.00,1001.16,30.31,1.68,9.88,-1.64,-0.01,-0.01,-0.01,8.41
160199,0.00,1001.16,30.31,1.60,9.79,-1.52,-0.01,-0.02,-0.01,8.41
160238,0.00,1001.15,30.31,1.54,9.77,-1.57,-0.01,-0.02,-0.01,8.41
160276,0.00,1001.15,30.31,1.54,9.87,-1.67,-0.01,-0.03,-0.00,8.41
160314,0.00,1001.15,30.31,1.70,9.84,-1.84,-0.01,-0.03,-0.00,8.41
160352,0.00,1001.15,30.31,1.75,9.80,-1.79,-0.01,-0.02,-0.01,8.41
160411,0.00,1001.15,30.31,1.55,9.88,-1.64,-0.01,-0.01,-0.01,8.41
160450,0.00,1001.16,30.31,1.53,9.81,-1.54,-0.01,-0.02,-0.01,8.41
160488,0.00,1001.16,30.31,1.56,9.86,-1.56,-0.01,-0.02,-0.01,8.40
160526,0.00,1001.16,30.31,1.59,9.82,-1.60,-0.01,-0.03,-0.00,8.41
160564,0.00,1001.17,30.31,1.65,9.84,-1.73,-0.00,-0.02,-0.00,8.41
160616,0.00,1001.16,30.31,1.69,9.82,-1.73,-0.01,-0.02,-0.01,8.41
160655,0.00,1001.16,30.31,1.58,9.82,-1.62,-0.02,-0.01,-0.01,8.40
160693,0.00,1001.16,30.31,1.48,9.81,-1.53,-0.01,-0.02,-0.01,8.41
160731,0.00,1001.16,30.31,1.57,9.82,-1.51,-0.01,-0.02,-0.01,8.41
160769,0.00,1001.15,30.31,1.65,9.84,-1.57,-0.01,-0.03,-0.01,8.40
160820,0.00,1001.15,30.31,1.70,9.86,-1.69,-0.01,-0.02,-0.01,8.40
160859,0.00,1001.15,30.31,1.57,9.81,-1.79,-0.01,-0.02,-0.01,8.40
160907,0.00,1001.15,30.31,1.50,9.85,-1.61,-0.01,-0.02,-0.01,8.40
160946,0.00,1001.14,30.31,1.49,9.81,-1.64,-0.01,-0.02,-0.00,8.40
160984,0.00,1001.14,30.31,1.62,9.81,-1.49,-0.01,-0.02,-0.01,8.40
161035,0.00,1001.15,30.31,1.65,9.82,-1.60,-0.01,-0.03,-0.01,8.40
161074,0.00,1001.16,30.31,1.64,9.82,-1.81,-0.01,-0.02,-0.01,8.41
161112,0.00,1001.16,30.31,1.57,9.78,-1.81,-0.01,-0.02,-0.01,8.40
161150,0.00,1001.17,30.31,1.49,9.89,-1.76,-0.01,-0.02,-0.01,8.41
161188,0.00,1001.15,30.31,1.55,9.82,-1.62,-0.01,-0.02,-0.00,8.41
161239,0.00,1001.15,30.31,1.72,9.84,-1.53,-0.01,-0.02,-0.00,8.41
161278,0.00,1001.15,30.31,1.67,9.83,-1.61,-0.01,-0.03,-0.01,8.41
161316,0.00,1001.15,30.31,1.65,9.85,-1.71,-0.01,-0.02,-0.01,8.41
161354,0.00,1001.14,30.31,1.48,9.82,-1.70,-0.01,-0.02,-0.01,8.41
161392,0.00,1001.15,30.31,1.49,9.82,-1.64,-0.02,-0.02,-0.00,8.41
161458,0.00,1001.15,30.31,1.64,9.81,-1.61,-0.01,-0.01,-0.00,8.41
161497,0.00,1001.16,30.31,1.69,9.82,-1.63,-0.01,-0.02,-0.01,8.41
161535,0.00,1001.15,30.31,1.64,9.80,-1.65,-0.00,-0.02,-0.01,8.41
161573,0.00,1001.15,30.31,1.54,9.74,-1.61,-0.01,-0.02,-0.01,8.41
161611,0.00,1001.15,30.31,1.52,9.80,-1.77,-0.01,-0.02,-0.01,8.41
161663,0.00,1001.15,30.31,1.62,9.82,-1.79,-0.01,-0.02,-0.00,8.41
161702,0.00,1001.15,30.31,1.74,9.82,-1.67,-0.01,-0.01,-0.01,8.41
161740,0.00,1001.15,30.31,1.69,9.83,-1.60,-0.01,-0.02,-0.01,8.41
161778,0.00,1001.15,30.31,1.58,9.78,-1.60,-0.01,-0.02,-0.01,8.41
161816,0.00,1001.15,30.31,1.48,9.84,-1.71,-0.01,-0.02,-0.01,8.41
161867,0.00,1001.16,30.31,1.55,9.83,-1.68,-0.01,-0.02,-0.01,8.41
161906,0.00,1001.15,30.31,1.61,9.83,-1.74,-0.01,-0.02,-0.00,8.41
161953,0.00,1001.16,30.31,1.67,9.85,-1.61,-0.01,-0.02,-0.00,8.41
161992,0.00,1001.16,30.31,1.58,9.80,-1.69,-0.01,-0.02,-0.01,8.41
162030,0.00,1001.16,30.31,1.59,9.79,-1.59,-0.01,-0.02,-0.01,8.41
162081,0.00,1001.16,30.31,1.53,9.83,-1.68,-0.01,-0.02,-0.01,8.41
162120,0.00,1001.15,30.31,1.56,9.79,-1.80,-0.00,-0.02,-0.00,8.41
162158,0.00,1001.16,30.31,1.64,9.85,-1.78,-0.01,-0.02,-0.00,8.41
162196,0.00,1001.15,30.31,1.66,9.85,-1.77,-0.01,-0.02,-0.01,8.41
162234,0.00,1001.15,30.31,1.59,9.84,-1.70,-0.01,-0.02,-0.01,8.41
162285,0.00,1001.16,30.31,1.50,9.80,-1.67,-0.01,-0.02,-0.01,8.41
162324,0.00,1001.16,30.31,1.58,9.84,-1.59,-0.01,-0.03,-0.01,8.41
162362,0.00,1001.16,30.31,1.56,9.83,-1.70,-0.00,-0.03,-0.00,8.41
162400,0.00,1001.15,30.31,1.66,9.84,-1.77,-0.01,-0.02,-0.01,8.41
162438,0.00,1001.15,30.31,1.63,9.80,-1.63,-0.01,-0.01,-0.01,8.41
162499,0.00,1001.16,30.31,1.51,9.84,-1.59,-0.01,-0.02,-0.01,8.41
162538,0.00,1001.16,30.31,1.54,9.84,-1.61,-0.01,-0.02,-0.00,8.41
162576,0.00,1001.15,30.31,1.65,9.81,-1.61,-0.01,-0.02,-0.01,8.41
162614,0.00,1001.15,30.31,1.64,9.84,-1.70,-0.01,-0.03,-0.01,8.41
162652,0.00,1001.15,30.31,1.59,9.77,-1.72,-0.01,-0.02,-0.01,8.41
162703,0.00,1001.15,30.31,1.53,9.82,-1.72,-0.01,-0.02,-0.01,8.41
162742,0.00,1001.16,30.31,1.54,9.81,-1.56,-0.01,-0.01,-0.01,8.41
162780,0.00,1001.16,30.31,1.54,9.79,-1.57,-0.01,-0.02,-0.01,8.41
162818,0.00,1001.17,30.31,1.63,9.77,-1.62,-0.01,-0.02,-0.01,8.41
162856,0.00,1001.17,30.31,1.70,9.83,-1.59,-0.01,-0.02,-0.00,8.41
162907,0.00,1001.17,30.31,1.54,9.82,-1.74,-0.01,-0.02,-0.01,8.41
162946,0.00,1001.17,30.31,1.49,9.85,-1.78,-0.01,-0.02,-0.01,8.41
162992,0.00,1001.16,30.31,1.56,9.91,-1.59,-0.01,-0.01,-0.01,8.41
163031,0.00,1001.15,30.31,1.62,9.86,-1.59,-0.01,-0.02,-0.00,8.41
163069,0.00,1001.15,30.31,1.65,9.86,-1.58,-0.01,-0.02,-0.01,8.41
163120,0.00,1001.15,30.31,1.61,9.75,-1.67,-0.01,-0.03,-0.01,8.41
163159,0.00,1001.14,30.31,1.57,9.84,-1.72,-0.01,-0.02,-0.01,8.41
163197,0.00,1001.14,30.31,1.49,9.82,-1.64,-0.01,-0.02,-0.00,8.41
163235,0.00,1001.14,30.31,1.59,9.81,-1.71,-0.01,-0.02,-0.00,8.41
163273,0.00,1001.15,30.31,1.61,9.83,-1.61,-0.01,-0.02,-0.01,8.41
163324,0.00,1001.15,30.31,1.70,9.83,-1.69,-0.01,-0.02,-0.01,8.41
163363,0.00,1001.15,30.31,1.58,9.83,-1.61,-0.01,-0.02,-0.01,8.41
163401,0.00,1001.15,30.31,1.50,9.84,-1.72,-0.01,-0.03,-0.01,8.41
163439,0.00,1001.15,30.31,1.50,9.82,-1.71,-0.01,-0.02,-0.01,8.41
163477,0.00,1001.15,30.31,1.63,9.80,-1.65,-0.01,-0.02,-0.00,8.41
163538,0.00,1001.15,30.31,1.65,9.82,-1.61,-0.01,-0.02,-0.01,8.41
163577,0.00,1001.15,30.31,1.58,9.86,-1.65,-0.01,-0.02,-0.01,8.41
163615,0.00,1001.15,30.31,1.55,9.84,-1.65,-0.01,-0.02,-0.01,8.40
163653,0.00,1001.15,30.31,1.52,9.82,-1.70,-0.01,-0.02,-0.01,8.40
163691,0.00,1001.16,30.31,1.58,9.84,-1.79,-0.01,-0.02,-0.00,8.40
163742,0.00,1001.16,30.31,1.65,9.81,-1.71,-0.01,-0.02,-0.01,8.40
163781,0.00,1001.16,30.31,1.70,9.82,-1.66,-0.01,-0.02,-0.01,8.41
163819,0.00,1001.17,30.31,1.56,9.83,-1.60,-0.01,-0.02,-0.01,8.40
163857,0.00,1001.18,30.31,1.55,9.78,-1.61,-0.01,-0.02,-0.01,8.40
163895,0.00,1001.17,30.31,1.50,9.78,-1.68,-0.01,-0.02,-0.00,8.41
163946,0.00,1001.17,30.31,1.60,9.82,-1.70,-0.01,-0.02,-0.01,8.41
163985,0.00,1001.17,30.31,1.67,9.86,-1.62,-0.01,-0.02,-0.01,8.40
164033,0.00,1001.16,30.31,1.62,9.81,-1.64,-0.01,-0.02,-0.01,8.41
164072,0.00,1001.17,30.31,1.54,9.86,-1.57,-0.01,-0.02,-0.01,8.41
164110,0.00,1001.17,30.31,1.53,9.78,-1.58,-0.01,-0.02,-0.01,8.41
164161,0.00,1001.17,30.31,1.60,9.82,-1.73,-0.01,-0.02,-0.00,8.41
164200,0.00,1001.16,30.31,1.60,9.81,-1.69,-0.01,-0.02,-0.01,8.41
164238,0.00,1001.16,30.31,1.64,9.76,-1.66,-0.01,-0.02,-0.01,8.41
164276,0.00,1001.16,30.31,1.59,9.78,-1.61,-0.01,-0.02,-0.01,8.41
164314,0.00,1001.16,30.31,1.53,9.84,-1.53,-0.01,-0.02,-0.01,8.41
164365,0.00,1001.16,30.31,1.55,9.79,-1.62,-0.01,-0.02,-0.01,8.41
164404,0.00,1001.16,30.31,1.62,9.81,-1.76,-0.01,-0.02,-0.01,8.41
164442,0.00,1001.16,30.31,1.62,9.83,-1.81,-0.01,-0.03,-0.01,8.41
164480,0.00,1001.15,30.31,1.63,9.85,-1.78,-0.01,-0.02,-0.01,8.41
164518,0.00,1001.14,30.31,1.60,9.81,-1.71,-0.01,-0.02,-0.01,8.41
164577,0.00,1001.14,30.31,1.51,9.77,-1.59,-0.01,-0.02,-0.00,8.41
164616,0.00,1001.15,30.31,1.63,9.85,-1.69,-0.01,-0.02,-0.00,8.41
164654,0.00,1001.15,30.31,1.66,9.81,-1.68,-0.01,-0.03,-0.01,8.41
164692,0.00,1001.16,30.31,1.66,9.83,-1.78,-0.01,-0.02,-0.01,8.42
164730,0.00,1001.16,30.31,1.54,9.85,-1.68,-0.01,-0.02,-0.01,8.42
164781,0.00,1001.15,30.31,1.52,9.82,-1.71,-0.01,-0.02,-0.01,8.42
164820,0.00,1001.16,30.31,1.58,9.83,-1.63,-0.01,-0.02,-0.00,8.41
164858,0.00,1001.16,30.31,1.62,9.84,-1.70,-0.01,-0.02,-0.01,8.41
164896,0.00,1001.16,30.31,1.63,9.80,-1.57,-0.01,-0.02,-0.01,8.41
164934,0.00,1001.15,30.31,1.65,9.85,-1.59,-0.01,-0.02,-0.01,8.42
164985,0.00,1001.15,30.31,1.54,9.84,-1.69,-0.01,-0.02,-0.01,8.42
165024,0.00,1001.16,30.31,1.51,9.79,-1.62,-0.01,-0.02,-0.00,8.42
165072,0.00,1001.16,30.31,1.58,9.82,-1.70,-0.01,-0.02,-0.00,8.42
165111,0.00,1001.16,30.31,1.70,9.77,-1.63,-0.01,-0.02,-0.01,8.42
165149,0.00,1001.16,30.31,1.68,9.79,-1.64,-0.01,-0.02,-0.01,8.42
165201,0.00,1001.16,30.31,1.58,9.83,-1.68,-0.01,-0.02,-0.01,8.42
165240,0.00,1001.16,30.31,1.56,9.90,-1.68,-0.01,-0.02,-0.00,8.42
165278,0.00,1001.16,30.31,1.60,9.86,-1.64,-0.01,-0.02,-0.01,8.42
165316,0.00,1001.16,30.31,1.65,9.82,-1.68,-0.01,-0.02,-0.00,8.42
165354,0.00,1001.15,30.31,1.63,9.77,-1.63,-0.01,-0.02,-0.01,8.42
165405,0.00,1001.16,30.31,1.63,9.80,-1.68,-0.01,-0.02,-0.01,8.42
165444,0.00,1001.15,30.31,1.55,9.84,-1.65,-0.01,-0.02,-0.01,8.42
165482,0.00,1001.15,30.31,1.53,9.84,-1.66,-0.01,-0.02,-0.01,8.42
165520,0.00,1001.15,30.31,1.65,9.81,-1.69,-0.01,-0.02,-0.01,8.42
165558,0.00,1001.16,30.31,1.65,9.82,-1.65,-0.01,-0.02,-0.01,8.42
165619,0.00,1001.16,30.31,1.61,9.84,-1.63,-0.01,-0.02,-0.01,8.42
165658,0.00,1001.16,30.31,1.59,9.79,-1.67,-0.01,-0.02,-0.01,8.42
165696,0.00,1001.15,30.30,1.56,9.89,-1.65,-0.01,-0.03,-0.01,8.42
165734,0.00,1001.15,30.31,1.56,9.78,-1.77,-0.01,-0.02,-0.01,8.42
165772,0.00,1001.15,30.31,1.58,9.80,-1.76,-0.01,-0.02,-0.01,8.41
165824,0.00,1001.14,30.31,1.64,9.79,-1.60,-0.01,-0.02,-0.01,8.41
165863,0.00,1001.15,30.31,1.63,9.86,-1.68,-0.01,-0.02,-0.01,8.41
165901,0.00,1001.14,30.31,1.52,9.84,-1.60,-0.01,-0.02,-0.01,8.41
165939,0.00,1001.15,30.31,1.54,9.82,-1.57,-0.01,-0.02,-0.01,8.41
165977,0.00,1001.15,30.31,1.62,9.79,-1.74,-0.01,-0.02,-0.01,8.41
166028,0.00,1001.15,30.31,1.61,9.78,-1.72,-0.01,-0.02,-0.01,8.42
166067,0.00,1001.15,30.31,1.64,9.78,-1.66,-0.01,-0.02,-0.01,8.41
166113,0.00,1001.15,30.31,1.57,9.80,-1.60,-0.01,-0.02,-0.01,8.42
166152,0.00,1001.15,30.31,1.59,9.83,-1.65,-0.01,-0.02,-0.01,8.42
166190,0.00,1001.15,30.31,1.55,9.75,-1.63,-0.01,-0.03,-0.00,8.42
166241,0.00,1001.15,30.31,1.58,9.80,-1.72,-0.01,-0.02,-0.01,8.42
166280,0.00,1001.15,30.31,1.62,9.85,-1.63,-0.01,-0.02,-0.01,8.41
166318,0.00,1001.16,30.31,1.57,9.84,-1.69,-0.01,-0.02,-0.01,8.42
166356,0.00,1001.15,30.31,1.55,9.85,-1.63,-0.01,-0.02,-0.01,8.41
166394,0.00,1001.15,30.31,1.58,9.82,-1.60,-0.01,-0.02,-0.01,8.41
166445,0.00,1001.15,30.31,1.62,9.81,-1.66,-0.01,-0.02,-0.01,8.41
166484,0.00,1001.15,30.31,1.66,9.82,-1.75,-0.01,-0.02,-0.01,8.41
166522,0.00,1001.16,30.31,1.60,9.84,-1.66,-0.01,-0.02,-0.01,8.41
166560,0.00,1001.15,30.31,1.60,9.84,-1.60,-0.01,-0.02,-0.01,8.41
166598,0.00,1001.15,30.31,1.58,9.78,-1.61,-0.01,-0.02,-0.00,8.41
166659,0.00,1001.15,30.31,1.64,9.80,-1.66,-0.01,-0.02,-0.01,8.41
166698,0.00,1001.15,30.31,1.65,9.82,-1.60,-0.01,-0.02,-0.01,8.41
166736,0.00,1001.15,30.30,1.59,9.88,-1.63,-0.01,-0.02,-0.01,8.41
166774,0.00,1001.14,30.30,1.51,9.86,-1.62,-0.01,-0.02,-0.01,8.41
166812,0.00,1001.14,30.31,1.57,9.82,-1.75,-0.01,-0.02,-0.01,8.41
166863,0.00,1001.14,30.31,1.58,9.76,-1.67,-0.01,-0.02,-0.00,8.41
166902,0.00,1001.14,30.31,1.61,9.78,-1.68,-0.01,-0.02,-0.01,8.41
166940,0.00,1001.14,30.31,1.59,9.82,-1.68,-0.01,-0.02,-0.01,8.41
166978,0.00,1001.15,30.31,1.58,9.84,-1.63,-0.01,-0.03,-0.01,8.41
167016,0.00,1001.15,30.31,1.57,9.80,-1.71,-0.01,-0.02,-0.01,8.41
167067,0.00,1001.15,30.31,1.54,9.85,-1.69,-0.01,-0.02,-0.00,8.41
167106,0.00,1001.15,30.31,1.67,9.82,-1.68,-0.01,-0.02,-0.01,8.42
167152,0.00,1001.16,30.31,1.62,9.75,-1.63,-0.01,-0.02,-0.01,8.42
167191,0.00,1001.16,30.31,1.60,9.84,-1.67,-0.01,-0.02,-0.01,8.41
167229,0.00,1001.16,30.31,1.60,9.82,-1.61,-0.01,-0.02,-0.01,8.42
167280,0.00,1001.15,30.31,1.51,9.87,-1.78,-0.01,-0.02,-0.01,8.42
167319,0.00,1001.15,30.31,1.58,9.74,-1.68,-0.01,-0.02,-0.01,8.42
167357,0.00,1001.14,30.31,1.65,9.80,-1.65,-0.01,-0.02,-0.01,8.42
167395,0.00,1001.14,30.31,1.64,9.83,-1.65,-0.01,-0.02,-0.01,8.42
167433,0.00,1001.14,30.31,1.56,9.87,-1.64,-0.01,-0.02,-0.01,8.41
167484,0.00,1001.14,30.31,1.59,9.84,-1.61,-0.01,-0.03,-0.01,8.42
167523,0.00,1001.14,30.31,1.55,9.77,-1.61,-0.01,-0.02,-0.01,8.41
167561,0.00,1001.15,30.31,1.50,9.83,-1.66,-0.01,-0.02,-0.01,8.41
167599,0.00,1001.15,30.31,1.58,9.81,-1.68,-0.01,-0.02,-0.01,8.41
167637,0.00,1001.16,30.31,1.57,9.77,-1.70,-0.01,-0.02,-0.01,8.41
167698,0.00,1001.15,30.31,1.50,9.81,-1.59,-0.01,-0.02,-0.01,8.41
167737,0.00,1001.15,30.31,1.60,9.82,-1.65,-0.01,-0.02,-0.01,8.41
167775,0.00,1001.15,30.31,1.62,9.88,-1.71,-0.01,-0.02,-0.01,8.41
167813,0.00,1001.15,30.31,1.60,9.83,-1.67,-0.01,-0.02,-0.01,8.41
167851,0.00,1001.15,30.31,1.59,9.79,-1.68,-0.01,-0.02,-0.01,8.41
167903,0.00,1001.14,30.31,1.54,9.86,-1.63,-0.01,-0.02,-0.01,8.41
167942,0.00,1001.15,30.31,1.58,9.80,-1.61,-0.01,-0.02,-0.01,8.41
167980,0.00,1001.15,30.30,1.58,9.85,-1.58,-0.01,-0.02,-0.01,8.41
168018,0.00,1001.16,30.31,1.64,9.84,-1.70,-0.01,-0.02,-0.01,8.41
168056,0.00,1001.16,30.31,1.60,9.81,-1.69,-0.01,-0.02,-0.00,8.41
168107,0.00,1001.17,30.31,1.58,9.80,-1.64,-0.01,-0.02,-0.01,8.41
168146,0.00,1001.16,30.31,1.58,9.79,-1.64,-0.01,-0.02,-0.01,8.41
168194,0.00,1001.16,30.31,1.60,9.83,-1.70,-0.01,-0.02,-0.01,8.41
168233,0.00,1001.16,30.31,1.62,9.81,-1.67,-0.01,-0.02,-0.01,8.41
168271,0.00,1001.15,30.30,1.64,9.81,-1.72,-0.00,-0.02,-0.01,8.41
168322,0.00,1001.16,30.31,1.64,9.85,-1.68,-0.01,-0.02,-0.01,8.41
168361,0.00,1001.15,30.30,1.53,9.85,-1.61,-0.01,-0.02,-0.01,8.41
168399,0.00,1001.15,30.30,1.57,9.88,-1.62,-0.01,-0.02,-0.01,8.41
168437,0.00,1001.16,30.31,1.59,9.87,-1.62,-0.01,-0.02,-0.01,8.42
168475,0.00,1001.16,30.31,1.66,9.84,-1.65,-0.01,-0.02,-0.01,8.41
168526,0.00,1001.15,30.31,1.61,9.80,-1.64,-0.01,-0.02,-0.01,8.41
168565,0.00,1001.15,30.31,1.58,9.83,-1.71,-0.01,-0.02,-0.01,8.42
168603,0.00,1001.15,30.31,1.58,9.85,-1.66,-0.01,-0.02,-0.01,8.41
168641,0.00,1001.16,30.31,1.53,9.86,-1.68,-0.01,-0.02,-0.01,8.41
168679,0.00,1001.15,30.31,1.56,9.77,-1.61,-0.01,-0.02,-0.01,8.41
168738,0.00,1001.15,30.31,1.64,9.85,-1.65,-0.01,-0.02,-0.01,8.41
168777,0.00,1001.15,30.31,1.61,9.84,-1.77,-0.01,-0.02,-0.01,8.41
168815,0.00,1001.14,30.31,1.56,9.83,-1.66,-0.01,-0.02,-0.01,8.41
168853,0.00,1001.15,30.31,1.57,9.82,-1.69,-0.01,-0.02,-0.00,8.41
168891,0.00,1001.15,30.31,1.54,9.80,-1.66,-0.01,-0.02,-0.01,8.41
168943,0.00,1001.16,30.31,1.58,9.80,-1.63,-0.01,-0.02,-0.01,8.41
168982,0.00,1001.16,30.31,1.61,9.84,-1.63,-0.01,-0.02,-0.01,8.41
169020,0.00,1001.15,30.31,1.59,9.83,-1.70,-0.01,-0.02,-0.01,8.41
169058,0.00,1001.15,30.31,1.62,9.81,-1.69,-0.01,-0.02,-0.01,8.41
169096,0.00,1001.15,30.31,1.61,9.86,-1.65,-0.01,-0.02,-0.01,8.41
169147,0.00,1001.15,30.31,1.61,9.82,-1.64,-0.01,-0.02,-0.01,8.41
169186,0.00,1001.16,30.31,1.61,9.84,-1.59,-0.01,-0.02,-0.01,8.41
169234,0.00,1001.16,30.31,1.57,9.84,-1.65,-0.01,-0.02,-0.01,8.41
169273,0.00,1001.16,30.31,1.57,9.82,-1.70,-0.01,-0.02,-0.01,8.41
169311,0.00,1001.15,30.31,1.56,9.84,-1.66,-0.01,-0.02,-0.01,8.41
169362,0.00,1001.15,30.31,1.59,9.82,-1.73,-0.01,-0.02,-0.01,8.41
169401,0.00,1001.15,30.31,1.61,9.81,-1.68,-0.01,-0.01,-0.01,8.41
169439,0.00,1001.15,30.30,1.63,9.81,-1.69,-0.01,-0.02,-0.01,8.41
169477,0.00,1001.15,30.31,1.53,9.87,-1.63,-0.01,-0.02,-0.01,8.41
169515,0.00,1001.16,30.31,1.58,9.86,-1.57,-0.01,-0.02,-0.01,8.41
169566,0.00,1001.15,30.31,1.58,9.83,-1.67,-0.01,-0.02,-0.01,8.41
169605,0.00,1001.15,30.31,1.62,9.80,-1.66,-0.01,-0.02,-0.01,8.41
169643,0.00,1001.15,30.31,1.62,9.77,-1.60,-0.01,-0.02,-0.01,8.41
169681,0.00,1001.15,30.31,1.61,9.82,-1.61,-0.01,-0.02,-0.01,8.41
169719,0.00,1001.15,30.31,1.57,9.82,-1.62,-0.01,-0.02,-0.01,8.41
169778,0.00,1001.14,30.31,1.61,9.82,-1.61,-0.01,-0.02,-0.01,8.41
169817,0.00,1001.14,30.31,1.57,9.81,-1.71,-0.01,-0.02,-0.01,8.41
169855,0.00,1001.15,30.30,1.65,9.84,-1.68,-0.01,-0.02,-0.01,8.41
169893,0.00,1001.15,30.30,1.60,9.80,-1.66,-0.01,-0.02,-0.00,8.41
169931,0.00,1001.15,30.31,1.56,9.82,-1.58,-0.01,-0.02,-0.01,8.41
169983,0.00,1001.14,30.31,1.63,9.80,-1.67,-0.01,-0.02,-0.01,8.41
170022,0.00,1001.15,30.31,1.56,9.78,-1.63,-0.01,-0.02,-0.01,8.42
170060,0.00,1001.15,30.31,1.60,9.84,-1.63,-0.01,-0.02,-0.01,8.42
170098,0.00,1001.15,30.31,1.61,9.84,-1.65,-0.01,-0.02,-0.01,8.41
170136,0.00,1001.15,30.31,1.54,9.88,-1.72,-0.01,-0.02,-0.01,8.41
170187,0.00,1001.15,30.31,1.55,9.79,-1.65,-0.01,-0.02,-0.00,8.41
170226,0.00,1001.15,30.31,1.56,9.81,-1.62,-0.01,-0.02,-0.01,8.41
170273,0.00,1001.15,30.31,1.59,9.86,-1.64,-0.01,-0.02,-0.01,8.41
170312,0.00,1001.15,30.31,1.63,9.83,-1.68,-0.01,-0.02,-0.01,8.41
170350,0.00,1001.15,30.31,1.56,9.81,-1.69,-0.01,-0.02,-0.01,8.41
170401,0.00,1001.15,30.31,1.53,9.84,-1.64,-0.01,-0.02,-0.01,8.41
170440,0.00,1001.15,30.30,1.67,9.75,-1.71,-0.01,-0.02,-0.01,8.41
170478,0.00,1001.14,30.30,1.64,9.84,-1.67,-0.01,-0.02,-0.00,8.41
170516,0.00,1001.14,30.30,1.63,9.82,-1.67,-0.01,-0.02,-0.01,8.41
170554,0.00,1001.14,30.31,1.56,9.83,-1.57,-0.01,-0.02,-0.01,8.41
170605,0.00,1001.15,30.31,1.61,9.84,-1.61,-0.01,-0.02,-0.01,8.42
170644,0.00,1001.15,30.31,1.67,9.79,-1.81,-0.01,-0.00,-0.00,8.42
170682,0.00,1001.15,30.31,1.60,9.86,-1.51,-0.01,-0.00,-0.00,8.42
170720,0.00,1001.14,30.31,1.73,9.77,-1.77,-0.01,-0.03,-0.01,8.41
170758,0.00,1001.13,30.31,1.47,9.74,-1.81,-0.00,-0.03,-0.01,8.41
170819,0.00,1001.14,30.31,1.52,9.92,-1.70,-0.01,-0.03,-0.01,8.41
170858,0.00,1001.13,30.31,1.74,9.68,-1.90,-0.01,-0.01,-0.01,8.41
170896,0.00,1001.13,30.30,1.19,9.89,-2.04,-0.02,-0.04,-0.00,8.42
170934,0.00,1001.14,30.30,1.66,9.95,-1.50,-0.01,0.02,-0.01,8.42
170972,0.00,1001.14,30.31,1.11,9.63,-2.28,-0.00,-0.08,-0.01,8.41
171023,0.00,1001.14,30.31,2.17,10.09,-1.41,-0.01,-0.03,-0.01,8.42
171062,0.00,1001.14,30.31,1.36,9.85,-1.79,-0.01,-0.06,-0.01,8.42
171100,0.00,1001.14,30.31,1.48,9.79,-1.92,-0.00,-0.03,-0.01,8.41
171138,0.00,1001.15,30.31,1.61,9.79,-2.13,-0.01,-0.01,-0.01,8.41
171176,0.00,1001.14,30.31,1.29,9.89,-1.58,-0.02,-0.01,-0.01,8.41
171227,0.00,1001.15,30.31,0.99,10.56,-1.79,-0.03,-0.01,-0.01,8.41
171266,0.00,1001.14,30.31,1.65,9.78,-1.57,-0.01,-0.01,-0.01,8.41
171318,0.00,1001.14,30.31,1.41,9.89,-1.65,0.00,-0.05,-0.01,8.41
171357,0.00,1001.14,30.30,1.44,9.76,-1.77,-0.01,-0.01,-0.01,8.41
171395,0.00,1001.15,30.30,1.45,9.82,-1.96,-0.01,0.00,-0.01,8.41
171446,0.00,1001.14,30.30,1.74,9.74,-1.55,-0.01,-0.02,-0.00,8.42
171485,0.00,1001.14,30.30,1.78,9.79,-1.66,-0.03,0.04,-0.01,8.42
171523,0.00,1001.15,30.30,2.09,9.85,-1.40,-0.01,-0.01,-0.01,8.42
171561,0.00,1001.15,30.30,1.87,9.82,-1.07,0.00,-0.03,-0.01,8.42
171599,0.00,1001.15,30.30,1.51,9.74,-1.64,0.00,-0.05,-0.01,8.42
171650,0.00,1001.14,30.31,1.63,9.79,-1.44,-0.00,-0.03,-0.01,8.42
171689,0.00,1001.14,30.31,1.61,9.83,-1.59,-0.01,-0.01,-0.00,8.42
171727,0.00,1001.14,30.30,1.51,9.84,-1.69,-0.01,-0.02,0.00,8.42
171765,0.00,1001.14,30.30,1.64,9.79,-1.36,-0.02,-0.01,-0.01,8.42
171803,0.00,1001.13,30.31,1.89,9.85,-1.63,-0.01,-0.01,-0.00,8.42
171864,0.00,1001.14,30.31,1.79,9.80,-1.92,0.00,-0.05,-0.01,8.41
171903,0.00,1001.14,30.30,1.46,9.82,-1.69,-0.00,-0.03,-0.01,8.42
171941,0.00,1001.15,30.30,1.73,9.69,-1.91,-0.01,-0.01,-0.01,8.42
171979,0.00,1001.14,30.30,1.81,9.86,-1.58,-0.01,-0.02,-0.01,8.42
172017,0.00,1001.15,30.30,1.46,9.95,-1.45,-0.02,-0.00,-0.01,8.41
172069,0.00,1001.15,30.31,1.49,9.83,-1.47,-0.00,-0.02,-0.01,8.42
172108,0.00,1001.16,30.30,1.64,9.84,-1.47,0.00,-0.03,-0.01,8.42
172146,0.00,1001.16,30.30,1.75,9.75,-1.68,-0.01,-0.03,-0.00,8.41
172184,0.00,1001.15,30.31,1.48,9.88,-1.83,-0.00,-0.02,-0.01,8.41
172222,0.00,1001.15,30.31,1.77,9.82,-1.77,-0.01,-0.01,-0.01,8.41
172273,0.00,1001.16,30.31,1.66,9.82,-1.78,-0.02,-0.01,-0.01,8.41
172312,0.00,1001.15,30.31,1.41,9.82,-1.39,-0.01,-0.02,-0.01,8.41
172358,0.00,1001.16,30.31,1.44,9.84,-1.26,-0.01,-0.03,-0.01,8.41
172397,0.00,1001.15,30.31,1.66,9.79,-1.70,-0.01,-0.02,-0.00,8.41
172435,0.00,1001.15,30.31,1.50,9.81,-1.89,-0.01,-0.03,-0.01,8.41
172486,0.00,1001.14,30.31,1.49,9.84,-1.85,-0.02,-0.00,-0.01,8.41
172525,0.00,1001.15,30.31,1.73,9.80,-1.58,-0.02,-0.00,-0.01,8.41
172563,0.00,1001.15,30.31,1.50,9.85,-1.53,-0.02,-0.00,-0.00,8.41
172601,0.00,1001.15,30.31,1.47,9.78,-1.38,-0.01,-0.02,-0.01,8.42
172639,0.00,1001.15,30.31,1.68,9.78,-1.57,-0.01,-0.02,-0.01,8.42
172690,0.00,1001.14,30.31,1.64,9.81,-1.83,-0.00,-0.03,-0.00,8.42
172729,0.00,1001.13,30.31,1.55,9.83,-1.81,-0.01,-0.02,-0.01,8.42
172767,0.00,1001.14,30.31,1.66,9.80,-1.80,-0.02,-0.00,-0.01,8.42
172805,0.00,1001.15,30.31,1.52,9.84,-1.60,-0.02,-0.01,-0.00,8.42
172843,0.00,1001.15,30.31,1.60,9.81,-1.28,-0.02,-0.01,-0.00,8.42
172914,0.00,1001.15,30.31,1.62,9.76,-1.49,-0.00,-0.03,-0.01,8.42
172953,0.00,1001.16,30.30,1.77,9.82,-1.83,-0.01,-0.04,-0.01,8.42
172991,0.00,1001.16,30.30,1.70,9.84,-1.99,-0.01,-0.02,-0.01,8.42
173029,0.00,1001.15,30.30,1.42,9.79,-1.83,-0.01,-0.02,-0.00,8.42
173067,0.00,1001.15,30.30,0.69,9.08,-2.00,-0.01,-0.05,0.00,8.42
173118,0.00,1001.15,30.30,2.02,9.89,-1.21,-0.01,-0.02,-0.01,8.42
173157,0.00,1001.14,30.30,1.63,9.71,-1.66,0.00,-0.03,-0.00,8.41
173195,0.00,1001.14,30.30,1.44,9.80,-1.79,-0.00,-0.04,-0.02,8.41
173233,0.00,1001.14,30.30,1.56,9.81,-1.84,-0.01,-0.02,-0.01,8.41
173271,0.00,1001.14,30.30,1.33,9.80,-1.79,-0.02,-0.02,-0.01,8.41
173322,0.00,1001.14,30.31,1.42,9.78,-1.56,-0.02,-0.02,-0.00,8.41
173361,0.00,1001.14,30.31,1.88,9.78,-1.50,-0.01,-0.01,-0.01,8.41
173410,0.00,1001.13,30.31,1.81,9.83,-1.58,-0.01,-0.02,-0.01,8.41
173449,0.00,1001.13,30.30,1.47,9.86,-1.64,-0.00,-0.03,-0.01,8.41
173487,0.00,1001.13,30.30,1.55,9.82,-1.89,-0.01,-0.02,-0.02,8.41
173539,0.00,1001.13,30.30,1.65,9.83,-1.79,-0.02,-0.02,-0.01,8.41
173578,0.00,1001.14,30.30,1.60,9.82,-1.65,-0.01,-0.02,-0.00,8.41
173616,0.00,1001.14,30.30,1.65,9.79,-1.56,-0.01,-0.01,-0.01,8.41
173654,0.00,1001.14,30.30,1.80,9.78,-1.53,-0.00,-0.02,-0.01,8.41
173692,0.00,1001.14,30.30,1.50,9.77,-1.63,-0.00,-0.03,-0.01,8.41
173743,0.00,1001.14,30.31,1.38,9.83,-1.80,-0.01,-0.02,-0.01,8.41
173782,0.00,1001.14,30.30,1.68,9.82,-1.75,-0.01,-0.02,-0.00,8.40
173820,0.00,1001.14,30.30,1.67,9.85,-1.65,-0.02,-0.01,0.00,8.40
173858,0.00,1001.14,30.30,1.65,9.78,-1.55,-0.01,-0.02,-0.01,8.40
173896,0.00,1001.14,30.31,1.69,9.89,-1.50,-0.01,-0.02,-0.01,8.40
173955,0.00,1001.14,30.31,1.63,9.86,-1.60,-0.00,-0.03,-0.01,8.40
173994,0.00,1001.14,30.30,1.41,9.82,-1.79,-0.01,-0.03,-0.00,8.40
174032,0.00,1001.14,30.30,1.64,9.82,-1.84,-0.01,-0.02,-0.01,8.40
174070,0.00,1001.15,30.30,1.73,9.79,-1.70,-0.02,-0.01,-0.00,8.40
174108,0.00,1001.15,30.30,1.62,9.84,-1.58,-0.01,-0.02,-0.01,8.40
174160,0.00,1001.15,30.31,1.47,9.84,-1.43,-0.01,-0.02,-0.01,8.41
174199,0.00,1001.15,30.30,1.54,9.83,-1.61,-0.01,-0.03,-0.01,8.41
174237,0.00,1001.16,30.30,1.53,9.86,-1.66,-0.01,-0.03,0.00,8.41
174275,0.00,1001.16,30.31,1.58,9.87,-1.75,-0.01,-0.02,-0.01,8.41
174313,0.00,1001.16,30.31,1.73,9.84,-1.81,-0.01,-0.02,-0.01,8.41
174364,0.00,1001.16,30.31,1.58,9.77,-1.64,-0.01,-0.01,-0.01,8.41
174403,0.00,1001.15,30.31,1.47,9.84,-1.51,-0.01,-0.02,-0.01,8.41
174451,0.00,1001.14,30.31,1.47,9.78,-1.55,-0.01,-0.02,-0.00,8.40
174490,0.00,1001.14,30.31,1.70,9.81,-1.65,-0.01,-0.03,-0.01,8.41
174528,0.00,1001.14,30.30,1.63,9.79,-1.87,-0.01,-0.02,-0.01,8.40
174579,0.00,1001.15,30.31,1.63,9.81,-1.77,-0.01,-0.02,-0.01,8.41
174618,0.00,1001.15,30.30,1.61,9.78,-1.63,-0.02,-0.01,-0.01,8.40
174656,0.00,1001.15,30.30,1.50,9.79,-1.56,-0.01,-0.02,-0.01,8.40
174694,0.00,1001.15,30.30,1.56,9.87,-1.49,-0.01,-0.02,-0.00,8.41
174732,0.00,1001.14,30.30,1.65,9.80,-1.63,-0.01,-0.03,-0.01,8.41
174783,0.00,1001.15,30.31,1.71,9.79,-1.81,-0.01,-0.03,-0.01,8.41
174822,0.00,1001.15,30.31,1.45,9.84,-1.73,-0.01,-0.02,-0.01,8.41
174860,0.00,1001.14,30.31,1.52,9.87,-1.62,-0.01,-0.01,-0.01,8.41
174898,0.00,1001.15,30.31,1.53,9.81,-1.56,-0.01,-0.02,-0.01,8.41
174936,0.00,1001.15,30.31,1.54,9.79,-1.54,-0.01,-0.02,-0.00,8.41
174997,0.00,1001.15,30.31,1.68,9.80,-1.72,-0.00,-0.02,-0.01,8.41
175036,0.00,1001.15,30.31,1.56,9.83,-1.71,-0.01,-0.02,-0.01,8.41
175074,0.00,1001.15,30.30,1.52,9.83,-1.78,-0.01,-0.02,-0.01,8.41
175112,0.00,1001.15,30.30,1.47,9.84,-1.73,-0.02,-0.02,-0.00,8.41
175150,0.00,1001.15,30.30,1.61,9.83,-1.65,-0.01,-0.02,-0.01,8.41
175202,0.00,1001.15,30.31,1.68,9.82,-1.55,-0.01,-0.03,-0.01,8.41
175241,0.00,1001.15,30.30,1.62,9.79,-1.58,-0.00,-0.03,-0.01,8.41
175279,0.00,1001.15,30.30,1.63,9.85,-1.76,-0.01,-0.02,-0.01,8.41
175317,0.00,1001.15,30.31,1.47,9.77,-1.76,-0.01,-0.03,-0.01,8.41
175355,0.00,1001.16,30.31,1.52,9.82,-1.65,-0.01,-0.02,-0.01,8.41
175406,0.00,1001.15,30.31,1.74,9.81,-1.54,-0.01,-0.01,-0.01,8.41
175445,0.00,1001.16,30.31,1.65,9.82,-1.60,-0.01,-0.02,-0.00,8.41
175491,0.00,1001.15,30.31,1.59,9.79,-1.58,-0.01,-0.03,-0.01,8.41
175530,0.00,1001.15,30.31,1.54,9.84,-1.67,-0.00,-0.02,-0.01,8.41
175568,0.00,1001.15,30.31,1.50,9.81,-1.86,-0.01,-0.02,-0.00,8.41
175620,0.00,1001.15,30.31,1.56,9.77,-1.75,-0.01,-0.02,-0.01,8.41
175659,0.00,1001.15,30.31,1.72,9.75,-1.71,-0.01,-0.00,-0.01,8.41
175697,0.00,1001.15,30.30,1.68,9.83,-1.36,-0.01,-0.02,-0.01,8.41
175735,0.00,1001.15,30.30,1.53,9.87,-1.77,-0.01,-0.01,-0.00,8.41
175773,0.00,1001.14,30.31,1.32,9.82,-1.56,0.00,-0.04,-0.01,8.42
175824,0.00,1001.14,30.31,1.92,9.71,-1.42,-0.01,-0.02,-0.03,8.42
175863,0.00,1001.14,30.31,2.17,9.86,-2.23,-0.02,-0.02,-0.02,8.41
175901,0.00,1001.15,30.31,1.48,9.85,-1.38,-0.01,-0.02,-0.02,8.41
175939,0.00,1001.14,30.31,1.64,9.76,-1.34,-0.02,0.00,-0.00,8.41
175977,0.00,1001.14,30.31,1.52,9.79,-1.49,0.00,-0.04,0.01,8.41
176038,0.00,1001.14,30.31,1.89,9.73,-2.05,0.00,-0.05,-0.00,8.41
176077,0.00,1001.14,30.30,1.19,9.81,-1.49,-0.01,-0.02,-0.01,8.41
176115,0.00,1001.14,30.30,1.23,9.84,-1.96,-0.02,-0.01,-0.01,8.41
176153,0.00,1001.13,30.30,1.61,9.78,-1.48,-0.02,-0.01,0.01,8.41
176191,0.00,1001.14,30.30,0.92,9.90,-1.21,0.00,-0.09,0.03,8.41
176242,0.00,1001.14,30.31,1.91,9.85,-1.47,0.01,-0.02,0.02,8.41
176280,0.00,1001.14,30.30,1.77,9.87,-1.30,0.01,-0.07,-0.04,8.41
176318,0.00,1001.14,30.30,2.17,9.76,-0.84,0.01,-0.05,-0.02,8.41
176356,0.00,1001.13,30.30,0.79,9.69,-1.24,-0.02,-0.10,0.01,8.41
176394,0.00,1001.14,30.31,1.66,9.73,-1.53,-0.03,0.05,0.03,8.41
176445,0.00,1001.13,30.31,1.72,9.75,-1.74,0.01,-0.02,-0.00,8.41
176484,0.00,1001.13,30.31,2.07,9.79,-1.13,-0.01,-0.02,-0.02,8.41
176530,0.00,1001.14,30.31,2.57,9.78,-1.25,-0.01,-0.00,-0.02,8.41
176569,0.00,1001.14,30.30,0.64,9.85,-1.31,0.01,-0.06,-0.01,8.41
176607,0.00,1001.14,30.30,1.13,9.81,-1.17,0.00,-0.02,-0.02,8.41
176658,0.00,1001.14,30.30,2.19,9.84,-2.15,-0.00,-0.02,0.01,8.41
176697,0.00,1001.14,30.30,1.73,9.81,-1.70,-0.01,-0.04,0.02,8.41
176735,0.00,1001.14,30.30,1.78,9.77,-1.53,-0.03,0.02,-0.02,8.41
176773,0.00,1001.14,30.30,2.21,9.80,-1.56,-0.02,-0.01,-0.02,8.41
176811,0.00,1001.15,30.31,0.68,9.84,-0.89,-0.02,-0.01,-0.01,8.41
176862,0.00,1001.15,30.31,0.83,9.86,-1.49,0.01,-0.03,-0.00,8.41
176900,0.00,1001.15,30.31,2.16,9.79,-1.92,0.01,-0.05,0.01,8.41
176938,0.00,1001.15,30.31,1.90,9.55,-1.89,-0.01,-0.01,0.01,8.41
176976,0.00,1001.15,30.31,1.88,9.80,-2.11,-0.02,0.00,-0.02,8.41
177014,0.00,1001.14,30.31,1.86,9.80,-1.49,-0.03,-0.01,-0.02,8.41
177075,0.00,1001.14,30.31,1.49,9.77,-1.13,-0.00,-0.03,-0.00,8.41
177114,0.00,1001.14,30.30,1.00,9.78,-1.60,0.01,-0.04,0.01,8.41
177152,0.00,1001.13,30.30,1.81,9.77,-1.88,0.01,-0.06,-0.00,8.41
177190,0.00,1001.13,30.30,2.08,9.83,-2.10,-0.01,-0.01,-0.01,8.40
177228,0.00,1001.14,30.30,1.44,9.90,-1.92,-0.02,-0.01,-0.02,8.41
177280,0.00,1001.13,30.30,1.12,9.81,-1.26,-0.03,0.00,-0.02,8.41
177319,0.00,1001.13,30.30,1.66,9.85,-1.19,-0.02,-0.01,0.00,8.41
177357,0.00,1001.13,30.30,1.35,9.76,-1.24,0.01,-0.04,0.01,8.41
177395,0.00,1001.14,30.30,1.97,9.96,-1.68,0.01,-0.04,-0.01,8.41
177433,0.00,1001.14,30.30,2.15,9.84,-2.10,-0.00,-0.02,-0.02,8.41
177484,0.00,1001.14,30.31,1.33,9.85,-1.97,-0.02,-0.02,-0.02,8.41
177523,0.00,1001.13,30.31,0.92,9.81,-1.50,-0.03,0.01,-0.01,8.41
177569,0.00,1001.13,30.30,1.52,9.80,-1.08,-0.01,-0.01,0.01,8.41
177608,0.00,1001.14,30.30,1.90,9.80,-1.33,0.00,-0.04,0.01,8.41
177646,0.00,1001.14,30.30,1.84,9.81,-1.80,0.01,-0.04,-0.01,8.41
177697,0.00,1001.13,30.30,1.64,9.86,-1.92,-0.01,-0.02,-0.03,8.41
177736,0.00,1001.14,30.30,1.27,9.76,-1.86,-0.02,-0.01,-0.02,8.41
177774,0.00,1001.14,30.30,0.89,9.85,-1.83,-0.03,-0.01,0.01,8.41
177812,0.00,1001.14,30.30,1.58,9.84,-1.42,-0.02,0.00,0.00,8.41
177850,0.00,1001.14,30.31,2.17,9.78,-1.47,-0.01,-0.02,0.01,8.41
177901,0.00,1001.14,30.31,1.94,9.79,-1.77,0.00,-0.03,-0.02,8.41
177939,0.00,1001.14,30.31,1.46,9.84,-1.70,-0.01,-0.02,-0.04,8.41
177977,0.00,1001.14,30.31,1.28,9.80,-2.02,-0.01,-0.02,-0.02,8.41
178015,0.00,1001.15,30.31,1.13,9.87,-1.71,-0.02,-0.01,0.00,8.41
178053,0.00,1001.13,30.31,1.61,9.80,-1.76,-0.01,-0.01,0.01,8.41
178114,0.00,1001.14,30.31,2.11,9.72,-1.56,-0.00,-0.05,-0.01,8.41
178153,0.00,1001.14,30.30,1.91,9.79,-1.21,-0.00,-0.02,-0.02,8.41
178191,0.00,1001.14,30.30,1.18,9.84,-1.92,-0.00,-0.03,-0.02,8.41
178229,0.00,1001.14,30.30,1.28,9.83,-1.56,-0.01,-0.03,-0.00,8.41
178267,0.00,1001.14,30.30,1.36,9.81,-1.99,-0.02,-0.00,0.01,8.41
178318,0.00,1001.14,30.30,1.82,9.80,-1.77,-0.02,-0.02,0.01,8.41
178357,0.00,1001.13,30.30,2.03,9.84,-1.28,-0.01,-0.01,-0.01,8.41
178395,0.00,1001.13,30.30,1.69,9.79,-1.59,-0.01,-0.02,-0.02,8.41
178433,0.00,1001.13,30.30,1.13,9.82,-1.42,-0.00,-0.04,-0.02,8.41
178471,0.00,1001.13,30.30,1.26,9.86,-1.82,-0.00,-0.02,-0.00,8.41
178522,0.00,1001.14,30.31,1.78,9.87,-2.05,-0.01,-0.03,0.01,8.41
178561,0.00,1001.14,30.31,1.85,9.75,-1.66,-0.01,-0.01,-0.00,8.41
178609,0.00,1001.14,30.31,1.75,9.75,-1.46,-0.02,-0.01,-0.02,8.41
178648,0.00,1001.14,30.30,1.55,9.84,-1.46,-0.01,-0.02,-0.02,8.41
178686,0.00,1001.14,30.30,1.09,9.78,-1.39,-0.00,-0.03,-0.00,8.41
178737,0.00,1001.15,30.30,1.41,9.89,-1.80,0.00,-0.03,0.00,8.41
178775,0.00,1001.15,30.30,1.92,9.85,-1.97,-0.01,-0.03,0.00,8.41
178813,0.00,1001.15,30.30,1.99,9.82,-1.71,-0.02,-0.01,-0.01,8.41
178851,0.00,1001.15,30.30,1.66,9.85,-1.67,-0.02,-0.01,-0.02,8.41
178889,0.00,1001.15,30.30,1.32,9.83,-1.33,-0.01,-0.01,-0.02,8.41
178940,0.00,1001.15,30.31,1.35,9.86,-1.50,-0.00,-0.03,0.00,8.41
178978,0.00,1001.15,30.30,1.53,9.84,-1.78,0.00,-0.04,0.01,8.41
179016,0.00,1001.15,30.30,1.88,9.78,-1.81,-0.00,-0.03,-0.00,8.41
179054,0.00,1001.14,30.31,1.79,9.84,-1.92,-0.02,-0.01,-0.01,8.41
179092,0.00,1001.15,30.31,1.53,9.86,-1.58,-0.02,-0.01,-0.02,8.41
179151,0.00,1001.14,30.31,1.20,9.84,-1.28,-0.01,-0.02,-0.01,8.41
179190,0.00,1001.14,30.31,1.58,9.84,-1.37,-0.00,-0.03,0.01,8.41
179228,0.00,1001.15,30.30,1.65,9.91,-1.78,0.01,-0.02,0.00,8.41
179266,0.00,1001.15,30.30,2.13,9.78,-1.86,-0.00,-0.03,-0.01,8.41
179304,0.00,1001.14,30.31,1.75,9.79,-2.00,-0.01,-0.03,-0.02,8.41
179355,0.00,1001.14,30.31,1.20,9.82,-1.62,-0.02,-0.01,-0.01,8.41
179394,0.00,1001.14,30.30,1.26,9.81,-1.58,-0.02,-0.02,-0.00,8.41
179432,0.00,1001.15,30.30,1.69,9.84,-1.55,-0.01,-0.01,0.00,8.41
179470,0.00,1001.15,30.30,1.69,9.81,-1.58,-0.00,-0.04,-0.01,8.41
179508,0.00,1001.15,30.31,1.92,9.80,-1.74,0.00,-0.04,-0.01,8.41
179559,0.00,1001.14,30.31,1.74,9.87,-1.73,-0.01,-0.03,-0.02,8.41
179598,0.00,1001.14,30.31,1.32,9.79,-1.74,-0.01,-0.01,-0.01,8.41
179646,0.00,1001.14,30.31,1.45,9.83,-1.63,-0.01,-0.03,0.00,8.41
179685,0.00,1001.14,30.30,1.97,9.79,-1.28,-0.01,-0.01,-0.00,8.41
179723,0.00,1001.15,30.30,1.76,9.83,-1.66,-0.01,-0.03,-0.01,8.41
179774,0.00,1001.15,30.30,1.40,9.85,-1.67,0.01,-0.05,-0.02,8.41
179812,0.00,1001.15,30.30,1.55,9.85,-1.63,-0.01,-0.02,-0.01,8.41
179850,0.00,1001.15,30.30,1.35,9.83,-1.93,-0.01,-0.03,0.00,8.41
179888,0.00,1001.15,30.30,1.51,9.79,-1.49,-0.02,-0.01,-0.00,8.41
179926,0.00,1001.14,30.30,1.90,9.85,-1.74,-0.02,-0.01,-0.00,8.41
179977,0.00,1001.14,30.30,1.86,9.74,-1.47,-0.01,-0.03,-0.01,8.41
180016,0.00,1001.14,30.30,1.36,9.88,-1.37,-0.00,-0.02,-0.01,8.41
180054,0.00,1001.13,30.30,1.43,9.81,-1.83,-0.00,-0.03,-0.02,8.41
180092,0.00,1001.14,30.30,1.51,9.78,-1.64,-0.01,-0.02,-0.00,8.41
180130,0.00,1001.14,30.30,1.52,9.81,-1.92,-0.02,-0.01,0.00,8.41
180196,0.00,1001.14,30.31,1.88,9.75,-1.41,-0.01,-0.02,0.00,8.41
180235,0.00,1001.14,30.30,1.42,9.80,-1.26,-0.02,-0.01,-0.00,8.41
180273,0.00,1001.15,30.30,1.70,9.77,-1.63,-0.01,-0.00,-0.01,8.41
180311,0.00,1001.15,30.30,1.61,9.82,-1.79,-0.01,-0.04,0.00,8.41
180349,0.00,1001.15,30.30,1.49,9.78,-1.75,-0.01,-0.01,0.00,8.41
180400,0.00,1001.15,30.30,1.62,9.80,-1.70,-0.02,0.00,-0.02,8.41
180439,0.00,1001.15,30.30,2.01,9.78,-1.71,-0.02,-0.01,-0.02,8.41
180477,0.00,1001.14,30.30,1.25,9.84,-1.49,-0.01,-0.02,-0.01,8.41
180515,0.00,1001.15,30.30,1.52,9.76,-1.58,-0.01,-0.02,-0.02,8.41
180553,0.00,1001.15,30.30,1.51,9.85,-1.73,0.00,-0.04,-0.00,8.41
180604,0.00,1001.14,30.30,1.44,9.83,-1.92,-0.01,-0.02,0.01,8.41
180643,0.00,1001.14,30.30,1.65,9.85,-1.92,-0.01,-0.03,-0.01,8.41
180689,0.00,1001.13,30.30,1.92,9.79,-1.68,-0.02,-0.01,-0.02,8.41
180728,0.00,1001.13,30.30,1.61,9.78,-1.63,-0.01,-0.02,-0.01,8.41
180766,0.00,1001.13,30.30,1.18,9.82,-1.52,-0.00,-0.03,-0.01,8.41
180818,0.00,1001.13,30.30,1.44,9.81,-1.73,-0.00,-0.03,-0.01,8.41
180857,0.00,1001.14,30.30,1.89,9.79,-2.04,-0.01,-0.02,-0.00,8.41
180895,0.00,1001.14,30.30,1.58,9.79,-1.79,-0.02,-0.02,-0.00,8.41
180933,0.00,1001.14,30.30,1.52,9.90,-1.67,-0.02,0.01,-0.01,8.41
180971,0.00,1001.14,30.30,1.68,9.82,-1.58,-0.01,-0.02,-0.01,8.42
181022,0.00,1001.15,30.31,1.73,9.84,-1.61,0.00,-0.04,0.00,8.41
181060,0.00,1001.15,30.30,1.65,9.78,-1.50,0.01,-0.04,-0.00,8.41
181098,0.00,1001.15,30.30,1.81,9.82,-2.01,0.00,-0.04,-0.01,8.41
181136,0.00,1001.15,30.30,1.50,9.82,-1.69,-0.01,-0.03,-0.01,8.41
181174,0.00,1001.15,30.30,1.68,9.88,-1.60,-0.02,0.02,-0.01,8.41
181235,0.00,1001.15,30.31,1.61,9.82,-1.08,-0.01,-0.03,-0.01,8.41
181274,0.00,1001.15,30.30,1.47,9.80,-1.54,-0.00,-0.03,0.00,8.41
181312,0.00,1001.15,30.30,1.47,9.73,-1.32,0.00,-0.04,-0.01,8.41
181350,0.00,1001.14,30.30,1.75,9.80,-1.92,-0.01,-0.01,-0.01,8.41
181388,0.00,1001.14,30.30,1.39,9.88,-1.66,-0.01,-0.03,-0.01,8.41
181439,0.00,1001.14,30.30,1.21,9.84,-1.49,-0.02,-0.01,-0.00,8.41
181478,0.00,1001.14,30.30,1.61,9.83,-1.78,-0.01,-0.00,-0.01,8.41
181516,0.00,1001.13,30.30,1.73,9.87,-1.33,-0.01,-0.02,-0.00,8.41
181554,0.00,1001.14,30.30,1.64,9.81,-1.57,-0.01,-0.01,-0.01,8.41
181592,0.00,1001.14,30.30,1.81,9.93,-1.60,-0.00,-0.05,-0.02,8.41
181643,0.00,1001.14,30.31,1.49,10.02,-1.41,-0.01,-0.02,-0.01,8.41
181682,0.00,1001.14,30.30,1.24,9.86,-1.93,-0.02,-0.01,0.00,8.41
181728,0.00,1001.14,30.30,1.60,9.87,-1.69,-0.01,-0.03,-0.00,8.41
181767,0.00,1001.14,30.30,1.99,9.86,-1.48,-0.02,-0.01,-0.00,8.41
181805,0.00,1001.14,30.30,1.41,9.78,-1.73,-0.01,-0.03,-0.01,8.41
181856,0.00,1001.15,30.30,1.29,9.90,-1.53,0.01,-0.03,-0.01,8.41
181894,0.00,1001.14,30.30,1.58,9.84,-1.66,-0.01,-0.02,-0.00,8.41
181932,0.00,1001.14,30.30,1.51,9.85,-1.96,-0.01,-0.03,0.00,8.41
181970,0.00,1001.15,30.30,1.69,9.84,-1.51,-0.02,-0.01,-0.00,8.41
182008,0.00,1001.15,30.30,2.00,9.86,-1.81,-0.02,-0.00,-0.01,8.41
182059,0.00,1001.16,30.31,1.67,9.80,-1.52,-0.00,-0.03,-0.01,8.41
182098,0.00,1001.17,30.30,1.21,9.90,-1.20,-0.00,-0.02,-0.00,8.41
182136,0.00,1001.16,30.30,1.26,9.83,-1.92,-0.01,-0.03,-0.00,8.41
182174,0.00,1001.16,30.30,1.71,9.77,-1.55,-0.01,-0.02,0.00,8.41
182212,0.00,1001.15,30.30,1.50,9.83,-1.92,-0.02,-0.01,-0.01,8.41
182273,0.00,1001.15,30.31,1.43,9.83,-1.79,-0.01,-0.02,-0.02,8.41
182312,0.00,1001.15,30.30,1.34,9.83,-1.37,-0.01,-0.03,-0.01,8.41
182350,0.00,1001.15,30.30,1.40,9.80,-1.53,-0.01,-0.02,0.00,8.41
182388,0.00,1001.15,30.30,1.61,9.83,-1.79,-0.00,-0.02,0.01,8.41
182426,0.00,1001.16,30.30,1.82,9.75,-1.85,-0.01,-0.02,-0.01,8.41
182477,0.00,1001.15,30.30,1.55,9.84,-1.73,-0.01,-0.02,-0.02,8.41
182516,0.00,1001.15,30.30,1.36,9.77,-1.58,-0.02,-0.00,-0.01,8.41
182554,0.00,1001.16,30.30,1.25,9.84,-1.44,-0.02,-0.02,-0.00,8.41
182592,0.00,1001.15,30.30,1.36,9.89,-1.53,-0.01,-0.02,0.00,8.41
182630,0.00,1001.16,30.30,1.77,9.79,-1.83,-0.01,-0.03,0.00,8.41
182681,0.00,1001.16,30.30,1.82,9.73,-1.88,-0.01,-0.02,-0.01,8.41
182720,0.00,1001.15,30.30,1.49,9.83,-1.80,-0.01,-0.01,-0.02,8.41
182766,0.00,1001.15,30.30,1.25,9.84,-1.51,-0.02,-0.01,-0.01,8.41
182805,0.00,1001.15,30.30,1.32,9.87,-1.35,-0.01,-0.01,0.01,8.41
182843,0.00,1001.15,30.30,1.74,9.79,-1.48,-0.01,-0.02,0.00,8.42
182894,0.00,1001.15,30.30,1.94,9.79,-1.53,-0.00,-0.03,-0.01,8.42
182933,0.00,1001.15,30.30,1.61,9.83,-1.78,-0.01,-0.02,-0.02,8.41
182971,0.00,1001.14,30.30,1.23,9.85,-1.56,-0.02,-0.02,-0.02,8.41
183009,0.00,1001.14,30.30,1.47,9.80,-1.48,-0.01,-0.01,-0.00,8.41
183047,0.00,1001.14,30.30,1.33,9.83,-1.59,-0.01,-0.01,0.01,8.41
183098,0.00,1001.14,30.30,1.75,9.80,-1.56,-0.01,-0.02,-0.00,8.41
183137,0.00,1001.14,30.30,2.03,9.81,-1.66,-0.01,-0.02,-0.02,8.41
183175,0.00,1001.14,30.30,1.65,9.75,-1.70,-0.01,-0.02,-0.02,8.41
183213,0.00,1001.14,30.30,1.36,9.86,-1.26,-0.01,-0.02,-0.02,8.41
183251,0.00,1001.15,30.30,1.37,9.95,-1.77,-0.01,-0.01,-0.01,8.41
183312,0.00,1001.14,30.30,1.73,9.79,-2.00,-0.01,-0.02,0.00,8.41
183351,0.00,1001.14,30.30,1.94,9.81,-1.55,-0.01,-0.02,-0.00,8.41
183389,0.00,1001.13,30.30,1.82,9.80,-1.60,-0.02,-0.00,-0.01,8.41
183427,0.00,1001.14,30.30,1.45,9.78,-1.53,-0.01,-0.02,-0.01,8.41
183465,0.00,1001.14,30.30,1.39,9.85,-1.38,-0.01,-0.01,-0.00,8.42
183516,0.00,1001.15,30.30,1.58,9.80,-1.65,-0.01,-0.01,0.00,8.41
183555,0.00,1001.14,30.30,1.77,9.87,-1.78,-0.01,-0.03,-0.00,8.41
183593,0.00,1001.14,30.30,1.70,9.86,-1.66,-0.01,-0.02,-0.01,8.41
183631,0.00,1001.14,30.30,1.59,9.84,-1.86,-0.02,-0.01,-0.02,8.41
183669,0.00,1001.14,30.30,1.25,9.85,-1.55,-0.01,-0.01,-0.01,8.41
183720,0.00,1001.15,30.30,1.39,9.83,-1.42,-0.01,-0.02,0.00,8.41
183759,0.00,1001.15,30.30,1.76,9.77,-1.79,-0.00,-0.03,0.00,8.42
183807,0.00,1001.14,30.30,1.90,9.83,-1.63,-0.00,-0.03,-0.01,8.42
183846,0.00,1001.14,30.30,1.59,9.83,-1.73,-0.02,-0.02,-0.02,8.41
183884,0.00,1001.13,30.30,1.53,9.84,-1.72,-0.01,-0.02,-0.02,8.42
183936,0.00,1001.13,30.30,1.45,9.79,-1.58,-0.01,-0.02,0.00,8.41
183974,0.00,1001.14,30.30,1.51,9.76,-1.44,-0.01,-0.02,0.01,8.41
184012,0.00,1001.13,30.30,1.68,9.83,-1.66,-0.01,-0.02,0.00,8.41
184050,0.00,1001.13,30.30,1.99,9.83,-1.65,-0.01,-0.02,-0.01,8.41
184088,0.00,1001.13,30.30,1.47,9.80,-1.74,-0.01,-0.02,-0.01,8.41
184139,0.00,1001.13,30.30,1.06,9.85,-1.69,-0.01,-0.03,-0.01,8.41
184178,0.00,1001.13,30.30,1.47,9.83,-1.53,-0.01,-0.01,-0.00,8.41
184216,0.00,1001.13,30.30,1.71,9.83,-1.57,-0.01,-0.02,-0.00,8.41
184254,0.00,1001.13,30.30,1.85,9.72,-1.63,0.00,0.03,-0.00,8.41
184292,0.00,1001.13,30.30,1.82,9.82,-1.69,-0.01,-0.03,-0.02,8.41
184351,0.00,1001.14,30.30,1.42,9.87,-2.05,-0.01,-0.03,-0.01,8.41
184390,0.00,1001.14,30.30,1.43,9.81,-1.51,0.00,-0.06,-0.01,8.41
184428,0.00,1001.14,30.30,1.43,9.84,-1.77,-0.00,-0.01,0.00,8.41
184466,0.00,1001.15,30.30,1.55,9.87,-1.66,-0.00,-0.04,0.00,8.41
184504,0.00,1001.14,30.30,1.89,9.78,-1.41,-0.01,-0.02,-0.00,8.41
184555,0.00,1001.14,30.30,1.77,9.81,-1.79,-0.01,-0.01,-0.01,8.41
184594,0.00,1001.14,30.30,1.36,9.81,-1.56,-0.00,-0.04,-0.01,8.41
184632,0.00,1001.15,30.30,1.52,9.88,-1.58,-0.01,-0.02,-0.01,8.41
184670,0.00,1001.15,30.30,1.52,9.86,-1.76,-0.00,-0.03,-0.00,8.41
184708,0.00,1001.14,30.30,1.50,9.86,-1.47,-0.01,-0.02,-0.00,8.41
184759,0.00,1001.15,30.30,1.81,9.79,-1.80,-0.02,-0.01,-0.01,8.41
184798,0.00,1001.16,30.30,1.71,9.87,-1.72,-0.01,-0.03,-0.01,8.41
184846,0.00,1001.16,30.30,1.35,9.82,-1.44,-0.01,-0.03,-0.01,8.41
184885,0.00,1001.16,30.30,1.34,9.83,-1.81,-0.01,-0.02,-0.00,8.41
184923,0.00,1001.16,30.30,1.74,9.84,-1.70,-0.00,-0.04,-0.00,8.41
184974,0.00,1001.17,30.30,1.82,9.77,-1.66,-0.01,-0.02,-0.01,8.41
185013,0.00,1001.16,30.30,1.59,9.75,-1.80,-0.01,-0.01,-0.01,8.41
185051,0.00,1001.16,30.30,1.58,9.82,-1.55,-0.01,-0.02,-0.01,8.41
185089,0.00,1001.16,30.30,1.46,9.84,-1.54,-0.01,-0.02,-0.01,8.41
185127,0.00,1001.15,30.30,1.47,9.80,-1.74,-0.01,-0.03,-0.00,8.41
185178,0.00,1001.14,30.30,1.65,9.84,-1.72,-0.01,-0.03,-0.01,8.41
185217,0.00,1001.14,30.30,1.80,9.80,-1.79,-0.01,-0.02,-0.01,8.41
185255,0.00,1001.15,30.30,1.51,9.83,-1.81,-0.01,-0.02,-0.01,8.41
185293,0.00,1001.15,30.30,1.58,9.86,-1.54,-0.01,-0.01,-0.01,8.41
185331,0.00,1001.16,30.30,1.53,9.82,-1.73,-0.01,-0.02,-0.01,8.41
185392,0.00,1001.15,30.30,1.72,9.81,-1.76,-0.00,-0.03,-0.00,8.41
185431,0.00,1001.15,30.30,1.70,9.82,-1.70,-0.01,-0.02,-0.01,8.41
185469,0.00,1001.15,30.30,1.70,9.83,-1.90,-0.01,-0.02,-0.01,8.41
185507,0.00,1001.14,30.30,1.52,9.77,-1.68,-0.01,-0.02,-0.01,8.41
185545,0.00,1001.15,30.30,1.45,9.82,-1.69,-0.01,-0.02,-0.01,8.41
185596,0.00,1001.15,30.30,1.62,9.81,-1.72,-0.01,-0.02,-0.00,8.41
185635,0.00,1001.15,30.30,1.75,9.79,-1.50,-0.01,-0.02,-0.00,8.41
185673,0.00,1001.14,30.30,1.73,9.75,-1.70,-0.01,-0.02,-0.01,8.41
185711,0.00,1001.14,30.30,1.60,9.87,-1.71,-0.01,-0.02,-0.01,8.41
185749,0.00,1001.14,30.30,1.50,9.78,-1.63,-0.01,-0.02,-0.01,8.42
185800,0.00,1001.14,30.30,1.50,9.84,-1.71,-0.01,-0.02,-0.00,8.42
185839,0.00,1001.14,30.30,1.63,9.81,-1.60,-0.01,-0.03,-0.01,8.42
185885,0.00,1001.14,30.30,1.71,9.84,-1.72,-0.01,-0.02,-0.00,8.42
185924,0.00,1001.14,30.30,1.68,9.85,-1.76,-0.01,-0.02,-0.01,8.42
185962,0.00,1001.13,30.30,1.53,9.81,-1.61,-0.01,-0.02,-0.01,8.42
186014,0.00,1001.14,30.30,1.47,9.84,-1.69,-0.01,-0.02,-0.01,8.41
186053,0.00,1001.14,30.30,1.61,9.84,-1.74,-0.01,-0.02,0.00,8.41
186091,0.00,1001.14,30.30,1.68,9.82,-1.64,-0.01,-0.02,-0.01,8.41
186129,0.00,1001.13,30.30,1.70,9.84,-1.64,-0.01,-0.02,-0.01,8.41
186167,0.00,1001.14,30.30,1.67,9.85,-1.62,-0.01,-0.03,-0.01,8.41
186218,0.00,1001.15,30.30,1.51,9.86,-1.63,-0.01,-0.02,-0.01,8.41
186257,0.00,1001.15,30.30,1.49,9.82,-1.74,-0.01,-0.02,-0.01,8.41
186295,0.00,1001.16,30.30,1.64,9.77,-1.66,-0.01,-0.02,-0.00,8.41
186333,0.00,1001.16,30.30,1.67,9.77,-1.66,-0.01,-0.01,-0.01,8.41
186371,0.00,1001.15,30.30,1.64,9.77,-1.59,-0.01,-0.02,-0.01,8.41
186432,0.00,1001.14,30.30,1.49,9.80,-1.59,-0.01,-0.03,-0.01,8.41
186471,0.00,1001.14,30.30,1.50,9.82,-1.62,-0.01,-0.03,-0.00,8.41
186509,0.00,1001.13,30.30,1.54,9.86,-1.78,-0.01,-0.02,-0.01,8.41
186547,0.00,1001.14,30.30,1.67,9.83,-1.67,-0.01,-0.02,-0.01,8.41
186585,0.00,1001.13,30.30,1.69,9.82,-1.69,-0.01,-0.02,-0.01,8.41
186636,0.00,1001.14,30.30,1.59,9.77,-1.65,-0.01,-0.02,-0.01,8.41
186675,0.00,1001.13,30.30,1.46,9.78,-1.62,-0.01,-0.02,-0.01,8.41
186713,0.00,1001.14,30.30,1.54,9.86,-1.63,-0.01,-0.03,-0.00,8.41
186751,0.00,1001.13,30.30,1.62,9.75,-1.75,-0.01,-0.03,-0.00,8.41
186789,0.00,1001.14,30.30,1.68,9.76,-1.64,-0.01,-0.02,-0.01,8.41
186840,0.00,1001.13,30.30,1.62,9.84,-1.69,-0.01,-0.02,-0.01,8.41
186879,0.00,1001.14,30.30,1.48,9.81,-1.57,-0.01,-0.02,-0.01,8.41
186925,0.00,1001.13,30.30,1.46,9.87,-1.64,-0.01,-0.02,-0.00,8.41
186964,0.00,1001.13,30.30,1.57,9.86,-1.68,-0.01,-0.03,-0.00,8.41
187002,0.00,1001.13,30.30,1.65,9.81,-1.75,-0.01,-0.02,-0.01,8.41
187053,0.00,1001.14,30.30,1.68,9.77,-1.75,-0.01,-0.02,-0.01,8.41
187092,0.00,1001.14,30.30,1.57,9.78,-1.62,-0.01,-0.02,-0.01,8.41
187130,0.00,1001.14,30.30,1.56,9.86,-1.61,-0.01,-0.02,-0.01,8.41
187168,0.00,1001.14,30.30,1.55,9.78,-1.62,-0.01,-0.02,-0.00,8.41
187206,0.00,1001.15,30.30,1.55,9.80,-1.59,-0.01,-0.02,-0.01,8.41
187257,0.00,1001.15,30.30,1.68,9.87,-1.71,-0.01,-0.02,-0.01,8.42
187296,0.00,1001.15,30.30,1.63,9.80,-1.77,-0.01,-0.02,-0.02,8.41
187334,0.00,1001.15,30.30,1.51,9.78,-1.77,-0.01,-0.02,-0.01,8.41
187372,0.00,1001.15,30.30,1.50,9.78,-1.63,-0.01,-0.01,-0.01,8.41
187410,0.00,1001.14,30.30,1.61,9.77,-1.55,-0.01,-0.02,-0.00,8.41
187471,0.00,1001.14,30.30,1.76,9.80,-1.67,-0.01,-0.03,-0.00,8.42
187510,0.00,1001.13,30.30,1.60,9.84,-1.65,-0.01,-0.02,-0.01,8.42
187548,0.00,1001.14,30.30,1.57,9.77,-1.68,-0.01,-0.02,-0.01,8.42
187586,0.00,1001.14,30.29,1.47,9.82,-1.69,-0.01,-0.02,-0.00,8.41
187624,0.00,1001.15,30.30,1.52,9.85,-1.68,-0.01,-0.02,-0.01,8.41
187675,0.00,1001.14,30.30,1.65,9.81,-1.64,-0.01,-0.02,-0.01,8.41
187714,0.00,1001.14,30.30,1.70,9.82,-1.62,-0.01,-0.02,-0.01,8.41
187752,0.00,1001.14,30.30,1.61,9.82,-1.70,-0.01,-0.02,-0.01,8.41
187790,0.00,1001.13,30.30,1.54,9.83,-1.62,-0.01,-0.02,-0.01,8.41
187828,0.00,1001.14,30.30,1.54,9.80,-1.65,-0.01,-0.02,-0.01,8.41
187879,0.00,1001.14,30.30,1.58,9.89,-1.67,-0.01,-0.02,-0.00,8.41
187918,0.00,1001.13,30.30,1.67,9.80,-1.70,-0.01,-0.02,-0.01,8.41
187965,0.00,1001.14,30.30,1.61,9.80,-1.70,-0.01,-0.02,-0.01,8.41
188004,0.00,1001.14,30.30,1.56,9.82,-1.63,-0.01,-0.02,-0.01,8.41
188042,0.00,1001.15,30.30,1.48,9.85,-1.72,-0.01,-0.02,-0.01,8.41
188093,0.00,1001.14,30.30,1.59,9.80,-1.69,-0.01,-0.02,-0.01,8.41
188132,0.00,1001.15,30.30,1.60,9.82,-1.68,-0.01,-0.02,-0.01,8.41
188170,0.00,1001.14,30.29,1.62,9.74,-1.62,-0.01,-0.02,-0.01,8.41
188208,0.00,1001.15,30.30,1.60,9.78,-1.68,-0.01,-0.02,-0.01,8.41
188246,0.00,1001.14,30.30,1.57,9.82,-1.61,-0.01,-0.02,-0.01,8.41
188297,0.00,1001.14,30.30,1.56,9.84,-1.76,-0.01,-0.02,-0.00,8.41
188336,0.00,1001.14,30.30,1.55,9.79,-1.67,-0.01,-0.02,-0.00,8.41
188374,0.00,1001.15,30.30,1.69,9.80,-1.74,-0.01,-0.01,-0.01,8.41
188412,0.00,1001.14,30.30,1.64,9.84,-1.62,-0.01,-0.02,-0.01,8.41
188450,0.00,1001.14,30.30,1.55,9.77,-1.63,-0.01,-0.02,-0.01,8.41
188509,0.00,1001.14,30.30,1.55,9.80,-1.67,-0.01,-0.02,-0.01,8.41
188548,0.00,1001.14,30.30,1.61,9.84,-1.76,-0.01,-0.02,-0.01,8.41
188586,0.00,1001.14,30.30,1.57,9.71,-1.52,-0.01,-0.02,-0.01,8.41
188624,0.00,1001.13,30.30,1.70,9.80,-1.78,-0.01,-0.02,-0.01,8.41
188662,0.00,1001.13,30.30,1.58,9.77,-1.62,-0.01,-0.02,-0.01,8.41
188714,0.00,1001.14,30.30,1.56,9.83,-1.58,-0.01,-0.02,-0.01,8.41
188753,0.00,1001.14,30.30,1.56,9.78,-1.66,-0.01,-0.02,-0.01,8.41
188791,0.00,1001.14,30.30,1.63,9.80,-1.70,-0.01,-0.02,-0.01,8.41
188829,0.00,1001.14,30.30,1.64,9.82,-1.69,-0.01,-0.03,-0.01,8.41
188867,0.00,1001.15,30.30,1.63,9.76,-1.64,-0.01,-0.02,-0.01,8.41
188918,0.00,1001.15,30.30,1.54,9.77,-1.68,-0.01,-0.02,-0.01,8.41
188957,0.00,1001.14,30.30,1.55,9.87,-1.58,-0.01,-0.02,-0.00,8.41
189005,0.00,1001.15,30.30,1.59,9.79,-1.62,-0.01,-0.02,-0.00,8.41
189044,0.00,1001.14,30.30,1.65,9.80,-1.57,-0.01,-0.02,-0.01,8.41
189082,0.00,1001.15,30.30,1.65,9.81,-1.74,-0.01,-0.03,-0.01,8.41
189133,0.00,1001.15,30.30,1.55,9.83,-1.80,-0.01,-0.02,-0.01,8.41
189172,0.00,1001.15,30.29,1.52,9.85,-1.68,-0.01,-0.02,-0.00,8.41
189210,0.00,1001.15,30.29,1.58,9.82,-1.57,-0.01,-0.03,-0.01,8.41
189248,0.00,1001.16,30.29,1.68,9.79,-1.59,-0.01,-0.02,-0.00,8.40
189286,0.00,1001.15,30.30,1.64,9.83,-1.68,-0.01,-0.02,-0.00,8.40
189337,0.00,1001.15,30.30,1.58,9.78,-1.73,-0.01,-0.02,-0.01,8.40
189376,0.00,1001.15,30.30,1.56,9.85,-1.65,-0.01,-0.02,-0.01,8.40
189414,0.00,1001.16,30.30,1.54,9.77,-1.66,-0.01,-0.02,-0.01,8.40
189452,0.00,1001.16,30.30,1.56,9.78,-1.60,-0.01,-0.02,-0.01,8.40
189490,0.00,1001.16,30.30,1.58,9.84,-1.58,-0.01,-0.02,-0.00,8.40
189554,0.00,1001.16,30.30,1.62,9.80,-1.74,-0.01,-0.02,-0.01,8.40
189593,0.00,1001.16,30.30,1.58,9.78,-1.70,-0.01,-0.02,-0.01,8.40
189631,0.00,1001.16,30.29,1.55,9.83,-1.59,-0.01,-0.02,-0.01,8.41
189669,0.00,1001.16,30.29,1.59,9.82,-1.72,-0.01,-0.02,-0.00,8.40
189707,0.00,1001.16,30.29,1.61,9.82,-1.72,-0.01,-0.02,-0.01,8.40
189758,0.00,1001.15,30.30,1.61,9.85,-1.61,-0.01,-0.02,-0.01,8.40
189797,0.00,1001.16,30.29,1.59,9.79,-1.63,-0.01,-0.02,-0.01,8.40
189835,0.00,1001.16,30.29,1.51,9.81,-1.65,-0.01,-0.02,-0.01,8.41
189873,0.00,1001.16,30.30,1.60,9.79,-1.74,-0.01,-0.02,-0.01,8.40
189911,0.00,1001.16,30.30,1.60,9.82,-1.68,-0.01,-0.02,-0.01,8.40
189962,0.00,1001.15,30.30,1.61,9.81,-1.72,-0.01,-0.02,-0.01,8.40
190001,0.00,1001.15,30.30,1.61,9.79,-1.59,-0.01,-0.02,-0.01,8.40
190050,0.00,1001.14,30.30,1.55,9.84,-1.64,-0.01,-0.02,-0.01,8.40
190089,0.00,1001.15,30.29,1.54,9.83,-1.56,-0.01,-0.02,-0.01,8.41
190127,0.00,1001.14,30.29,1.58,9.84,-1.66,-0.01,-0.02,-0.01,8.41
190178,0.00,1001.14,30.29,1.61,9.73,-1.54,-0.01,-0.02,-0.01,8.41
190217,0.00,1001.14,30.29,1.65,9.81,-1.68,-0.01,-0.02,-0.01,8.41
190255,0.00,1001.15,30.29,1.52,9.84,-1.57,-0.01,-0.02,-0.01,8.41
190293,0.00,1001.15,30.29,1.58,9.86,-1.66,-0.01,-0.02,-0.01,8.41
190331,0.00,1001.15,30.29,1.55,9.81,-1.59,-0.01,-0.02,-0.01,8.41
190382,0.00,1001.14,30.30,1.56,9.82,-1.65,-0.01,-0.02,-0.00,8.41
190421,0.00,1001.14,30.29,1.62,9.79,-1.72,-0.01,-0.02,-0.01,8.41
190459,0.00,1001.16,30.29,1.66,9.80,-1.62,-0.01,-0.02,-0.01,8.41
190497,0.00,1001.15,30.30,1.52,9.85,-1.68,-0.01,-0.02,-0.01,8.41
190535,0.00,1001.16,30.30,1.49,9.79,-1.68,-0.01,-0.02,-0.01,8.41
190596,0.00,1001.16,30.30,1.61,9.77,-1.67,-0.01,-0.03,-0.00,8.41
190635,0.00,1001.16,30.29,1.65,9.80,-1.83,-0.01,-0.03,-0.01,8.41
190673,0.00,1001.16,30.29,1.57,9.76,-1.72,-0.01,-0.02,-0.01,8.41
190711,0.00,1001.15,30.29,1.49,9.83,-1.62,-0.01,-0.02,-0.01,8.41
190749,0.00,1001.16,30.29,1.52,9.79,-1.53,-0.01,-0.01,-0.01,8.41
190800,0.00,1001.15,30.29,1.57,9.81,-1.58,-0.01,-0.02,-0.01,8.41
190839,0.00,1001.15,30.29,1.66,9.81,-1.64,-0.01,-0.02,-0.01,8.41
190877,0.00,1001.15,30.29,1.66,9.84,-1.64,-0.01,-0.02,-0.01,8.41
190915,0.00,1001.15,30.29,1.57,9.79,-1.67,-0.01,-0.02,-0.01,8.41
190953,0.00,1001.16,30.30,1.53,9.83,-1.53,-0.01,-0.02,-0.01,8.41
191004,0.00,1001.16,30.30,1.60,9.83,-1.67,-0.01,-0.02,-0.00,8.41
191043,0.00,1001.16,30.30,1.54,9.82,-1.66,-0.01,-0.02,-0.01,8.41
191089,0.00,1001.15,30.29,1.59,9.75,-1.82,-0.01,-0.02,-0.01,8.41
191128,0.00,1001.15,30.29,1.56,9.84,-1.68,-0.01,-0.03,-0.01,8.41
191166,0.00,1001.15,30.29,1.57,9.86,-1.69,-0.01,-0.02,-0.01,8.42
191217,0.00,1001.15,30.29,1.56,9.86,-1.65,-0.01,-0.02,-0.00,8.41
191256,0.00,1001.15,30.29,1.59,9.89,-1.56,-0.01,-0.01,-0.00,8.41
191294,0.00,1001.15,30.29,1.53,9.82,-1.61,-0.01,-0.02,-0.00,8.41
191332,0.00,1001.15,30.29,1.56,9.85,-1.68,-0.01,-0.01,-0.01,8.41
191370,0.00,1001.15,30.29,1.55,9.83,-1.74,-0.01,-0.02,-0.01,8.41
191421,0.00,1001.15,30.30,1.56,9.81,-1.66,-0.01,-0.02,-0.01,8.41
191460,0.00,1001.15,30.30,1.53,9.79,-1.58,-0.01,-0.02,-0.01,8.41
191498,0.00,1001.14,30.29,1.61,9.86,-1.64,-0.01,-0.02,-0.01,8.41
191536,0.00,1001.15,30.29,1.62,9.77,-1.71,-0.01,-0.02,-0.01,8.41
191574,0.00,1001.16,30.30,1.63,9.84,-1.70,-0.01,-0.02,-0.01,8.41
191635,0.00,1001.15,30.30,1.57,9.84,-1.65,-0.01,-0.02,-0.01,8.41
191674,0.00,1001.16,30.29,1.60,9.84,-1.65,-0.01,-0.02,-0.01,8.41
191712,0.00,1001.15,30.29,1.53,9.78,-1.67,-0.01,-0.02,-0.00,8.41
191750,0.00,1001.16,30.29,1.60,9.78,-1.59,-0.01,-0.02,-0.00,8.41
191788,0.00,1001.16,30.29,1.62,9.87,-1.74,-0.01,-0.02,-0.01,8.41
191839,0.00,1001.16,30.29,1.64,9.83,-1.67,-0.01,-0.02,-0.01,8.41
191878,0.00,1001.16,30.29,1.49,9.83,-1.67,-0.01,-0.02,-0.01,8.41
191916,0.00,1001.15,30.29,1.58,9.83,-1.77,-0.01,-0.02,-0.01,8.41
191954,0.00,1001.16,30.29,1.58,9.78,-1.66,-0.01,-0.02,-0.01,8.41
191992,0.00,1001.15,30.29,1.62,9.81,-1.71,-0.01,-0.02,-0.01,8.41
192043,0.00,1001.15,30.30,1.59,9.79,-1.72,-0.01,-0.02,-0.01,8.41
192082,0.00,1001.15,30.29,1.60,9.81,-1.60,-0.01,-0.02,-0.01,8.41
192128,0.00,1001.14,30.29,1.51,9.84,-1.65,-0.01,-0.02,-0.01,8.41
192167,0.00,1001.14,30.29,1.52,9.85,-1.67,-0.01,-0.02,-0.01,8.41
192205,0.00,1001.15,30.29,1.63,9.77,-1.64,-0.01,-0.02,-0.00,8.41
192256,0.00,1001.15,30.29,1.58,9.83,-1.67,-0.01,-0.02,-0.01,8.41
192295,0.00,1001.15,30.29,1.58,9.84,-1.63,-0.01,-0.02,-0.01,8.41
192333,0.00,1001.15,30.29,1.54,9.82,-1.58,-0.01,-0.02,-0.01,8.41
192371,0.00,1001.15,30.29,1.59,9.83,-1.73,-0.01,-0.02,-0.01,8.41
192409,0.00,1001.15,30.29,1.59,9.78,-1.76,-0.01,-0.03,-0.01,8.41
192460,0.00,1001.15,30.29,1.64,9.80,-1.73,-0.01,-0.02,-0.01,8.41
192499,0.00,1001.16,30.29,1.66,9.84,-1.70,-0.01,-0.02,-0.01,8.41
192537,0.00,1001.15,30.29,1.63,9.87,-1.62,-0.01,-0.03,-0.01,8.41
192575,0.00,1001.16,30.29,1.53,9.81,-1.75,-0.01,-0.02,-0.01,8.41
192613,0.00,1001.16,30.30,1.57,9.80,-1.68,-0.01,-0.02,-0.01,8.41
192674,0.00,1001.16,30.30,1.61,9.86,-1.66,-0.01,-0.02,-0.01,8.41
192713,0.00,1001.16,30.29,1.58,9.83,-1.71,-0.01,-0.02,-0.01,8.41
192751,0.00,1001.17,30.29,1.57,9.83,-1.73,-0.01,-0.02,-0.01,8.41
192789,0.00,1001.16,30.29,1.56,9.79,-1.60,-0.01,-0.02,-0.01,8.41
192827,0.00,1001.17,30.29,1.51,9.82,-1.71,-0.01,-0.02,-0.01,8.41
192878,0.00,1001.16,30.29,1.58,9.82,-1.66,-0.01,-0.02,-0.01,8.41
192917,0.00,1001.15,30.29,1.68,9.84,-1.62,-0.01,-0.02,-0.01,8.40
192955,0.00,1001.16,30.29,1.58,9.82,-1.78,-0.01,-0.02,-0.01,8.41
192993,0.00,1001.16,30.29,1.58,9.81,-1.68,-0.01,-0.02,-0.01,8.41
193031,0.00,1001.15,30.29,1.61,9.88,-1.73,-0.01,-0.02,-0.01,8.41
193082,0.00,1001.15,30.29,1.60,9.80,-1.63,-0.01,-0.02,-0.00,8.41
193121,0.00,1001.15,30.29,1.66,9.84,-1.68,-0.01,-0.02,-0.01,8.41
193178,0.00,1001.15,30.29,1.60,9.76,-1.64,-0.01,-0.02,-0.01,8.41
193217,0.00,1001.15,30.29,1.57,9.86,-1.68,-0.01,-0.02,-0.01,8.41
193255,0.00,1001.15,30.29,1.57,9.77,-1.69,-0.01,-0.02,-0.01,8.41
193307,0.00,1001.15,30.29,1.46,9.84,-1.67,-0.01,-0.02,-0.00,8.41
193346,0.00,1001.15,30.29,1.58,9.81,-1.65,-0.01,-0.02,-0.01,8.41
193384,0.00,1001.15,30.29,1.62,9.78,-1.63,-0.01,-0.02,-0.01,8.41
193422,0.00,1001.15,30.29,1.56,9.84,-1.74,-0.01,-0.02,-0.01,8.41
193460,0.00,1001.15,30.29,1.53,9.82,-1.68,-0.02,-0.02,-0.01,8.41
193511,0.00,1001.16,30.29,1.63,9.81,-1.68,-0.01,-0.02,-0.01,8.41
193550,0.00,1001.16,30.29,1.69,9.87,-1.70,-0.01,-0.02,-0.00,8.41
193588,0.00,1001.16,30.29,1.65,9.81,-1.48,-0.01,-0.02,-0.00,8.41
193626,0.00,1001.15,30.29,1.61,9.78,-1.68,-0.01,-0.02,-0.01,8.41
193673,0.00,1001.15,30.29,1.53,9.82,-1.54,-0.01,-0.02,-0.01,8.41
193725,0.00,1001.15,30.29,1.54,9.78,-1.70,-0.01,-0.02,-0.01,8.41
193764,0.00,1001.15,30.29,1.55,9.89,-1.72,-0.01,-0.02,-0.01,8.41
193802,0.00,1001.15,30.29,1.65,9.79,-1.55,-0.01,-0.02,-0.01,8.41
193840,0.00,1001.15,30.29,1.58,9.82,-1.62,-0.01,-0.02,-0.01,8.41
193878,0.00,1001.15,30.29,1.58,9.78,-1.58,-0.01,-0.02,-0.01,8.41
193929,0.00,1001.14,30.29,1.52,9.88,-1.75,-0.01,-0.02,-0.01,8.41
193968,0.00,1001.15,30.29,1.59,9.76,-1.69,-0.01,-0.02,-0.01,8.42
194006,0.00,1001.15,30.29,1.65,9.84,-1.58,-0.01,-0.02,-0.01,8.41
194044,0.00,1001.15,30.29,1.61,9.84,-1.70,-0.01,-0.02,-0.01,8.41
194082,0.00,1001.15,30.29,1.64,9.86,-1.59,-0.01,-0.02,-0.01,8.41
194133,0.00,1001.16,30.30,1.59,9.87,-1.61,-0.01,-0.02,-0.01,8.41
194181,0.00,1001.16,30.29,1.56,9.85,-1.66,-0.01,-0.03,-0.01,8.41
194220,0.00,1001.16,30.29,1.60,9.82,-1.69,-0.01,-0.02,-0.01,8.41
194258,0.00,1001.16,30.29,1.66,9.77,-1.68,-0.01,-0.02,-0.01,8.41
194296,0.00,1001.16,30.29,1.62,9.80,-1.74,-0.01,-0.02,-0.01,8.41
194347,0.00,1001.16,30.29,1.56,9.82,-1.61,-0.01,-0.02,-0.01,8.41
194386,0.00,1001.16,30.29,1.56,9.87,-1.64,-0.01,-0.02,-0.00,8.41
194424,0.00,1001.15,30.29,1.65,9.79,-1.70,-0.01,-0.02,-0.01,8.41
194462,0.00,1001.15,30.29,1.59,9.82,-1.67,-0.01,-0.02,-0.00,8.41
194500,0.00,1001.15,30.29,1.67,9.77,-1.67,-0.01,-0.02,-0.00,8.41
194551,0.00,1001.14,30.29,1.61,9.80,-1.74,-0.01,-0.02,-0.01,8.41
194590,0.00,1001.14,30.29,1.52,9.81,-1.64,-0.01,-0.02,-0.01,8.41
194628,0.00,1001.14,30.29,1.50,9.82,-1.69,-0.01,-0.02,-0.01,8.41
194666,0.00,1001.14,30.29,1.59,9.85,-1.59,-0.01,-0.02,-0.00,8.41
194712,0.00,1001.14,30.29,1.65,9.81,-1.73,-0.01,-0.02,-0.01,8.42
194764,0.00,1001.14,30.29,1.55,9.79,-1.80,-0.01,-0.02,-0.01,8.42
194803,0.00,1001.15,30.29,1.56,9.88,-1.76,-0.01,-0.02,-0.01,8.42
194841,0.00,1001.15,30.29,1.62,9.80,-1.62,-0.01,-0.01,-0.01,8.42
194879,0.00,1001.15,30.29,1.53,9.87,-1.69,-0.01,-0.02,-0.00,8.42
194917,0.00,1001.15,30.29,1.59,9.83,-1.69,-0.01,-0.02,-0.00,8.41
194968,0.00,1001.16,30.29,1.61,9.79,-1.70,-0.01,-0.02,-0.01,8.42
195007,0.00,1001.16,30.29,1.58,9.79,-1.72,-0.01,-0.02,-0.01,8.41
195045,0.00,1001.15,30.29,1.52,9.87,-1.73,-0.01,-0.02,-0.01,8.42
195083,0.00,1001.15,30.29,1.59,9.82,-1.66,-0.01,-0.02,-0.01,8.42
195121,0.00,1001.15,30.29,1.63,9.85,-1.68,-0.01,-0.02,-0.01,8.42
195172,0.00,1001.15,30.29,1.62,9.77,-1.61,-0.01,-0.02,-0.01,8.41
195220,0.00,1001.15,30.29,1.66,9.79,-1.70,-0.01,-0.02,-0.01,8.41
195259,0.00,1001.16,30.29,1.58,9.87,-1.68,-0.01,-0.02,-0.01,8.41
195297,0.00,1001.16,30.29,1.57,9.77,-1.73,-0.01,-0.02,-0.01,8.41
195335,0.00,1001.16,30.29,1.60,9.81,-1.68,-0.01,-0.02,-0.01,8.41
195386,0.00,1001.15,30.29,1.66,9.86,-1.62,-0.01,-0.02,-0.01,8.41
195425,0.00,1001.16,30.29,1.64,9.80,-1.69,-0.01,-0.02,-0.01,8.41
195463,0.00,1001.15,30.29,1.55,9.79,-1.59,-0.01,-0.02,-0.01,8.42
195501,0.00,1001.15,30.29,1.53,9.79,-1.62,-0.01,-0.02,-0.01,8.42
195539,0.00,1001.15,30.29,1.53,9.80,-1.66,-0.01,-0.02,-0.01,8.42
195590,0.00,1001.15,30.29,1.54,9.84,-1.73,-0.01,-0.02,-0.01,8.42
195629,0.00,1001.15,30.29,1.64,9.84,-1.64,-0.01,-0.02,-0.01,8.41
195667,0.00,1001.15,30.29,1.63,9.77,-1.62,-0.01,-0.02,-0.01,8.41
195705,0.00,1001.15,30.29,1.61,9.84,-1.62,-0.01,-0.02,-0.01,8.42
195753,0.00,1001.15,30.29,1.55,9.79,-1.67,-0.01,-0.02,-0.01,8.41
195805,0.00,1001.15,30.29,1.60,9.84,-1.67,-0.01,-0.02,-0.01,8.41
195844,0.00,1001.15,30.29,1.60,9.78,-1.59,-0.01,-0.02,-0.00,8.41
195882,0.00,1001.15,30.29,1.61,9.81,-1.68,-0.01,-0.02,-0.01,8.42
195920,0.00,1001.16,30.29,1.65,9.73,-1.58,-0.01,-0.02,-0.01,8.42
195958,0.00,1001.16,30.29,1.53,9.81,-1.70,-0.01,-0.02,-0.01,8.41
196009,0.00,1001.15,30.29,1.58,9.84,-1.73,-0.01,-0.02,-0.01,8.41
196048,0.00,1001.15,30.29,1.57,9.83,-1.69,-0.01,-0.02,-0.01,8.41
196086,0.00,1001.15,30.29,1.64,9.84,-1.61,-0.01,-0.02,-0.00,8.42
196124,0.00,1001.15,30.29,1.58,9.84,-1.61,-0.01,-0.02,-0.01,8.42
196162,0.00,1001.15,30.29,1.60,9.83,-1.64,-0.01,-0.02,-0.01,8.42
196213,0.00,1001.15,30.29,1.58,9.83,-1.64,-0.01,-0.02,-0.01,8.41
196259,0.00,1001.16,30.29,1.61,9.84,-1.74,-0.01,-0.02,-0.00,8.42
196298,0.00,1001.16,30.29,1.63,9.82,-1.72,-0.01,-0.02,-0.01,8.42
196336,0.00,1001.16,30.29,1.65,9.82,-1.69,-0.01,-0.02,-0.01,8.42
196374,0.00,1001.15,30.29,1.62,9.77,-1.68,-0.01,-0.02,-0.00,8.42
196425,0.00,1001.16,30.29,1.51,9.83,-1.59,-0.01,-0.02,-0.01,8.42
196464,0.00,1001.16,30.29,1.64,9.87,-1.63,-0.01,-0.02,-0.00,8.41
196502,0.00,1001.16,30.29,1.62,9.84,-1.65,-0.01,-0.02,-0.01,8.41
196540,0.00,1001.16,30.29,1.59,9.84,-1.72,-0.01,-0.02,-0.00,8.42
196578,0.00,1001.16,30.29,1.64,9.86,-1.67,-0.01,-0.02,-0.01,8.41
196629,0.00,1001.15,30.29,1.58,9.86,-1.60,-0.01,-0.02,-0.01,8.41
196668,0.00,1001.15,30.29,1.53,9.80,-1.65,-0.01,-0.02,-0.00,8.41
196706,0.00,1001.14,30.29,1.59,9.81,-1.68,-0.01,-0.02,-0.01,8.41
196744,0.00,1001.14,30.29,1.60,9.84,-1.62,-0.01,-0.02,-0.00,8.41
196792,0.00,1001.14,30.29,1.60,9.85,-1.65,-0.01,-0.02,-0.01,8.41
196844,0.00,1001.14,30.29,1.58,9.82,-1.70,-0.01,-0.02,-0.01,8.41
196883,0.00,1001.14,30.29,1.59,9.81,-1.67,-0.01,-0.02,-0.01,8.41
196921,0.00,1001.14,30.29,1.59,9.78,-1.72,-0.01,-0.02,-0.00,8.41
196959,0.00,1001.16,30.29,1.62,9.83,-1.66,-0.01,-0.02,-0.01,8.41
196997,0.00,1001.16,30.29,1.54,9.81,-1.70,-0.01,-0.02,-0.01,8.41
197048,0.00,1001.16,30.29,1.58,9.80,-1.73,-0.01,-0.02,-0.01,8.41
197087,0.00,1001.16,30.29,1.62,9.86,-1.70,-0.01,-0.02,-0.01,8.41
197125,0.00,1001.15,30.29,1.57,9.84,-1.61,-0.01,-0.02,-0.00,8.41
197163,0.00,1001.16,30.29,1.58,9.81,-1.70,-0.01,-0.02,-0.00,8.41
197201,0.00,1001.16,30.29,1.58,9.80,-1.61,-0.01,-0.02,-0.00,8.41
197252,0.00,1001.15,30.29,1.60,9.86,-1.61,-0.01,-0.02,-0.01,8.41
197298,0.00,1001.16,30.29,1.61,9.81,-1.70,-0.01,-0.02,-0.01,8.41
197337,0.00,1001.16,30.29,1.50,9.80,-1.70,-0.01,-0.02,-0.01,8.41
197375,0.00,1001.15,30.29,1.58,9.81,-1.71,-0.01,-0.02,-0.01,8.41
197413,0.00,1001.16,30.29,1.59,9.87,-1.66,-0.01,-0.03,-0.01,8.41
197464,0.00,1001.16,30.29,1.60,9.84,-1.66,-0.01,-0.02,-0.01,8.41
197503,0.00,1001.16,30.29,1.58,9.84,-1.69,-0.01,-0.02,-0.01,8.41
197541,0.00,1001.15,30.29,1.55,9.78,-1.69,-0.01,-0.02,-0.01,8.41
197579,0.00,1001.15,30.29,1.50,9.82,-1.68,-0.01,-0.02,-0.00,8.41
197617,0.00,1001.15,30.29,1.59,9.87,-1.62,-0.01,-0.02,-0.00,8.41
197668,0.00,1001.15,30.29,1.64,9.83,-1.65,-0.01,-0.02,-0.01,8.41
197707,0.00,1001.15,30.29,1.62,9.81,-1.63,-0.01,-0.02,-0.01,8.41
197745,0.00,1001.15,30.29,1.59,9.76,-1.65,-0.01,-0.02,-0.01,8.41
197783,0.00,1001.15,30.29,1.59,9.84,-1.63,-0.01,-0.02,-0.01,8.41
197831,0.00,1001.15,30.29,1.55,9.84,-1.67,-0.01,-0.02,-0.01,8.41
197883,0.00,1001.14,30.29,1.60,9.76,-1.63,-0.01,-0.02,-0.01,8.40
197922,0.00,1001.15,30.29,1.64,9.83,-1.65,-0.01,-0.02,-0.01,8.40
197960,0.00,1001.14,30.29,1.56,9.81,-1.70,-0.01,-0.02,-0.01,8.40
197998,0.00,1001.15,30.29,1.52,9.79,-1.75,-0.01,-0.02,-0.01,8.41
198036,0.00,1001.14,30.29,1.53,9.84,-1.69,-0.01,-0.02,-0.01,8.41
198087,0.00,1001.15,30.29,1.64,9.82,-1.67,-0.01,-0.02,-0.00,8.41
198126,0.00,1001.15,30.29,1.59,9.80,-1.63,-0.01,-0.02,-0.01,8.41
198164,0.00,1001.14,30.29,1.58,9.83,-1.68,-0.01,-0.02,-0.01,8.41
198202,0.00,1001.14,30.29,1.57,9.88,-1.63,-0.01,-0.02,-0.01,8.40
198240,0.00,1001.15,30.29,1.58,9.82,-1.62,-0.01,-0.02,-0.01,8.40
198291,0.00,1001.16,30.29,1.57,9.80,-1.63,-0.01,-0.02,-0.01,8.40
198339,0.00,1001.16,30.29,1.58,9.80,-1.67,-0.01,-0.02,-0.01,8.40
198378,0.00,1001.16,30.29,1.63,9.83,-1.70,-0.01,-0.02,-0.00,8.40
198416,0.00,1001.16,30.28,1.61,9.86,-1.64,-0.01,-0.02,-0.01,8.40
198454,0.00,1001.16,30.28,1.60,9.80,-1.64,-0.01,-0.02,-0.01,8.40
198505,0.00,1001.17,30.29,1.58,9.77,-1.60,-0.01,-0.02,-0.01,8.40
198544,0.00,1001.17,30.28,1.55,9.88,-1.57,-0.01,-0.02,-0.01,8.40
198582,0.00,1001.16,30.28,1.57,9.74,-1.69,-0.01,-0.02,-0.01,8.40
198620,0.00,1001.16,30.28,1.63,9.81,-1.65,-0.01,-0.02,-0.01,8.41
198658,0.00,1001.16,30.29,1.56,9.78,-1.69,-0.01,-0.02,-0.01,8.41
198709,0.00,1001.17,30.29,1.53,9.82,-1.69,-0.01,-0.02,-0.00,8.41
198748,0.00,1001.16,30.29,1.56,9.90,-1.65,-0.01,-0.02,-0.00,8.41
198786,0.00,1001.16,30.29,1.64,9.83,-1.65,-0.01,-0.02,-0.01,8.41
198824,0.00,1001.16,30.29,1.59,9.73,-1.67,-0.01,-0.02,-0.01,8.41
198876,0.00,1001.16,30.29,1.63,9.86,-1.73,-0.01,-0.02,-0.01,8.41
198928,0.00,1001.15,30.29,1.58,9.80,-1.61,-0.01,-0.02,-0.01,8.41
198967,0.00,1001.15,30.28,1.58,9.87,-1.64,-0.01,-0.02,-0.01,8.41
199005,0.00,1001.16,30.28,1.58,9.82,-1.60,-0.01,-0.02,-0.01,8.41
199043,0.00,1001.16,30.28,1.58,9.80,-1.69,-0.01,-0.02,-0.01,8.41
199081,0.00,1001.16,30.28,1.58,9.82,-1.66,-0.01,-0.02,-0.01,8.41
199132,0.00,1001.15,30.28,1.52,9.86,-1.70,-0.01,-0.02,-0.01,8.41
199171,0.00,1001.15,30.28,1.53,9.80,-1.59,-0.01,-0.02,-0.01,8.41
199209,0.00,1001.15,30.28,1.58,9.83,-1.58,-0.01,-0.02,-0.01,8.41
199247,0.00,1001.15,30.28,1.67,9.85,-1.62,-0.01,-0.02,-0.00,8.41
199285,0.00,1001.15,30.29,1.58,9.77,-1.67,-0.01,-0.02,-0.01,8.41
199336,0.00,1001.15,30.29,1.56,9.81,-1.62,-0.01,-0.02,-0.01,8.41
199384,0.00,1001.15,30.29,1.55,9.84,-1.69,-0.01,-0.02,-0.01,8.41
199423,0.00,1001.16,30.28,1.58,9.84,-1.68,-0.01,-0.02,-0.01,8.41
199461,0.00,1001.16,30.28,1.58,9.84,-1.66,-0.01,-0.02,-0.01,8.41
199499,0.00,1001.17,30.28,1.62,9.74,-1.62,-0.01,-0.02,-0.01,8.42
199550,0.00,1001.16,30.28,1.59,9.82,-1.62,-0.00,-0.02,-0.01,8.41
199589,0.00,1001.17,30.28,1.57,9.81,-1.60,-0.01,-0.02,-0.01,8.41
199627,0.00,1001.17,30.28,1.59,9.85,-1.74,-0.01,-0.02,-0.01,8.41
199665,0.00,1001.17,30.28,1.61,9.83,-1.70,-0.02,-0.02,-0.00,8.41
199703,0.00,1001.16,30.28,1.58,9.83,-1.64,-0.01,-0.02,-0.01,8.41
199754,0.00,1001.15,30.29,1.63,9.83,-1.61,-0.01,-0.02,-0.01,8.41
199793,0.00,1001.15,30.29,1.56,9.84,-1.63,-0.01,-0.02,-0.01,8.41
199831,0.00,1001.16,30.28,1.60,9.78,-1.70,-0.01,-0.02,-0.01,8.41
199869,0.00,1001.15,30.29,1.59,9.84,-1.70,-0.01,-0.02,-0.00,8.41
199917,0.00,1001.16,30.29,1.52,9.81,-1.65,-0.01,-0.02,-0.01,8.41
199969,0.00,1001.16,30.28,1.60,9.82,-1.73,-0.01,-0.02,-0.01,8.41
200008,0.00,1001.16,30.28,1.60,9.86,-1.55,-0.01,-0.02,-0.01,8.41
200046,0.00,1001.16,30.28,1.56,9.80,-1.62,-0.01,-0.02,-0.01,8.41
200084,0.00,1001.16,30.28,1.59,9.84,-1.68,-0.01,-0.02,-0.00,8.41
200122,0.00,1001.15,30.28,1.59,9.82,-1.66,-0.01,-0.02,-0.01,8.41
200173,0.00,1001.16,30.28,1.59,9.81,-1.68,-0.01,-0.02,-0.01,8.41
200212,0.00,1001.16,30.28,1.57,9.80,-1.69,-0.01,-0.02,-0.01,8.41
200250,0.00,1001.16,30.28,1.56,9.82,-1.71,-0.01,-0.02,-0.01,8.41
200288,0.00,1001.16,30.28,1.57,9.86,-1.66,-0.01,-0.02,-0.00,8.41
200326,0.00,1001.16,30.28,1.56,9.83,-1.71,-0.01,-0.02,-0.01,8.41
200377,0.00,1001.16,30.29,1.56,9.84,-1.68,-0.01,-0.02,-0.01,8.41
200423,0.00,1001.16,30.29,1.62,9.80,-1.69,-0.01,-0.02,-0.01,8.41
200462,0.00,1001.16,30.28,1.59,9.76,-1.70,-0.01,-0.02,-0.01,8.41
200500,0.00,1001.16,30.28,1.56,9.84,-1.60,-0.01,-0.02,-0.01,8.41
200538,0.00,1001.17,30.28,1.62,9.83,-1.69,-0.01,-0.02,-0.01,8.41
200589,0.00,1001.17,30.28,1.64,9.78,-1.66,-0.01,-0.02,-0.01,8.41
200628,0.00,1001.17,30.28,1.58,9.82,-1.71,-0.01,-0.02,-0.01,8.41
200666,0.00,1001.16,30.28,1.54,9.86,-1.70,-0.01,-0.02,-0.01,8.41
200704,0.00,1001.15,30.28,1.58,9.81,-1.74,-0.01,-0.02,-0.01,8.41
200742,0.00,1001.15,30.28,1.59,9.87,-1.55,-0.01,-0.02,-0.01,8.41
200793,0.00,1001.16,30.29,1.59,9.82,-1.71,-0.01,-0.02,-0.01,8.41
200832,0.00,1001.15,30.28,1.57,9.78,-1.68,-0.01,-0.02,-0.01,8.41
200870,0.00,1001.15,30.28,1.58,9.85,-1.74,-0.01,-0.02,-0.01,8.41
200908,0.00,1001.15,30.28,1.57,9.82,-1.73,-0.01,-0.02,-0.01,8.41
200955,0.00,1001.15,30.28,1.58,9.80,-1.67,-0.01,-0.02,-0.01,8.41
201007,0.00,1001.15,30.28,1.59,9.78,-1.60,-0.01,-0.02,-0.01,8.41
201046,0.00,1001.15,30.28,1.63,9.76,-1.59,-0.01,-0.02,-0.00,8.41
201084,0.00,1001.15,30.28,1.59,9.80,-1.66,-0.01,-0.02,-0.01,8.41
201122,0.00,1001.14,30.28,1.59,9.77,-1.69,-0.01,-0.02,-0.01,8.41
201160,0.00,1001.15,30.28,1.64,9.77,-1.65,-0.01,-0.02,-0.01,8.41
201211,0.00,1001.15,30.28,1.57,9.84,-1.74,-0.01,-0.02,-0.01,8.41
201250,0.00,1001.15,30.28,1.56,9.78,-1.64,-0.01,-0.02,-0.01,8.41
201288,0.00,1001.16,30.28,1.65,9.81,-1.67,-0.01,-0.02,-0.01,8.41
201326,0.00,1001.16,30.28,1.56,9.79,-1.70,-0.01,-0.02,-0.00,8.41
201364,0.00,1001.16,30.28,1.61,9.82,-1.68,-0.01,-0.02,-0.00,8.41
201415,0.00,1001.16,30.28,1.55,9.82,-1.63,-0.01,-0.02,-0.01,8.41
201461,0.00,1001.16,30.28,1.57,9.84,-1.57,-0.01,-0.02,-0.01,8.41
201500,0.00,1001.17,30.28,1.62,9.81,-1.63,-0.01,-0.02,-0.01,8.41
201538,0.00,1001.17,30.28,1.61,9.94,-1.59,-0.01,-0.02,-0.00,8.42
201576,0.00,1001.16,30.28,1.55,9.82,-1.71,-0.01,-0.02,-0.01,8.42
201627,0.00,1001.16,30.28,1.61,9.81,-1.71,-0.01,-0.02,-0.01,8.42
201666,0.00,1001.17,30.28,1.63,9.83,-1.63,-0.01,-0.02,-0.01,8.42
201704,0.00,1001.17,30.28,1.59,9.80,-1.69,-0.01,-0.02,-0.01,8.42
201742,0.00,1001.17,30.28,1.58,9.84,-1.61,-0.01,-0.02,-0.00,8.42
201780,0.00,1001.16,30.28,1.59,9.88,-1.65,-0.01,-0.02,-0.01,8.42
201831,0.00,1001.15,30.28,1.60,9.86,-1.70,-0.01,-0.02,-0.01,8.42
201870,0.00,1001.16,30.28,1.61,9.84,-1.68,-0.01,-0.02,-0.01,8.42
201908,0.00,1001.15,30.28,1.59,9.81,-1.68,-0.01,-0.02,-0.01,8.42
201946,0.00,1001.16,30.28,1.58,9.82,-1.61,-0.01,-0.02,-0.01,8.42
201994,0.00,1001.16,30.28,1.59,9.83,-1.63,-0.01,-0.02,-0.00,8.42
202046,0.00,1001.16,30.28,1.53,9.75,-1.65,-0.01,-0.02,-0.01,8.42
202085,0.00,1001.16,30.28,1.56,9.79,-1.75,-0.01,-0.02,-0.00,8.42
202123,0.00,1001.15,30.28,1.57,9.84,-1.63,-0.01,-0.01,-0.01,8.42
202161,0.00,1001.16,30.28,1.58,9.87,-1.66,-0.01,-0.02,-0.01,8.42
202199,0.00,1001.15,30.28,1.61,9.82,-1.69,-0.01,-0.02,-0.01,8.42
202250,0.00,1001.14,30.28,1.59,9.81,-1.67,-0.01,-0.02,-0.00,8.42
202289,0.00,1001.14,30.28,1.52,9.78,-1.61,-0.01,-0.02,-0.01,8.42
202327,0.00,1001.15,30.28,1.56,9.78,-1.61,-0.01,-0.02,-0.01,8.42
202365,0.00,1001.16,30.28,1.55,9.83,-1.58,-0.01,-0.02,-0.01,8.41
202403,0.00,1001.15,30.28,1.56,9.80,-1.68,-0.01,-0.02,-0.01,8.41
202454,0.00,1001.15,30.28,1.62,9.81,-1.60,-0.01,-0.02,-0.01,8.41
202502,0.00,1001.14,30.28,1.55,9.81,-1.62,-0.01,-0.02,-0.01,8.42
202541,0.00,1001.14,30.28,1.58,9.84,-1.67,-0.01,-0.03,-0.00,8.42
202579,0.00,1001.15,30.28,1.54,9.84,-1.64,-0.01,-0.02,-0.01,8.42
202617,0.00,1001.15,30.28,1.62,9.84,-1.63,-0.01,-0.02,-0.01,8.42
202668,0.00,1001.15,30.28,1.63,9.83,-1.69,-0.01,-0.02,-0.01,8.42
202707,0.00,1001.15,30.28,1.58,9.85,-1.67,-0.01,-0.02,-0.01,8.42
202745,0.00,1001.15,30.28,1.54,9.89,-1.60,-0.01,-0.02,-0.01,8.42
202783,0.00,1001.16,30.28,1.57,9.83,-1.66,-0.01,-0.02,-0.01,8.42
202821,0.00,1001.16,30.28,1.59,9.80,-1.67,-0.01,-0.02,-0.01,8.41
202872,0.00,1001.16,30.28,1.54,9.80,-1.57,-0.01,-0.02,-0.01,8.42
202911,0.00,1001.16,30.28,1.56,9.85,-1.62,-0.01,-0.02,-0.01,8.42
202949,0.00,1001.17,30.28,1.63,9.78,-1.66,-0.01,-0.02,-0.01,8.42
202987,0.00,1001.16,30.28,1.51,9.83,-1.73,-0.01,-0.02,-0.01,8.41
203033,0.00,1001.16,30.28,1.59,9.78,-1.72,-0.01,-0.02,-0.01,8.42
203085,0.00,1001.15,30.28,1.63,9.78,-1.60,-0.01,-0.02,-0.01,8.42
203124,0.00,1001.15,30.28,1.62,9.81,-1.66,-0.01,-0.02,-0.01,8.41
203162,0.00,1001.15,30.28,1.56,9.79,-1.69,-0.01,-0.02,-0.01,8.42
203200,0.00,1001.16,30.28,1.55,9.84,-1.60,-0.01,-0.02,-0.01,8.42
203238,0.00,1001.16,30.28,1.57,9.84,-1.69,-0.01,-0.02,-0.01,8.41
203289,0.00,1001.15,30.28,1.63,9.84,-1.70,-0.01,-0.02,-0.00,8.41
203328,0.00,1001.15,30.28,1.58,9.83,-1.62,-0.01,-0.02,-0.01,8.41
203366,0.00,1001.15,30.28,1.62,9.83,-1.58,-0.01,-0.02,-0.00,8.41
203404,0.00,1001.15,30.28,1.55,9.84,-1.61,-0.01,-0.02,-0.01,8.41
203442,0.00,1001.16,30.28,1.57,9.85,-1.70,-0.01,-0.02,-0.01,8.41
203493,0.00,1001.16,30.28,1.55,9.82,-1.59,-0.01,-0.02,-0.00,8.41
203541,0.00,1001.15,30.28,1.57,9.82,-1.76,-0.01,-0.02,-0.01,8.41
203580,0.00,1001.16,30.28,1.62,9.75,-1.68,-0.01,-0.02,-0.01,8.41
203618,0.00,1001.16,30.28,1.56,9.84,-1.63,-0.01,-0.02,-0.01,8.41
203656,0.00,1001.16,30.28,1.59,9.87,-1.63,-0.01,-0.02,-0.01,8.41
203707,0.00,1001.16,30.28,1.61,9.84,-1.72,-0.01,-0.02,-0.00,8.41
203746,0.00,1001.16,30.28,1.61,9.90,-1.76,-0.01,-0.02,-0.01,8.41
203784,0.00,1001.17,30.28,1.65,9.77,-1.72,-0.01,-0.02,-0.01,8.41
203822,0.00,1001.16,30.28,1.60,9.81,-1.64,-0.01,-0.01,-0.01,8.41
203860,0.00,1001.16,30.28,1.59,9.79,-1.59,-0.01,-0.02,-0.01,8.41
203911,0.00,1001.16,30.28,1.62,9.76,-1.65,-0.01,-0.02,-0.01,8.41
203950,0.00,1001.16,30.28,1.60,9.80,-1.66,-0.01,-0.02,-0.01,8.41
203988,0.00,1001.16,30.28,1.63,9.79,-1.75,-0.01,-0.02,-0.00,8.41
204026,0.00,1001.17,30.28,1.62,9.84,-1.76,-0.01,-0.02,-0.01,8.41
204072,0.00,1001.17,30.28,1.64,9.80,-1.71,-0.01,-0.02,-0.01,8.41
204124,0.00,1001.16,30.28,1.58,9.86,-1.70,-0.01,-0.02,-0.01,8.41
204163,0.00,1001.17,30.28,1.54,9.81,-1.60,-0.01,-0.02,-0.01,8.40
204201,0.00,1001.16,30.28,1.57,9.85,-1.65,-0.01,-0.02,-0.01,8.40
204239,0.00,1001.16,30.28,1.63,9.81,-1.73,-0.01,-0.02,-0.01,8.40
204277,0.00,1001.15,30.28,1.55,9.92,-1.66,-0.01,-0.02,-0.01,8.41
204328,0.00,1001.15,30.28,1.54,9.83,-1.68,-0.01,-0.02,-0.00,8.41
204367,0.00,1001.15,30.28,1.61,9.84,-1.62,-0.01,-0.02,-0.01,8.41
204405,0.00,1001.15,30.28,1.53,9.81,-1.63,-0.01,-0.02,-0.01,8.41
204443,0.00,1001.15,30.28,1.66,9.79,-1.57,-0.01,-0.02,-0.01,8.41
204481,0.00,1001.15,30.28,1.62,9.81,-1.59,-0.01,-0.02,-0.01,8.41
204532,0.00,1001.15,30.28,1.50,9.73,-1.67,-0.01,-0.02,-0.01,8.41
204580,0.00,1001.14,30.28,1.56,9.79,-1.72,-0.01,-0.02,-0.01,8.41
204619,0.00,1001.14,30.28,1.61,9.79,-1.71,-0.01,-0.02,-0.00,8.41
204657,0.00,1001.14,30.28,1.62,9.80,-1.73,-0.01,-0.02,-0.01,8.41
204695,0.00,1001.15,30.28,1.61,9.79,-1.63,-0.01,-0.02,-0.01,8.41
204746,0.00,1001.15,30.28,1.58,9.82,-1.69,-0.01,-0.02,-0.01,8.41
204785,0.00,1001.14,30.27,1.57,9.81,-1.67,-0.01,-0.02,-0.01,8.41
204823,0.00,1001.14,30.27,1.55,9.80,-1.64,-0.01,-0.02,-0.01,8.41
204861,0.00,1001.14,30.28,1.60,9.80,-1.69,-0.01,-0.02,-0.01,8.41
204899,0.00,1001.14,30.28,1.58,9.79,-1.62,-0.01,-0.02,-0.00,8.41
204950,0.00,1001.14,30.28,1.59,9.82,-1.66,-0.01,-0.02,-0.01,8.41
204989,0.00,1001.14,30.28,1.55,9.79,-1.72,-0.01,-0.02,-0.01,8.41
205027,0.00,1001.14,30.28,1.61,9.86,-1.70,-0.01,-0.02,-0.01,8.41
205065,0.00,1001.14,30.28,1.55,9.83,-1.62,-0.01,-0.02,-0.01,8.40
205113,0.00,1001.14,30.28,1.58,9.81,-1.70,-0.01,-0.02,-0.00,8.41
205165,0.00,1001.14,30.28,1.62,9.74,-1.64,-0.01,-0.02,-0.01,8.41
205204,0.00,1001.15,30.27,1.62,9.82,-1.61,-0.01,-0.02,-0.01,8.41
205242,0.00,1001.15,30.27,1.58,9.79,-1.62,-0.01,-0.02,-0.01,8.41
205280,0.00,1001.15,30.27,1.57,9.82,-1.74,-0.01,-0.02,-0.01,8.41
205318,0.00,1001.15,30.28,1.56,9.85,-1.69,-0.01,-0.02,-0.01,8.41
205369,0.00,1001.16,30.28,1.57,9.83,-1.70,-0.01,-0.02,-0.01,8.41
205408,0.00,1001.15,30.28,1.60,9.80,-1.64,-0.01,-0.02,-0.01,8.41
205446,0.00,1001.15,30.28,1.60,9.85,-1.68,-0.01,-0.02,-0.01,8.41
205484,0.00,1001.14,30.28,1.58,9.82,-1.63,-0.01,-0.02,-0.00,8.41
205522,0.00,1001.14,30.28,1.69,9.80,-1.59,-0.01,-0.02,-0.01,8.41
205573,0.00,1001.14,30.28,1.66,9.84,-1.62,-0.01,-0.02,-0.01,8.41
205619,0.00,1001.14,30.28,1.64,9.84,-1.72,-0.01,-0.02,-0.01,8.41
205658,0.00,1001.15,30.28,1.58,9.83,-1.67,-0.01,-0.01,-0.01,8.41
205696,0.00,1001.14,30.27,1.64,9.84,-1.63,-0.01,-0.02,-0.01,8.41
205734,0.00,1001.14,30.28,1.57,9.83,-1.66,-0.01,-0.02,-0.01,8.41
205785,0.00,1001.14,30.28,1.55,9.80,-1.68,-0.01,-0.02,-0.01,8.41
205824,0.00,1001.14,30.27,1.62,9.84,-1.74,-0.01,-0.02,-0.01,8.41
205862,0.00,1001.14,30.27,1.58,9.81,-1.70,-0.01,-0.02,-0.01,8.41
205900,0.00,1001.14,30.27,1.51,9.84,-1.61,-0.01,-0.02,-0.01,8.41
205938,0.00,1001.14,30.28,1.61,9.79,-1.68,-0.01,-0.02,-0.01,8.41
205989,0.00,1001.14,30.28,1.62,9.85,-1.62,-0.01,-0.02,-0.01,8.41
206028,0.00,1001.14,30.28,1.50,9.82,-1.64,-0.01,-0.02,-0.01,8.41
206066,0.00,1001.14,30.28,1.59,9.83,-1.72,-0.01,-0.02,-0.01,8.41
206104,0.00,1001.14,30.28,1.59,9.83,-1.67,-0.01,-0.02,-0.01,8.41
206151,0.00,1001.15,30.28,1.60,9.76,-1.66,-0.01,-0.02,-0.01,8.41
206203,0.00,1001.15,30.28,1.58,9.83,-1.77,-0.01,-0.02,-0.00,8.41
206242,0.00,1001.15,30.27,1.58,9.85,-1.71,-0.01,-0.02,-0.01,8.41
206280,0.00,1001.14,30.27,1.59,9.85,-1.60,-0.01,-0.02,-0.01,8.41
206318,0.00,1001.14,30.27,1.56,9.80,-1.69,-0.01,-0.02,-0.01,8.41
206356,0.00,1001.15,30.27,1.64,9.82,-1.64,-0.01,-0.02,-0.01,8.41
206407,0.00,1001.15,30.28,1.60,9.79,-1.70,-0.01,-0.02,-0.00,8.41
206446,0.00,1001.15,30.28,1.57,9.83,-1.63,-0.01,-0.02,-0.01,8.41
206484,0.00,1001.15,30.28,1.59,9.83,-1.61,-0.01,-0.02,-0.01,8.41
206522,0.00,1001.14,30.27,1.66,9.84,-1.67,-0.01,-0.02,-0.01,8.41
206560,0.00,1001.14,30.28,1.56,9.82,-1.65,-0.01,-0.02,-0.01,8.41
206611,0.00,1001.14,30.28,1.55,9.82,-1.70,-0.01,-0.02,-0.01,8.41
206657,0.00,1001.13,30.28,1.58,9.77,-1.67,-0.01,-0.02,-0.01,8.41
206696,0.00,1001.13,30.27,1.63,9.82,-1.77,-0.01,-0.02,-0.00,8.41
206734,0.00,1001.13,30.27,1.67,9.79,-1.74,-0.01,-0.02,-0.01,8.41
206772,0.00,1001.14,30.27,1.65,9.82,-1.69,-0.01,-0.02,-0.01,8.41
206823,0.00,1001.14,30.28,1.59,9.79,-1.65,-0.01,-0.02,-0.01,8.41
206862,0.00,1001.14,30.27,1.57,9.84,-1.68,-0.01,-0.02,-0.00,8.41
206900,0.00,1001.15,30.27,1.54,9.82,-1.57,-0.01,-0.02,-0.01,8.41
206938,0.00,1001.14,30.27,1.63,9.84,-1.70,-0.01,-0.02,-0.00,8.41
206976,0.00,1001.15,30.28,1.59,9.79,-1.58,-0.01,-0.02,-0.01,8.41
207027,0.00,1001.15,30.28,1.59,9.88,-1.56,-0.01,-0.02,-0.01,8.41
207066,0.00,1001.15,30.28,1.58,9.85,-1.63,-0.01,-0.02,-0.01,8.41
207104,0.00,1001.15,30.27,1.56,9.84,-1.65,-0.01,-0.02,-0.01,8.41
207142,0.00,1001.15,30.28,1.60,9.81,-1.63,-0.01,-0.02,-0.01,8.41
207190,0.00,1001.15,30.28,1.62,9.82,-1.75,-0.01,-0.02,-0.01,8.41
207242,0.00,1001.15,30.28,1.63,9.78,-1.65,-0.01,-0.02,-0.01,8.41
207281,0.00,1001.14,30.27,1.51,9.81,-1.65,-0.01,-0.02,-0.01,8.41
207319,0.00,1001.14,30.27,1.56,9.83,-1.65,-0.01,-0.02,-0.01,8.41
207357,0.00,1001.15,30.27,1.65,9.78,-1.68,-0.01,-0.02,-0.01,8.41
207395,0.00,1001.15,30.27,1.58,9.83,-1.69,-0.01,-0.02,-0.01,8.41
207446,0.00,1001.15,30.27,1.56,9.87,-1.66,-0.01,-0.02,-0.01,8.41
207485,0.00,1001.15,30.27,1.60,9.78,-1.64,-0.01,-0.02,-0.01,8.41
207523,0.00,1001.15,30.27,1.55,9.84,-1.68,-0.01,-0.02,-0.01,8.41
207561,0.00,1001.16,30.27,1.53,9.78,-1.73,-0.01,-0.02,-0.00,8.41
207599,0.00,1001.16,30.27,1.64,9.80,-1.62,-0.01,-0.02,-0.01,8.41
207650,0.00,1001.16,30.28,1.59,9.85,-1.67,-0.01,-0.02,-0.01,8.41
207698,0.00,1001.16,30.28,1.53,9.81,-1.65,-0.01,-0.02,-0.01,8.41
207737,0.00,1001.16,30.27,1.58,9.82,-1.71,-0.01,-0.02,-0.01,8.41
207775,0.00,1001.15,30.27,1.60,9.84,-1.71,-0.01,-0.01,-0.01,8.41
207813,0.00,1001.15,30.27,1.58,9.82,-1.66,-0.01,-0.02,-0.00,8.41
207864,0.00,1001.15,30.27,1.50,9.77,-1.57,-0.01,-0.02,-0.01,8.41
207903,0.00,1001.15,30.27,1.58,9.84,-1.61,-0.00,-0.02,-0.01,8.41
207941,0.00,1001.15,30.27,1.55,9.82,-1.70,-0.01,-0.02,-0.01,8.41
207979,0.00,1001.16,30.27,1.60,9.85,-1.70,-0.01,-0.02,-0.01,8.40
208017,0.00,1001.15,30.27,1.62,9.81,-1.64,-0.01,-0.02,-0.01,8.40
208068,0.00,1001.16,30.27,1.64,9.77,-1.66,-0.01,-0.02,-0.01,8.40
208107,0.00,1001.16,30.27,1.58,9.86,-1.63,-0.01,-0.03,-0.01,8.40
208145,0.00,1001.16,30.27,1.57,9.84,-1.60,-0.01,-0.02,-0.00,8.40
208183,0.00,1001.15,30.27,1.61,9.85,-1.68,-0.01,-0.02,-0.01,8.40
208235,0.00,1001.15,30.27,1.63,9.89,-1.70,-0.01,-0.02,-0.01,8.40
208287,0.00,1001.16,30.27,1.57,9.84,-1.70,-0.01,-0.02,-0.01,8.40
208326,0.00,1001.16,30.27,1.65,9.84,-1.67,-0.01,-0.02,-0.01,8.41
208364,0.00,1001.15,30.27,1.57,9.87,-1.67,-0.01,-0.02,-0.01,8.41
208402,0.00,1001.15,30.27,1.57,9.81,-1.66,-0.01,-0.02,-0.01,8.41
208440,0.00,1001.15,30.27,1.57,9.85,-1.65,-0.01,-0.02,-0.01,8.41
208491,0.00,1001.15,30.27,1.60,9.87,-1.67,-0.01,-0.02,-0.01,8.41
208530,0.00,1001.15,30.27,1.63,9.80,-1.79,-0.01,-0.02,-0.01,8.41
208568,0.00,1001.16,30.27,1.57,9.87,-1.61,-0.01,-0.02,-0.00,8.41
208606,0.00,1001.15,30.27,1.61,9.83,-1.69,-0.01,-0.02,-0.01,8.41
208644,0.00,1001.15,30.27,1.51,9.82,-1.68,-0.01,-0.02,-0.01,8.41
208695,0.00,1001.15,30.27,1.64,9.84,-1.69,-0.01,-0.02,-0.00,8.41
208743,0.00,1001.14,30.27,1.59,9.82,-1.69,-0.01,-0.02,-0.01,8.40
208782,0.00,1001.14,30.27,1.64,9.82,-1.66,-0.01,-0.02,-0.01,8.41
208820,0.00,1001.15,30.27,1.59,9.83,-1.68,-0.01,-0.02,-0.01,8.41
208858,0.00,1001.15,30.27,1.54,9.78,-1.64,-0.01,-0.02,-0.01,8.40
208909,0.00,1001.14,30.27,1.64,9.83,-1.74,-0.01,-0.02,-0.01,8.40
208948,0.00,1001.15,30.27,1.55,9.85,-1.61,-0.01,-0.02,-0.00,8.40
208986,0.00,1001.15,30.27,1.58,9.83,-1.68,-0.01,-0.02,-0.01,8.40
209024,0.00,1001.15,30.27,1.60,9.77,-1.63,-0.01,-0.02,-0.01,8.40
209062,0.00,1001.15,30.27,1.63,9.88,-1.61,-0.01,-0.02,-0.01,8.40
209113,0.00,1001.15,30.27,1.54,9.85,-1.63,-0.01,-0.02,-0.01,8.40
209152,0.00,1001.14,30.27,1.60,9.81,-1.66,-0.01,-0.02,-0.01,8.40
209190,0.00,1001.14,30.27,1.67,9.83,-1.65,-0.01,-0.02,-0.01,8.41
209228,0.00,1001.14,30.27,1.58,9.87,-1.63,-0.01,-0.02,-0.01,8.40
209276,0.00,1001.13,30.27,1.61,9.77,-1.70,-0.01,-0.02,-0.01,8.40
209328,0.00,1001.14,30.27,1.58,9.80,-1.61,-0.01,-0.02,-0.01,8.40
209367,0.00,1001.15,30.27,1.56,9.85,-1.67,-0.01,-0.02,-0.01,8.40
209405,0.00,1001.14,30.27,1.59,9.74,-1.78,-0.01,-0.02,-0.01,8.40
209443,0.00,1001.15,30.27,1.63,9.83,-1.70,-0.01,-0.02,-0.01,8.40
209481,0.00,1001.15,30.27,1.63,9.84,-1.65,-0.01,-0.02,-0.01,8.41
209532,0.00,1001.15,30.27,1.59,9.83,-1.68,-0.01,-0.02,-0.01,8.40
209571,0.00,1001.16,30.27,1.61,9.87,-1.68,-0.01,-0.02,-0.01,8.41
209609,0.00,1001.16,30.27,1.59,9.82,-1.71,-0.01,-0.02,-0.01,8.40
209647,0.00,1001.15,30.27,1.55,9.83,-1.71,-0.01,-0.02,-0.01,8.40
209685,0.00,1001.15,30.27,1.58,9.78,-1.64,-0.01,-0.02,-0.01,8.41
209736,0.00,1001.14,30.27,1.64,9.85,-1.64,-0.01,-0.02,-0.01,8.41
209782,0.00,1001.14,30.27,1.55,9.79,-1.59,-0.01,-0.02,-0.01,8.41
209821,0.00,1001.14,30.27,1.60,9.82,-1.66,-0.01,-0.02,-0.01,8.41
209859,0.00,1001.14,30.27,1.59,9.84,-1.69,-0.01,-0.02,-0.01,8.41
209897,0.00,1001.15,30.27,1.56,9.85,-1.71,-0.01,-0.02,-0.01,8.41
209948,0.00,1001.15,30.27,1.58,9.80,-1.68,-0.01,-0.02,-0.01,8.41
209987,0.00,1001.15,30.27,1.56,9.83,-1.67,-0.01,-0.02,-0.01,8.41
210025,0.00,1001.14,30.27,1.64,9.78,-1.72,-0.01,-0.02,-0.01,8.41
210063,0.00,1001.14,30.27,1.57,9.84,-1.72,-0.01,-0.02,-0.01,8.41
210101,0.00,1001.14,30.27,1.59,9.85,-1.70,-0.01,-0.02,-0.01,8.41
210152,0.00,1001.15,30.27,1.62,9.86,-1.60,-0.01,-0.02,-0.01,8.41
210191,0.00,1001.15,30.27,1.60,9.85,-1.72,-0.01,-0.02,-0.01,8.41
210229,0.00,1001.15,30.27,1.60,9.83,-1.71,-0.01,-0.02,-0.01,8.41
210267,0.00,1001.15,30.27,1.54,9.82,-1.70,-0.01,-0.02,-0.01,8.41
210315,0.00,1001.16,30.27,1.60,9.95,-1.64,-0.01,-0.02,-0.00,8.41
210367,0.00,1001.16,30.27,1.62,9.82,-1.58,-0.01,-0.02,-0.01,8.41
210406,0.00,1001.15,30.27,1.66,9.82,-1.68,-0.01,-0.02,-0.01,8.41
210444,0.00,1001.16,30.27,1.57,9.75,-1.62,-0.01,-0.02,-0.01,8.41
210482,0.00,1001.17,30.27,1.53,9.73,-1.68,-0.01,-0.02,-0.01,8.41
210520,0.00,1001.16,30.27,1.59,9.81,-1.68,-0.01,-0.02,-0.01,8.41
210571,0.00,1001.15,30.27,1.58,9.83,-1.63,-0.01,-0.02,-0.01,8.41
210610,0.00,1001.15,30.27,1.58,9.83,-1.66,-0.01,-0.02,-0.00,8.41
210648,0.00,1001.15,30.27,1.56,9.73,-1.62,-0.01,-0.02,-0.01,8.41
210686,0.00,1001.15,30.27,1.64,9.88,-1.62,-0.01,-0.02,-0.01,8.41
210724,0.00,1001.16,30.27,1.56,9.83,-1.67,-0.01,-0.02,-0.01,8.41
210775,0.00,1001.16,30.27,1.58,9.79,-1.71,-0.01,-0.02,-0.01,8.41
210821,0.00,1001.16,30.27,1.64,9.87,-1.65,-0.01,-0.02,-0.00,8.41
210860,0.00,1001.16,30.27,1.61,9.82,-1.68,-0.01,-0.02,-0.01,8.41
210898,0.00,1001.16,30.27,1.56,9.87,-1.70,-0.01,-0.02,-0.01,8.41
210936,0.00,1001.15,30.27,1.58,9.84,-1.71,-0.01,-0.02,-0.01,8.41
210987,0.00,1001.14,30.27,1.58,9.82,-1.66,-0.01,-0.02,-0.01,8.41
211026,0.00,1001.14,30.27,1.57,9.77,-1.70,-0.01,-0.02,-0.01,8.41
211064,0.00,1001.14,30.27,1.58,9.85,-1.70,-0.01,-0.02,-0.01,8.41
211102,0.00,1001.14,30.27,1.65,9.83,-1.72,-0.01,-0.02,-0.01,8.41
211140,0.00,1001.14,30.27,1.58,9.88,-1.54,-0.01,-0.02,-0.01,8.41
211191,0.00,1001.14,30.27,1.61,9.79,-1.65,-0.01,-0.02,-0.01,8.41
211230,0.00,1001.15,30.27,1.59,9.84,-1.73,-0.01,-0.02,-0.01,8.41
211268,0.00,1001.15,30.27,1.64,9.82,-1.70,-0.01,-0.02,-0.01,8.41
211306,0.00,1001.15,30.27,1.56,9.81,-1.69,-0.01,-0.02,-0.00,8.41
211353,0.00,1001.15,30.27,1.61,9.85,-1.74,-0.01,-0.02,-0.01,8.41
211405,0.00,1001.15,30.27,1.61,9.84,-1.63,-0.01,-0.02,-0.01,8.41
211444,0.00,1001.14,30.27,1.57,9.80,-1.70,-0.01,-0.02,-0.01,8.41
211482,0.00,1001.15,30.27,1.54,9.84,-1.67,-0.01,-0.02,-0.01,8.41
211520,0.00,1001.15,30.27,1.56,9.80,-1.73,-0.01,-0.02,-0.01,8.41
211558,0.00,1001.15,30.27,1.59,9.90,-1.70,-0.01,-0.02,-0.01,8.41
211609,0.00,1001.14,30.27,1.57,9.82,-1.62,-0.01,-0.02,-0.01,8.41
211648,0.00,1001.15,30.27,1.62,9.83,-1.64,-0.01,-0.02,-0.01,8.41
211686,0.00,1001.15,30.27,1.54,9.84,-1.56,-0.01,-0.02,-0.01,8.41
211724,0.00,1001.15,30.27,1.57,9.79,-1.66,-0.01,-0.02,-0.01,8.41
211762,0.00,1001.15,30.27,1.61,9.85,-1.72,-0.01,-0.02,-0.01,8.41
211813,0.00,1001.14,30.27,1.64,9.85,-1.73,-0.01,-0.02,-0.01,8.41
211861,0.00,1001.14,30.27,1.58,9.81,-1.65,-0.01,-0.02,-0.01,8.41
211900,0.00,1001.14,30.27,1.51,9.78,-1.63,-0.01,-0.02,-0.01,8.41
211938,0.00,1001.14,30.27,1.65,9.84,-1.66,-0.01,-0.02,-0.01,8.41
211976,0.00,1001.14,30.27,1.61,9.84,-1.63,-0.01,-0.02,-0.01,8.41
212027,0.00,1001.14,30.27,1.54,9.86,-1.67,-0.01,-0.02,-0.01,8.41
212066,0.00,1001.14,30.27,1.61,9.82,-1.69,-0.01,-0.02,-0.01,8.41
212104,0.00,1001.15,30.26,1.56,9.85,-1.68,-0.01,-0.02,-0.00,8.41
212142,0.00,1001.15,30.27,1.57,9.80,-1.63,-0.01,-0.02,-0.01,8.42
212180,0.00,1001.15,30.27,1.61,9.82,-1.65,-0.01,-0.02,-0.01,8.41
212231,0.00,1001.15,30.27,1.63,9.86,-1.65,-0.01,-0.02,-0.01,8.42
212270,0.00,1001.15,30.27,1.58,9.79,-1.61,-0.01,-0.02,-0.01,8.42
212308,0.00,1001.16,30.27,1.59,9.84,-1.69,-0.01,-0.02,-0.01,8.42
212346,0.00,1001.15,30.27,1.61,9.85,-1.73,-0.01,-0.02,-0.01,8.41
212392,0.00,1001.15,30.27,1.61,9.85,-1.59,-0.01,-0.02,-0.01,8.41
212444,0.00,1001.15,30.27,1.52,9.82,-1.70,-0.01,-0.02,-0.01,8.41
212483,0.00,1001.15,30.27,1.60,9.78,-1.64,-0.01,-0.02,-0.01,8.41
212521,0.00,1001.15,30.26,1.63,9.79,-1.71,-0.01,-0.02,-0.00,8.41
212559,0.00,1001.15,30.27,1.55,9.80,-1.68,-0.01,-0.02,-0.01,8.41
212597,0.00,1001.15,30.27,1.60,9.84,-1.60,-0.01,-0.02,-0.00,8.41
212648,0.00,1001.16,30.27,1.66,9.82,-1.66,-0.01,-0.02,-0.01,8.41
212687,0.00,1001.15,30.27,1.57,9.85,-1.66,-0.01,-0.02,-0.00,8.41
212725,0.00,1001.15,30.27,1.53,9.88,-1.61,-0.01,-0.02,-0.01,8.42
212763,0.00,1001.16,30.27,1.58,9.81,-1.67,-0.01,-0.02,-0.01,8.41
212801,0.00,1001.16,30.27,1.55,9.79,-1.70,-0.01,-0.02,-0.01,8.41
212852,0.00,1001.16,30.27,1.60,9.83,-1.69,-0.01,-0.02,-0.01,8.41
212900,0.00,1001.16,30.27,1.60,9.81,-1.66,-0.01,-0.02,-0.01,8.41
212939,0.00,1001.16,30.27,1.55,9.85,-1.65,-0.01,-0.02,-0.01,8.41
212977,0.00,1001.15,30.26,1.58,9.88,-1.73,-0.01,-0.02,-0.01,8.41
213015,0.00,1001.15,30.26,1.58,9.78,-1.68,-0.01,-0.02,-0.01,8.41
213066,0.00,1001.14,30.27,1.61,9.80,-1.73,-0.01,-0.02,-0.01,8.41
213105,0.00,1001.15,30.26,1.62,9.79,-1.76,-0.01,-0.02,-0.01,8.41
213143,0.00,1001.15,30.26,1.58,9.80,-1.69,-0.01,-0.02,-0.01,8.41
213181,0.00,1001.15,30.26,1.62,9.80,-1.64,-0.01,-0.02,-0.01,8.41
213219,0.00,1001.15,30.27,1.56,9.81,-1.72,-0.01,-0.02,-0.01,8.41
213270,0.00,1001.15,30.27,1.56,9.83,-1.74,-0.01,-0.02,-0.01,8.41
213309,0.00,1001.15,30.27,1.58,9.82,-1.61,-0.01,-0.02,-0.01,8.41
213347,0.00,1001.15,30.26,1.65,9.78,-1.67,-0.01,-0.02,-0.01,8.41
213385,0.00,1001.15,30.27,1.56,9.78,-1.70,-0.01,-0.02,-0.01,8.40
213431,0.00,1001.14,30.27,1.59,9.81,-1.66,-0.01,-0.02,-0.01,8.40
213483,0.00,1001.15,30.27,1.62,9.85,-1.59,-0.01,-0.02,-0.01,8.40
213522,0.00,1001.14,30.26,1.62,9.77,-1.61,-0.01,-0.02,-0.01,8.40
213560,0.00,1001.14,30.26,1.60,9.88,-1.69,-0.01,-0.02,-0.01,8.40
213598,0.00,1001.14,30.26,1.59,9.86,-1.67,-0.01,-0.02,-0.01,8.40
213636,0.00,1001.14,30.26,1.60,9.81,-1.58,-0.01,-0.02,-0.01,8.40
213687,0.00,1001.14,30.27,1.66,9.81,-1.63,-0.01,-0.02,-0.01,8.40
213726,0.00,1001.14,30.26,1.55,9.80,-1.68,-0.01,-0.02,-0.01,8.41
213764,0.00,1001.14,30.26,1.58,9.88,-1.63,-0.01,-0.02,-0.00,8.41
213802,0.00,1001.15,30.26,1.59,9.81,-1.60,-0.01,-0.02,-0.01,8.41
213840,0.00,1001.15,30.27,1.66,9.87,-1.70,-0.01,-0.02,-0.01,8.41
213891,0.00,1001.14,30.27,1.58,9.81,-1.68,-0.01,-0.02,-0.01,8.41
213948,0.00,1001.15,30.27,1.60,9.82,-1.75,-0.01,-0.02,-0.01,8.41
213987,0.00,1001.15,30.26,1.58,9.86,-1.64,-0.01,-0.02,-0.01,8.41
214025,0.00,1001.15,30.26,1.56,9.78,-1.63,-0.01,-0.02,-0.01,8.41
214063,0.00,1001.15,30.26,1.60,9.80,-1.65,-0.01,-0.02,-0.01,8.40
214114,0.00,1001.15,30.26,1.59,9.81,-1.69,-0.01,-0.02,-0.01,8.40
214153,0.00,1001.14,30.26,1.57,9.84,-1.64,-0.01,-0.02,-0.01,8.40
214191,0.00,1001.14,30.26,1.58,9.85,-1.69,-0.01,-0.02,-0.01,8.40
214229,0.00,1001.14,30.26,1.55,9.84,-1.75,-0.01,-0.02,-0.00,8.40
214267,0.00,1001.15,30.26,1.55,9.85,-1.67,-0.01,-0.02,-0.01,8.40
214318,0.00,1001.15,30.26,1.63,9.83,-1.71,-0.01,-0.02,-0.00,8.40
214357,0.00,1001.15,30.26,1.59,9.83,-1.64,-0.01,-0.02,-0.01,8.40
214395,0.00,1001.15,30.26,1.61,9.80,-1.66,-0.01,-0.02,-0.01,8.40
214444,0.00,1001.16,30.26,1.54,9.84,-1.68,-0.01,-0.02,-0.01,8.40
214483,0.00,1001.14,30.26,1.60,9.81,-1.71,-0.01,-0.02,-0.01,8.40
214535,0.00,1001.15,30.26,1.61,9.80,-1.57,-0.01,-0.02,-0.01,8.41
214574,0.00,1001.15,30.26,1.55,9.82,-1.71,-0.01,-0.02,-0.01,8.41
214612,0.00,1001.15,30.26,1.60,9.85,-1.56,-0.01,-0.02,-0.01,8.41
214650,0.00,1001.14,30.26,1.56,9.82,-1.65,-0.01,-0.02,-0.01,8.41
214688,0.00,1001.14,30.26,1.53,9.85,-1.67,-0.01,-0.02,-0.01,8.41
214739,0.00,1001.13,30.26,1.57,9.84,-1.63,-0.01,-0.02,-0.01,8.41
214778,0.00,1001.13,30.26,1.59,9.85,-1.65,-0.01,-0.02,-0.01,8.41
214816,0.00,1001.13,30.26,1.61,9.80,-1.71,-0.01,-0.02,-0.01,8.41
214854,0.00,1001.14,30.26,1.62,9.86,-1.78,-0.01,-0.02,-0.01,8.41
214892,0.00,1001.14,30.26,1.54,9.82,-1.72,-0.01,-0.02,-0.01,8.41
214943,0.00,1001.15,30.26,1.56,9.80,-1.60,-0.01,-0.02,-0.01,8.41
214989,0.00,1001.14,30.26,1.54,9.92,-1.70,-0.01,-0.02,-0.00,8.41
215028,0.00,1001.15,30.26,1.58,9.82,-1.67,-0.01,-0.02,-0.01,8.41
215066,0.00,1001.15,30.26,1.59,9.83,-1.71,-0.01,-0.02,-0.00,8.41
215104,0.00,1001.15,30.26,1.57,9.82,-1.75,-0.01,-0.02,-0.01,8.40
215155,0.00,1001.15,30.26,1.56,9.84,-1.58,-0.01,-0.02,-0.01,8.40
215194,0.00,1001.15,30.26,1.61,9.82,-1.69,-0.01,-0.02,-0.01,8.41
215232,0.00,1001.16,30.26,1.53,9.78,-1.74,-0.01,-0.02,-0.01,8.41
215270,0.00,1001.16,30.26,1.58,9.77,-1.79,-0.01,-0.02,-0.00,8.40
215308,0.00,1001.15,30.26,1.60,9.84,-1.71,-0.01,-0.02,-0.01,8.41
215359,0.00,1001.15,30.26,1.58,9.82,-1.69,-0.01,-0.02,-0.01,8.40
215398,0.00,1001.15,30.26,1.62,9.83,-1.63,-0.01,-0.02,-0.01,8.40
215436,0.00,1001.15,30.26,1.61,9.81,-1.56,-0.01,-0.02,-0.01,8.41
215474,0.00,1001.15,30.26,1.61,9.88,-1.69,-0.01,-0.02,-0.01,8.41
215522,0.00,1001.16,30.26,1.59,9.81,-1.65,-0.01,-0.02,-0.01,8.41
215574,0.00,1001.15,30.26,1.57,9.83,-1.71,-0.01,-0.02,-0.01,8.41
215613,0.00,1001.15,30.26,1.62,9.79,-1.66,-0.01,-0.02,-0.01,8.41
215651,0.00,1001.15,30.26,1.55,9.79,-1.74,-0.01,-0.01,-0.01,8.41
215689,0.00,1001.15,30.26,1.56,9.85,-1.66,-0.01,-0.02,-0.01,8.41
215727,0.00,1001.15,30.26,1.65,9.83,-1.64,-0.01,-0.02,-0.01,8.41
215778,0.00,1001.16,30.26,1.57,9.85,-1.70,-0.01,-0.02,-0.01,8.41
215817,0.00,1001.15,30.26,1.58,9.82,-1.68,-0.01,-0.02,-0.01,8.40
215855,0.00,1001.15,30.26,1.58,9.82,-1.73,-0.01,-0.02,-0.01,8.40
215893,0.00,1001.15,30.26,1.53,9.80,-1.64,-0.01,-0.02,-0.01,8.40
215931,0.00,1001.15,30.26,1.59,9.86,-1.75,-0.01,-0.02,-0.00,8.40
215982,0.00,1001.15,30.26,1.63,9.83,-1.58,-0.01,-0.01,-0.01,8.40
216028,0.00,1001.15,30.26,1.61,9.83,-1.70,-0.01,-0.02,-0.01,8.41
216067,0.00,1001.16,30.26,1.59,9.83,-1.65,-0.01,-0.02,-0.01,8.41
216105,0.00,1001.16,30.26,1.58,9.83,-1.64,-0.01,-0.02,-0.01,8.40
216143,0.00,1001.16,30.26,1.62,9.80,-1.66,-0.01,-0.02,-0.01,8.40
216194,0.00,1001.16,30.26,1.60,9.82,-1.58,-0.01,-0.02,-0.01,8.40
216233,0.00,1001.16,30.26,1.62,9.79,-1.66,-0.01,-0.02,-0.01,8.40
216271,0.00,1001.16,30.26,1.58,9.81,-1.65,-0.01,-0.02,-0.01,8.40
216309,0.00,1001.16,30.26,1.57,9.80,-1.65,-0.01,-0.02,-0.01,8.40
216347,0.00,1001.15,30.26,1.61,9.83,-1.68,-0.01,-0.02,-0.00,8.40
216398,0.00,1001.15,30.26,1.58,9.85,-1.67,-0.01,-0.02,-0.01,8.40
216437,0.00,1001.16,30.26,1.61,9.83,-1.74,-0.01,-0.02,-0.01,8.40
216475,0.00,1001.15,30.26,1.58,9.83,-1.69,-0.01,-0.02,-0.01,8.41
216513,0.00,1001.16,30.26,1.58,9.83,-1.68,-0.01,-0.02,-0.01,8.41
216561,0.00,1001.16,30.26,1.54,9.87,-1.64,-0.01,-0.02,-0.01,8.41
216613,0.00,1001.15,30.26,1.60,9.84,-1.67,-0.00,-0.02,-0.01,8.41
216652,0.00,1001.15,30.26,1.59,9.83,-1.73,-0.01,-0.02,-0.01,8.41
216690,0.00,1001.15,30.26,1.58,9.81,-1.65,-0.01,-0.02,-0.01,8.41
216728,0.00,1001.15,30.26,1.61,9.77,-1.63,-0.01,-0.02,-0.01,8.41
216766,0.00,1001.16,30.26,1.50,9.82,-1.69,-0.01,-0.02,-0.01,8.41
216817,0.00,1001.17,30.26,1.63,9.88,-1.68,-0.01,-0.02,-0.01,8.41
216856,0.00,1001.16,30.26,1.59,9.83,-1.73,-0.01,-0.02,-0.01,8.41
216894,0.00,1001.17,30.26,1.65,9.83,-1.70,-0.01,-0.02,-0.00,8.41
216932,0.00,1001.16,30.26,1.58,9.83,-1.70,-0.01,-0.02,-0.01,8.41
216970,0.00,1001.16,30.26,1.63,9.80,-1.74,-0.01,-0.02,-0.01,8.41
217021,0.00,1001.16,30.26,1.55,9.76,-1.68,-0.01,-0.02,-0.01,8.41
217074,0.00,1001.16,30.26,1.59,9.79,-1.72,-0.01,-0.02,-0.01,8.41
217113,0.00,1001.15,30.26,1.57,9.74,-1.68,-0.01,-0.02,-0.01,8.41
217151,0.00,1001.15,30.26,1.61,9.82,-1.70,-0.01,-0.02,-0.01,8.42
217189,0.00,1001.15,30.26,1.56,9.82,-1.63,-0.01,-0.02,-0.01,8.41
217240,0.00,1001.16,30.26,1.56,9.76,-1.65,-0.01,-0.02,-0.01,8.41
217279,0.00,1001.16,30.26,1.58,9.84,-1.60,-0.01,-0.02,-0.01,8.41
217317,0.00,1001.15,30.26,1.63,9.81,-1.69,-0.01,-0.02,-0.01,8.41
217355,0.00,1001.15,30.26,1.59,9.79,-1.73,-0.01,-0.02,-0.01,8.41
217393,0.00,1001.15,30.26,1.71,9.82,-1.81,-0.01,-0.02,-0.01,8.41
217444,0.00,1001.14,30.26,1.55,9.79,-1.54,-0.01,-0.02,-0.01,8.41
217483,0.00,1001.15,30.26,1.59,9.84,-1.60,-0.01,-0.02,-0.00,8.41
217521,0.00,1001.15,30.26,1.63,9.88,-1.60,-0.01,-0.02,-0.00,8.41
217567,0.00,1001.15,30.26,1.62,9.85,-1.68,-0.01,-0.02,-0.01,8.41
217606,0.00,1001.15,30.26,1.57,9.83,-1.65,-0.01,-0.02,-0.01,8.41
217658,0.00,1001.15,30.26,1.53,9.84,-1.72,-0.01,-0.02,-0.01,8.41
217697,0.00,1001.14,30.26,1.55,9.85,-1.62,-0.01,-0.02,-0.01,8.41
217735,0.00,1001.15,30.26,1.59,9.86,-1.67,-0.01,-0.02,-0.01,8.41
217773,0.00,1001.15,30.26,1.62,9.84,-1.72,-0.01,-0.02,-0.01,8.41
217811,0.00,1001.15,30.26,1.62,9.76,-1.63,-0.01,-0.02,-0.00,8.41
217862,0.00,1001.15,30.26,1.61,9.84,-1.68,-0.01,-0.02,-0.01,8.41
217901,0.00,1001.15,30.26,1.56,9.77,-1.62,-0.01,-0.02,-0.00,8.41
217939,0.00,1001.15,30.26,1.65,9.83,-1.69,-0.01,-0.02,-0.01,8.41
217977,0.00,1001.15,30.26,1.65,9.81,-1.66,-0.01,-0.02,-0.00,8.41
218015,0.00,1001.16,30.26,1.65,9.82,-1.57,-0.01,-0.02,-0.00,8.41
218066,0.00,1001.16,30.26,1.58,9.83,-1.74,-0.01,-0.02,-0.01,8.41
218114,0.00,1001.15,30.26,1.60,9.82,-1.63,-0.01,-0.02,-0.01,8.41
218153,0.00,1001.15,30.26,1.60,9.81,-1.66,-0.01,-0.02,-0.01,8.41
218191,0.00,1001.16,30.26,1.64,9.78,-1.74,-0.01,-0.02,-0.01,8.41
218229,0.00,1001.16,30.26,1.61,9.83,-1.71,-0.01,-0.02,-0.01,8.40
218280,0.00,1001.16,30.26,1.53,9.84,-1.65,-0.01,-0.02,-0.01,8.40
218319,0.00,1001.16,30.26,1.52,9.78,-1.77,-0.01,-0.02,-0.01,8.41
218357,0.00,1001.16,30.26,1.58,9.77,-1.73,-0.01,-0.02,-0.01,8.41
218395,0.00,1001.17,30.26,1.60,9.80,-1.80,-0.01,-0.02,-0.00,8.41
218433,0.00,1001.17,30.26,1.65,9.78,-1.76,-0.01,-0.02,-0.00,8.41
218484,0.00,1001.17,30.26,1.58,9.86,-1.67,-0.01,-0.02,-0.01,8.41
218523,0.00,1001.16,30.26,1.56,9.80,-1.62,-0.01,-0.02,-0.01,8.41
218561,0.00,1001.17,30.26,1.56,9.82,-1.63,-0.01,-0.02,-0.01,8.41
218599,0.00,1001.16,30.26,1.58,9.76,-1.73,-0.01,-0.02,-0.01,8.41
218647,0.00,1001.16,30.26,1.59,9.85,-1.71,-0.01,-0.02,-0.01,8.41
218699,0.00,1001.15,30.26,1.58,9.81,-1.61,-0.01,-0.02,-0.01,8.41
218738,0.00,1001.15,30.26,1.59,9.82,-1.68,-0.01,-0.02,-0.01,8.41
218776,0.00,1001.15,30.26,1.57,9.80,-1.77,-0.01,-0.02,-0.01,8.41
218814,0.00,1001.14,30.26,1.52,9.79,-1.71,-0.01,-0.02,-0.01,8.41
218852,0.00,1001.15,30.26,1.63,9.85,-1.68,-0.01,-0.02,-0.01,8.41
218903,0.00,1001.15,30.26,1.57,9.83,-1.71,-0.01,-0.02,-0.01,8.41
218942,0.00,1001.15,30.26,1.53,9.77,-1.54,-0.01,-0.02,-0.01,8.41
218980,0.00,1001.15,30.26,1.56,9.87,-1.68,-0.01,-0.02,-0.01,8.41
219018,0.00,1001.16,30.26,1.58,9.86,-1.66,-0.01,-0.02,-0.01,8.41
219056,0.00,1001.16,30.26,1.58,9.88,-1.64,-0.01,-0.02,-0.00,8.41
219107,0.00,1001.15,30.26,1.60,9.89,-1.70,-0.01,-0.02,-0.00,8.41
219153,0.00,1001.15,30.26,1.62,9.83,-1.78,-0.01,-0.02,-0.01,8.41
219192,0.00,1001.15,30.26,1.57,9.84,-1.64,-0.01,-0.02,-0.01,8.41
219230,0.00,1001.14,30.26,1.51,9.82,-1.70,-0.01,-0.02,-0.01,8.41
219268,0.00,1001.15,30.26,1.59,9.84,-1.67,-0.01,-0.02,-0.01,8.41
219319,0.00,1001.15,30.26,1.65,9.84,-1.67,-0.01,-0.02,-0.00,8.41
219358,0.00,1001.15,30.26,1.63,9.83,-1.65,-0.01,-0.02,-0.01,8.41
219396,0.00,1001.15,30.25,1.64,9.85,-1.71,-0.01,-0.02,-0.01,8.41
219434,0.00,1001.14,30.26,1.59,9.80,-1.65,-0.01,-0.02,-0.01,8.41
219472,0.00,1001.15,30.26,1.55,9.79,-1.67,-0.01,-0.02,-0.01,8.41
219523,0.00,1001.15,30.26,1.62,9.85,-1.65,-0.01,-0.02,-0.00,8.41
219562,0.00,1001.15,30.26,1.63,9.81,-1.67,-0.01,-0.02,-0.01,8.41
219600,0.00,1001.16,30.26,1.57,9.84,-1.69,-0.01,-0.02,-0.01,8.41
219638,0.00,1001.16,30.26,1.54,9.80,-1.67,-0.01,-0.02,-0.01,8.41
219686,0.00,1001.16,30.26,1.57,9.85,-1.71,-0.01,-0.02,-0.01,8.41
219738,0.00,1001.15,30.26,1.59,9.84,-1.81,-0.01,-0.02,-0.00,8.41
219777,0.00,1001.16,30.25,1.63,9.82,-1.70,-0.01,-0.02,-0.01,8.41
219815,0.00,1001.16,30.25,1.59,9.84,-1.73,-0.01,-0.02,-0.01,8.41
219853,0.00,1001.16,30.25,1.62,9.82,-1.65,-0.01,-0.02,-0.01,8.41
219891,0.00,1001.16,30.25,1.55,9.85,-1.64,-0.01,-0.02,-0.01,8.41
219942,0.00,1001.16,30.26,1.57,9.86,-1.76,-0.01,-0.02,-0.01,8.41
219981,0.00,1001.16,30.25,1.55,9.84,-1.68,-0.01,-0.02,-0.01,8.41
220019,0.00,1001.15,30.25,1.59,9.91,-1.62,-0.01,-0.02,-0.01,8.41
220057,0.00,1001.16,30.25,1.59,9.80,-1.68,-0.01,-0.02,-0.01,8.41
220095,0.00,1001.15,30.26,1.53,9.80,-1.73,-0.01,-0.02,-0.01,8.41
220146,0.00,1001.15,30.26,1.54,9.83,-1.69,-0.01,-0.02,-0.01,8.41
220192,0.00,1001.15,30.26,1.58,9.77,-1.66,-0.01,-0.02,-0.01,8.41
220231,0.00,1001.16,30.25,1.61,9.84,-1.65,-0.01,-0.02,-0.01,8.41
220269,0.00,1001.16,30.25,1.61,9.85,-1.64,-0.01,-0.02,-0.01,8.41
220307,0.00,1001.16,30.25,1.57,9.79,-1.59,-0.01,-0.02,-0.01,8.41
220358,0.00,1001.15,30.25,1.60,9.84,-1.62,-0.01,-0.02,-0.01,8.41
220397,0.00,1001.16,30.25,1.64,9.82,-1.69,-0.01,-0.02,-0.01,8.41
220435,0.00,1001.16,30.25,1.57,9.78,-1.74,-0.01,-0.02,-0.01,8.41
220473,0.00,1001.16,30.25,1.66,9.82,-1.66,-0.01,-0.02,-0.01,8.41
220511,0.00,1001.15,30.25,1.57,9.84,-1.69,-0.01,-0.02,-0.01,8.41
220562,0.00,1001.16,30.26,1.56,9.82,-1.66,-0.01,-0.02,-0.01,8.41
220601,0.00,1001.16,30.25,1.59,9.86,-1.70,-0.01,-0.02,-0.01,8.41
220639,0.00,1001.16,30.25,1.61,9.82,-1.63,-0.01,-0.02,-0.01,8.41
220677,0.00,1001.16,30.25,1.66,9.80,-1.66,-0.01,-0.02,-0.00,8.41
220725,0.00,1001.16,30.25,1.65,9.84,-1.67,-0.01,-0.02,-0.01,8.41
220777,0.00,1001.15,30.25,1.51,9.86,-1.62,-0.01,-0.02,-0.01,8.41
220816,0.00,1001.15,30.25,1.58,9.82,-1.61,-0.01,-0.02,-0.01,8.41
220854,0.00,1001.15,30.25,1.48,9.84,-1.71,-0.01,-0.02,-0.01,8.41
220892,0.00,1001.15,30.25,1.59,9.77,-1.68,-0.01,-0.02,-0.01,8.41
220930,0.00,1001.15,30.25,1.62,9.79,-1.72,-0.01,-0.02,-0.01,8.41
220981,0.00,1001.15,30.25,1.57,9.81,-1.65,-0.01,-0.02,-0.01,8.41
221020,0.00,1001.15,30.25,1.52,9.86,-1.61,-0.01,-0.02,-0.01,8.41
221058,0.00,1001.16,30.25,1.55,9.82,-1.63,-0.01,-0.02,-0.01,8.41
221096,0.00,1001.15,30.25,1.70,9.80,-1.67,-0.01,-0.02,-0.01,8.40
221134,0.00,1001.15,30.26,1.54,9.85,-1.73,-0.01,-0.02,-0.01,8.40
221185,0.00,1001.15,30.26,1.58,9.88,-1.69,-0.01,-0.02,-0.01,8.40
221233,0.00,1001.14,30.25,1.59,9.83,-1.64,-0.01,-0.02,-0.00,8.40
221272,0.00,1001.15,30.25,1.53,9.84,-1.63,-0.01,-0.02,-0.00,8.40
221310,0.00,1001.14,30.25,1.58,9.85,-1.67,-0.01,-0.02,-0.01,8.40
221348,0.00,1001.14,30.25,1.61,9.86,-1.69,-0.01,-0.02,-0.01,8.40
221399,0.00,1001.15,30.25,1.65,9.82,-1.67,-0.01,-0.02,-0.01,8.40
221438,0.00,1001.14,30.25,1.64,9.87,-1.69,-0.01,-0.02,-0.01,8.40
221476,0.00,1001.15,30.25,1.55,9.80,-1.72,-0.01,-0.02,-0.01,8.40
221514,0.00,1001.14,30.25,1.53,9.82,-1.58,-0.01,-0.02,-0.01,8.40
221552,0.00,1001.14,30.25,1.57,9.79,-1.59,-0.01,-0.02,-0.00,8.40
221603,0.00,1001.14,30.25,1.60,9.80,-1.64,-0.01,-0.02,-0.01,8.41
221642,0.00,1001.14,30.25,1.64,9.88,-1.68,-0.01,-0.02,-0.01,8.41
221680,0.00,1001.14,30.25,1.61,9.80,-1.72,-0.01,-0.02,-0.01,8.41
221718,0.00,1001.15,30.25,1.57,9.88,-1.63,-0.01,-0.02,-0.01,8.41
221764,0.00,1001.15,30.25,1.62,9.82,-1.62,-0.01,-0.02,-0.00,8.41
221816,0.00,1001.15,30.25,1.62,9.82,-1.68,-0.00,-0.02,-0.01,8.41
221855,0.00,1001.15,30.25,1.61,9.77,-1.61,-0.01,-0.02,-0.01,8.41
221893,0.00,1001.16,30.25,1.57,9.76,-1.69,-0.01,-0.02,-0.01,8.41
221931,0.00,1001.15,30.25,1.55,9.82,-1.58,-0.01,-0.02,-0.01,8.41
221969,0.00,1001.14,30.25,1.53,9.84,-1.63,-0.01,-0.02,-0.01,8.41
222020,0.00,1001.15,30.25,1.63,9.81,-1.73,-0.01,-0.02,-0.01,8.41
222059,0.00,1001.14,30.25,1.62,9.81,-1.68,-0.01,-0.02,-0.00,8.41
222097,0.00,1001.15,30.25,1.61,9.84,-1.72,-0.01,-0.02,-0.01,8.41
222135,0.00,1001.15,30.25,1.59,9.81,-1.67,-0.01,-0.02,-0.01,8.41
222173,0.00,1001.15,30.25,1.51,9.84,-1.73,-0.01,-0.02,-0.01,8.41
222224,0.00,1001.15,30.25,1.58,9.74,-1.66,-0.01,-0.02,-0.00,8.41
222272,0.00,1001.14,30.25,1.64,9.86,-1.72,-0.01,-0.02,-0.01,8.41
222311,0.00,1001.14,30.25,1.63,9.86,-1.70,-0.01,-0.02,-0.01,8.41
222349,0.00,1001.15,30.25,1.57,9.80,-1.67,-0.01,-0.02,-0.00,8.41
222387,0.00,1001.15,30.25,1.58,9.80,-1.70,-0.01,-0.02,-0.00,8.41
222438,0.00,1001.15,30.25,1.59,9.84,-1.70,-0.01,-0.02,-0.00,8.41
222477,0.00,1001.14,30.25,1.63,9.86,-1.68,-0.01,-0.02,-0.01,8.41
222515,0.00,1001.15,30.25,1.58,9.76,-1.72,-0.01,-0.02,-0.01,8.41
222553,0.00,1001.15,30.25,1.57,9.87,-1.62,-0.01,-0.02,-0.01,8.41
222591,0.00,1001.14,30.25,1.57,9.84,-1.73,-0.01,-0.02,-0.01,8.41
222642,0.00,1001.15,30.25,1.60,9.84,-1.67,-0.01,-0.02,-0.01,8.41
222681,0.00,1001.15,30.25,1.56,9.82,-1.69,-0.01,-0.02,-0.00,8.41
222719,0.00,1001.16,30.25,1.59,9.77,-1.70,-0.01,-0.02,-0.01,8.41
222757,0.00,1001.16,30.25,1.57,9.81,-1.54,-0.01,-0.02,-0.01,8.41
222803,0.00,1001.16,30.25,1.56,9.76,-1.66,-0.01,-0.02,-0.01,8.41
222855,0.00,1001.16,30.25,1.54,9.84,-1.69,-0.01,-0.02,-0.01,8.41
222894,0.00,1001.15,30.25,1.63,9.80,-1.65,-0.01,-0.02,-0.01,8.41
222932,0.00,1001.14,30.25,1.65,9.84,-1.74,-0.01,-0.02,-0.01,8.41
222970,0.00,1001.14,30.25,1.57,9.84,-1.69,-0.01,-0.02,-0.01,8.41
223008,0.00,1001.14,30.25,1.63,9.78,-1.76,-0.01,-0.02,-0.01,8.41
223059,0.00,1001.13,30.25,1.58,9.81,-1.71,-0.01,-0.02,-0.01,8.41
223098,0.00,1001.13,30.25,1.58,9.80,-1.58,-0.01,-0.02,-0.01,8.40
223136,0.00,1001.13,30.25,1.63,9.79,-1.63,-0.01,-0.02,-0.01,8.40
223174,0.00,1001.14,30.25,1.62,9.78,-1.62,-0.01,-0.02,-0.01,8.40
223212,0.00,1001.14,30.25,1.57,9.81,-1.66,-0.01,-0.02,-0.01,8.40
223263,0.00,1001.15,30.25,1.67,9.79,-1.67,-0.01,-0.02,-0.01,8.40
223311,0.00,1001.15,30.25,1.60,9.80,-1.61,-0.01,-0.02,-0.01,8.40
223350,0.00,1001.14,30.25,1.63,9.81,-1.68,-0.01,-0.02,-0.01,8.40
223388,0.00,1001.15,30.25,1.60,9.83,-1.59,-0.01,-0.02,-0.00,8.40
223426,0.00,1001.14,30.25,1.59,9.88,-1.75,-0.01,-0.02,-0.00,8.41
223477,0.00,1001.14,30.25,1.58,9.87,-1.80,-0.01,-0.02,-0.01,8.41
223516,0.00,1001.15,30.25,1.56,9.84,-1.63,-0.01,-0.02,-0.01,8.41
223554,0.00,1001.15,30.25,1.52,9.85,-1.53,-0.01,-0.02,-0.01,8.41
223592,0.00,1001.15,30.25,1.57,9.86,-1.66,-0.01,-0.02,-0.01,8.41
223630,0.00,1001.14,30.25,1.60,9.83,-1.64,-0.01,-0.02,-0.00,8.41
223681,0.00,1001.15,30.25,1.60,9.81,-1.64,-0.01,-0.02,-0.01,8.41
223720,0.00,1001.14,30.25,1.51,9.93,-1.65,-0.01,-0.02,-0.01,8.41
223758,0.00,1001.15,30.25,1.63,9.79,-1.70,-0.01,-0.02,-0.01,8.41
223796,0.00,1001.15,30.25,1.57,9.78,-1.61,-0.01,-0.02,-0.00,8.41
223844,0.00,1001.15,30.25,1.55,9.83,-1.64,-0.01,-0.02,-0.01,8.41
223896,0.00,1001.14,30.25,1.62,9.80,-1.70,-0.01,-0.02,-0.01,8.41
223935,0.00,1001.15,30.25,1.62,9.82,-1.69,-0.01,-0.02,-0.01,8.41
223973,0.00,1001.16,30.25,1.58,9.80,-1.58,-0.01,-0.02,-0.01,8.41
224011,0.00,1001.17,30.25,1.59,9.80,-1.67,-0.01,-0.02,-0.01,8.41
224049,0.00,1001.17,30.25,1.65,9.81,-1.62,-0.01,-0.02,-0.01,8.41
224100,0.00,1001.16,30.25,1.63,9.84,-1.67,-0.01,-0.02,-0.01,8.41
224139,0.00,1001.16,30.25,1.53,9.82,-1.61,-0.01,-0.02,-0.01,8.41
224177,0.00,1001.15,30.25,1.60,9.81,-1.73,-0.01,-0.02,-0.01,8.41
224215,0.00,1001.15,30.25,1.57,9.83,-1.66,-0.01,-0.02,-0.00,8.40
224253,0.00,1001.15,30.25,1.55,9.77,-1.71,-0.01,-0.02,-0.01,8.40
224304,0.00,1001.15,30.25,1.64,9.84,-1.74,-0.01,-0.02,-0.01,8.40
224350,0.00,1001.14,30.25,1.65,9.84,-1.66,-0.01,-0.02,-0.01,8.40
224389,0.00,1001.14,30.25,1.57,9.81,-1.71,-0.01,-0.02,-0.01,8.40
224427,0.00,1001.15,30.25,1.56,9.81,-1.66,-0.01,-0.02,-0.01,8.40
224465,0.00,1001.15,30.25,1.58,9.82,-1.66,-0.01,-0.02,-0.01,8.40
224516,0.00,1001.15,30.25,1.58,9.87,-1.64,-0.01,-0.02,-0.01,8.40
224555,0.00,1001.15,30.25,1.65,9.76,-1.70,-0.01,-0.02,-0.01,8.40
224593,0.00,1001.15,30.25,1.61,9.83,-1.70,-0.01,-0.02,-0.01,8.40
224631,0.00,1001.16,30.25,1.53,9.83,-1.68,-0.01,-0.02,-0.01,8.40
224669,0.00,1001.15,30.25,1.62,9.81,-1.71,-0.01,-0.02,-0.01,8.40
224720,0.00,1001.15,30.25,1.54,9.79,-1.67,-0.01,-0.02,-0.01,8.40
224759,0.00,1001.15,30.25,1.61,9.84,-1.78,-0.01,-0.02,-0.01,8.40
224797,0.00,1001.15,30.25,1.58,9.85,-1.62,-0.01,-0.02,-0.01,8.40
224835,0.00,1001.15,30.25,1.58,9.81,-1.58,-0.01,-0.02,-0.01,8.40
224883,0.00,1001.16,30.25,1.55,9.83,-1.72,-0.01,-0.02,-0.00,8.40
224935,0.00,1001.16,30.25,1.57,9.85,-1.65,-0.01,-0.02,-0.00,8.40
224974,0.00,1001.16,30.25,1.57,9.76,-1.70,-0.01,-0.02,-0.01,8.40
225012,0.00,1001.15,30.24,1.61,9.84,-1.76,-0.01,-0.02,-0.01,8.40
225050,0.00,1001.15,30.24,1.58,9.80,-1.70,-0.01,-0.02,-0.01,8.40
225088,0.00,1001.16,30.24,1.57,9.90,-1.64,-0.01,-0.02,-0.01,8.40
225139,0.00,1001.16,30.25,1.58,9.86,-1.70,-0.01,-0.03,-0.01,8.40
225178,0.00,1001.16,30.25,1.56,9.81,-1.61,-0.01,-0.02,-0.01,8.41
225216,0.00,1001.15,30.25,1.66,9.84,-1.75,-0.01,-0.02,-0.01,8.41
225254,0.00,1001.15,30.25,1.60,9.84,-1.71,-0.01,-0.02,-0.00,8.41
225292,0.00,1001.15,30.25,1.58,9.82,-1.63,-0.01,-0.02,-0.01,8.41
225343,0.00,1001.16,30.25,1.59,9.82,-1.66,-0.01,-0.02,-0.01,8.41
225389,0.00,1001.15,30.25,1.53,9.85,-1.57,-0.01,-0.02,-0.00,8.41
225428,0.00,1001.15,30.25,1.59,9.78,-1.66,-0.01,-0.02,-0.00,8.41
225466,0.00,1001.15,30.25,1.59,9.81,-1.72,-0.01,-0.02,-0.01,8.41
225504,0.00,1001.15,30.25,1.62,9.77,-1.64,-0.01,-0.02,-0.01,8.41
225555,0.00,1001.15,30.25,1.58,9.81,-1.67,-0.01,-0.02,-0.01,8.41
225594,0.00,1001.14,30.25,1.60,9.79,-1.67,-0.01,-0.02,-0.01,8.41
225632,0.00,1001.15,30.25,1.60,9.84,-1.64,-0.01,-0.02,-0.01,8.41
225670,0.00,1001.15,30.25,1.63,9.83,-1.68,-0.00,-0.02,-0.01,8.41
225708,0.00,1001.15,30.25,1.60,9.81,-1.71,-0.01,-0.02,-0.01,8.41
225759,0.00,1001.15,30.25,1.61,9.89,-1.61,-0.01,-0.02,-0.01,8.41
225798,0.00,1001.15,30.25,1.55,9.84,-1.67,-0.01,-0.02,-0.01,8.41
225836,0.00,1001.14,30.25,1.58,9.79,-1.71,-0.01,-0.02,-0.01,8.41
225874,0.00,1001.14,30.25,1.59,9.80,-1.69,-0.01,-0.02,-0.01,8.41
225922,0.00,1001.15,30.25,1.64,9.82,-1.70,-0.01,-0.02,-0.01,8.41
225974,0.00,1001.15,30.25,1.58,9.89,-1.67,-0.01,-0.02,-0.01,8.40
226013,0.00,1001.16,30.24,1.58,9.80,-1.70,-0.01,-0.02,-0.01,8.40
226051,0.00,1001.16,30.24,1.58,9.84,-1.69,-0.01,-0.02,-0.00,8.40
226089,0.00,1001.16,30.24,1.58,9.76,-1.63,-0.01,-0.02,-0.00,8.41
226127,0.00,1001.15,30.24,1.60,9.77,-1.71,-0.01,-0.02,-0.01,8.41
226178,0.00,1001.15,30.25,1.57,9.81,-1.67,-0.01,-0.02,-0.01,8.40
226217,0.00,1001.16,30.24,1.58,9.78,-1.64,-0.01,-0.02,-0.01,8.41
226255,0.00,1001.16,30.24,1.55,9.78,-1.62,-0.01,-0.02,-0.01,8.40
226293,0.00,1001.16,30.24,1.59,9.82,-1.64,-0.01,-0.02,-0.00,8.40
226331,0.00,1001.16,30.25,1.60,9.83,-1.71,-0.01,-0.02,-0.01,8.40
226382,0.00,1001.16,30.25,1.58,9.75,-1.70,-0.01,-0.02,-0.01,8.40
226436,0.00,1001.15,30.25,1.54,9.82,-1.60,-0.01,-0.02,-0.01,8.41
226475,0.00,1001.15,30.24,1.58,9.81,-1.64,-0.01,-0.02,-0.00,8.41
226513,0.00,1001.16,30.24,1.60,9.79,-1.70,-0.01,-0.02,-0.01,8.40
226551,0.00,1001.15,30.24,1.58,9.84,-1.69,-0.01,-0.02,-0.01,8.40
226602,0.00,1001.16,30.24,1.60,9.85,-1.69,-0.01,-0.02,-0.01,8.41
226641,0.00,1001.16,30.24,1.56,9.80,-1.61,-0.01,-0.02,-0.01,8.41
226679,0.00,1001.15,30.24,1.52,9.78,-1.62,-0.01,-0.02,-0.01,8.41
226717,0.00,1001.15,30.24,1.57,9.81,-1.66,-0.01,-0.02,-0.01,8.41
226755,0.00,1001.15,30.24,1.59,9.82,-1.61,-0.01,-0.02,-0.01,8.41
226806,0.00,1001.15,30.24,1.53,9.84,-1.67,-0.01,-0.02,-0.01,8.41
226845,0.00,1001.15,30.24,1.63,9.81,-1.57,-0.01,-0.02,-0.01,8.41
226883,0.00,1001.15,30.24,1.57,9.83,-1.64,-0.01,-0.02,-0.01,8.41
226929,0.00,1001.14,30.24,1.60,9.82,-1.71,-0.01,-0.02,-0.01,8.41
226968,0.00,1001.14,30.24,1.65,9.79,-1.70,-0.01,-0.02,-0.01,8.41
227020,0.00,1001.14,30.24,1.61,9.82,-1.75,-0.01,-0.02,-0.01,8.41
227059,0.00,1001.14,30.24,1.56,9.82,-1.65,-0.01,-0.02,-0.01,8.41
227097,0.00,1001.14,30.24,1.61,9.80,-1.71,-0.01,-0.02,-0.01,8.41
227135,0.00,1001.14,30.24,1.54,9.86,-1.65,-0.01,-0.02,-0.01,8.41
227173,0.00,1001.15,30.24,1.67,9.84,-1.59,-0.01,-0.02,-0.01,8.41
227224,0.00,1001.15,30.24,1.61,9.84,-1.75,-0.01,-0.02,-0.01,8.41
227263,0.00,1001.15,30.24,1.58,9.80,-1.81,-0.01,-0.02,-0.01,8.41
227301,0.00,1001.15,30.24,1.56,9.83,-1.75,-0.01,-0.02,-0.01,8.41
227339,0.00,1001.16,30.24,1.56,9.76,-1.65,-0.01,-0.02,-0.01,8.41
227377,0.00,1001.16,30.24,1.61,9.79,-1.66,-0.01,-0.02,-0.01,8.41
227428,0.00,1001.16,30.24,1.59,9.84,-1.62,-0.01,-0.02,-0.01,8.41
227476,0.00,1001.15,30.24,1.62,9.91,-1.66,-0.01,-0.02,-0.01,8.41
227515,0.00,1001.15,30.24,1.56,9.81,-1.72,-0.01,-0.02,-0.01,8.41
227553,0.00,1001.15,30.24,1.60,9.80,-1.68,-0.01,-0.02,-0.00,8.41
227591,0.00,1001.15,30.24,1.55,9.84,-1.58,-0.01,-0.02,-0.01,8.41
227642,0.00,1001.15,30.24,1.54,9.79,-1.63,-0.01,-0.02,-0.01,8.41
227681,0.00,1001.15,30.24,1.57,9.82,-1.61,-0.01,-0.02,-0.01,8.41
227719,0.00,1001.15,30.24,1.61,9.82,-1.62,-0.01,-0.02,-0.01,8.41
227757,0.00,1001.15,30.24,1.57,9.77,-1.72,-0.01,-0.02,-0.01,8.42
227795,0.00,1001.16,30.24,1.61,9.79,-1.62,-0.01,-0.02,-0.01,8.41
227846,0.00,1001.16,30.24,1.60,9.82,-1.71,-0.01,-0.02,-0.01,8.42
227885,0.00,1001.15,30.24,1.61,9.84,-1.58,-0.01,-0.02,-0.01,8.41
227923,0.00,1001.15,30.24,1.58,9.83,-1.65,-0.01,-0.02,-0.01,8.41
227961,0.00,1001.16,30.24,1.60,9.80,-1.67,-0.01,-0.02,-0.01,8.41
228009,0.00,1001.15,30.24,1.56,9.83,-1.71,-0.01,-0.02,-0.01,8.41
228061,0.00,1001.15,30.24,1.54,9.80,-1.67,-0.01,-0.02,-0.01,8.41
228100,0.00,1001.16,30.24,1.58,9.88,-1.70,-0.01,-0.02,-0.01,8.41
228138,0.00,1001.16,30.24,1.58,9.79,-1.65,-0.01,-0.02,0.00,8.41
228176,0.00,1001.15,30.24,1.62,9.82,-1.69,-0.01,-0.02,-0.01,8.41
228214,0.00,1001.15,30.24,1.59,9.82,-1.61,-0.01,-0.02,-0.01,8.41
228265,0.00,1001.15,30.24,1.57,9.84,-1.73,-0.01,-0.02,-0.01,8.41
228304,0.00,1001.15,30.24,1.63,9.83,-1.69,-0.01,-0.02,-0.01,8.41
228342,0.00,1001.16,30.24,1.63,9.85,-1.60,-0.01,-0.02,-0.01,8.41
228380,0.00,1001.15,30.24,1.63,9.80,-1.73,-0.01,-0.02,-0.01,8.41
228418,0.00,1001.15,30.24,1.60,9.80,-1.76,-0.01,-0.02,-0.00,8.41
228469,0.00,1001.15,30.24,1.57,9.79,-1.72,-0.01,-0.02,-0.01,8.41
228515,0.00,1001.15,30.24,1.63,9.86,-1.64,-0.01,-0.02,-0.01,8.41
228554,0.00,1001.15,30.24,1.61,9.82,-1.73,-0.01,-0.02,-0.01,8.41
228592,0.00,1001.15,30.24,1.62,9.86,-1.59,-0.01,-0.02,-0.01,8.41
228630,0.00,1001.15,30.24,1.65,9.81,-1.68,-0.01,-0.02,-0.01,8.41
228681,0.00,1001.15,30.24,1.59,9.84,-1.62,-0.01,-0.02,-0.01,8.41
228720,0.00,1001.15,30.24,1.59,9.85,-1.68,-0.01,-0.02,-0.01,8.41
228758,0.00,1001.15,30.24,1.60,9.81,-1.64,-0.01,-0.02,-0.01,8.41
228796,0.00,1001.15,30.24,1.59,9.90,-1.65,-0.01,-0.02,-0.01,8.41
228834,0.00,1001.15,30.24,1.56,9.76,-1.72,-0.01,-0.02,-0.01,8.41
228885,0.00,1001.15,30.24,1.56,9.80,-1.72,-0.01,-0.02,-0.01,8.41
228924,0.00,1001.15,30.24,1.56,9.83,-1.68,-0.01,-0.02,-0.01,8.41
228962,0.00,1001.16,30.24,1.61,9.85,-1.70,-0.01,-0.02,-0.01,8.41
229000,0.00,1001.15,30.24,1.61,9.82,-1.68,-0.01,-0.02,-0.01,8.41
229048,0.00,1001.15,30.24,1.54,9.79,-1.62,-0.01,-0.02,-0.00,8.41
229100,0.00,1001.16,30.24,1.61,9.82,-1.72,-0.01,-0.02,-0.00,8.40
229139,0.00,1001.16,30.24,1.62,9.79,-1.59,-0.01,-0.02,-0.01,8.41
229177,0.00,1001.15,30.24,1.58,9.80,-1.60,-0.01,-0.02,-0.01,8.41
229215,0.00,1001.15,30.24,1.60,9.84,-1.66,-0.01,-0.02,-0.01,8.41
229253,0.00,1001.15,30.24,1.61,9.83,-1.70,-0.01,-0.02,-0.01,8.41
229304,0.00,1001.16,30.24,1.58,9.81,-1.76,-0.01,-0.02,-0.01,8.41
229343,0.00,1001.15,30.24,1.59,9.83,-1.62,-0.01,-0.02,-0.01,8.41
229381,0.00,1001.16,30.24,1.61,9.81,-1.62,-0.01,-0.02,-0.01,8.41
229419,0.00,1001.16,30.24,1.58,9.81,-1.67,-0.01,-0.02,-0.01,8.41
229457,0.00,1001.16,30.24,1.59,9.81,-1.69,-0.01,-0.02,-0.01,8.41
229508,0.00,1001.16,30.24,1.60,9.83,-1.61,-0.01,-0.02,-0.01,8.41
229554,0.00,1001.16,30.24,1.52,9.84,-1.61,-0.01,-0.02,-0.01,8.41
229593,0.00,1001.16,30.24,1.58,9.80,-1.68,-0.01,-0.02,-0.01,8.41
229631,0.00,1001.16,30.24,1.50,9.81,-1.62,-0.01,-0.02,-0.00,8.41
229669,0.00,1001.16,30.24,1.63,9.83,-1.61,-0.01,-0.02,-0.01,8.41
229720,0.00,1001.16,30.24,1.57,9.82,-1.69,-0.01,-0.02,-0.01,8.41
229759,0.00,1001.15,30.24,1.58,9.81,-1.66,-0.01,-0.02,-0.01,8.41
229797,0.00,1001.15,30.24,1.58,9.86,-1.74,-0.01,-0.02,-0.01,8.41
229835,0.00,1001.15,30.24,1.54,9.83,-1.65,-0.01,-0.02,-0.01,8.41
229873,0.00,1001.14,30.24,1.58,9.83,-1.65,-0.01,-0.02,-0.01,8.41
229924,0.00,1001.14,30.24,1.58,9.82,-1.73,-0.01,-0.02,-0.01,8.41
229963,0.00,1001.14,30.24,1.63,9.87,-1.67,-0.01,-0.02,-0.01,8.41
230001,0.00,1001.15,30.24,1.60,9.84,-1.64,-0.01,-0.02,-0.01,8.41
230039,0.00,1001.15,30.24,1.61,9.82,-1.64,-0.01,-0.02,-0.01,8.41
230087,0.00,1001.15,30.24,1.57,9.84,-1.62,-0.01,-0.02,-0.01,8.41
230139,0.00,1001.16,30.24,1.60,9.81,-1.62,-0.01,-0.02,-0.01,8.41
230178,0.00,1001.16,30.24,1.63,9.83,-1.58,-0.01,-0.02,-0.01,8.41
230216,0.00,1001.16,30.24,1.63,9.87,-1.70,-0.01,-0.02,-0.01,8.41
230254,0.00,1001.16,30.24,1.62,9.86,-1.70,-0.01,-0.02,-0.01,8.41
230292,0.00,1001.15,30.24,1.60,9.87,-1.73,-0.01,-0.02,-0.01,8.41
230343,0.00,1001.15,30.24,1.57,9.87,-1.68,-0.01,-0.02,-0.01,8.41
230382,0.00,1001.15,30.24,1.54,9.78,-1.63,-0.01,-0.02,-0.00,8.41
230420,0.00,1001.15,30.24,1.60,9.82,-1.65,-0.01,-0.02,-0.01,8.41
230458,0.00,1001.15,30.24,1.56,9.77,-1.69,-0.01,-0.02,-0.01,8.41
230496,0.00,1001.16,30.24,1.60,9.80,-1.65,-0.01,-0.02,-0.01,8.41
230547,0.00,1001.16,30.24,1.56,9.86,-1.70,-0.01,-0.02,-0.00,8.41
230595,0.00,1001.15,30.24,1.58,9.78,-1.70,-0.01,-0.02,-0.01,8.41
230634,0.00,1001.15,30.24,1.58,9.77,-1.70,-0.01,-0.02,-0.01,8.41
230672,0.00,1001.15,30.23,1.58,9.81,-1.61,-0.01,-0.02,-0.00,8.41
230710,0.00,1001.15,30.24,1.59,9.81,-1.69,-0.01,-0.02,-0.01,8.41
230761,0.00,1001.15,30.24,1.56,9.78,-1.69,-0.01,-0.02,-0.00,8.41
230800,0.00,1001.16,30.24,1.60,9.86,-1.68,-0.01,-0.02,-0.01,8.41
230838,0.00,1001.16,30.23,1.57,9.80,-1.74,-0.01,-0.02,-0.01,8.41
230876,0.00,1001.16,30.24,1.61,9.82,-1.64,-0.01,-0.02,-0.00,8.41
230914,0.00,1001.15,30.24,1.57,9.82,-1.64,-0.01,-0.02,-0.01,8.41
230965,0.00,1001.15,30.24,1.62,9.85,-1.66,-0.01,-0.02,-0.01,8.41
231004,0.00,1001.15,30.24,1.59,9.80,-1.72,-0.01,-0.02,-0.00,8.41
231042,0.00,1001.15,30.24,1.60,9.81,-1.64,-0.00,-0.02,-0.01,8.41
231080,0.00,1001.15,30.24,1.61,9.85,-1.62,-0.01,-0.02,-0.00,8.41
231126,0.00,1001.14,30.24,1.62,9.84,-1.69,-0.01,-0.02,-0.01,8.41
231178,0.00,1001.14,30.24,1.62,9.76,-1.65,-0.01,-0.02,-0.01,8.41
231217,0.00,1001.14,30.23,1.62,9.84,-1.62,-0.01,-0.02,-0.01,8.41
231255,0.00,1001.15,30.23,1.57,9.83,-1.62,-0.01,-0.02,-0.01,8.41
231293,0.00,1001.15,30.23,1.55,9.80,-1.70,-0.01,-0.02,-0.01,8.41
231331,0.00,1001.15,30.24,1.56,9.81,-1.70,-0.01,-0.02,-0.01,8.41
231382,0.00,1001.15,30.24,1.59,9.82,-1.70,-0.01,-0.02,-0.01,8.41
231421,0.00,1001.15,30.24,1.61,9.89,-1.69,-0.01,-0.02,-0.00,8.41
231459,0.00,1001.16,30.24,1.58,9.78,-1.66,-0.01,-0.02,-0.01,8.41
231497,0.00,1001.16,30.24,1.62,9.82,-1.70,-0.01,-0.02,-0.00,8.40
231535,0.00,1001.15,30.24,1.54,9.81,-1.63,-0.01,-0.02,-0.01,8.41
231586,0.00,1001.15,30.24,1.52,9.83,-1.67,-0.01,-0.02,-0.01,8.40
231634,0.00,1001.15,30.24,1.59,9.83,-1.62,-0.01,-0.02,-0.01,8.41
231673,0.00,1001.16,30.23,1.59,9.82,-1.58,-0.01,-0.02,-0.00,8.41
231711,0.00,1001.16,30.23,1.60,9.83,-1.60,-0.01,-0.02,-0.01,8.41
231749,0.00,1001.16,30.23,1.61,9.86,-1.68,-0.01,-0.02,-0.01,8.41
231800,0.00,1001.16,30.24,1.59,9.85,-1.69,-0.01,-0.02,-0.01,8.41
231839,0.00,1001.16,30.23,1.59,9.86,-1.65,-0.01,-0.02,-0.01,8.41
231877,0.00,1001.16,30.23,1.59,9.81,-1.62,-0.01,-0.02,-0.01,8.41
231915,0.00,1001.16,30.23,1.62,9.84,-1.58,-0.01,-0.02,-0.01,8.41
231953,0.00,1001.15,30.24,1.58,9.85,-1.64,-0.01,-0.02,-0.01,8.41
232004,0.00,1001.15,30.24,1.56,9.88,-1.64,-0.01,-0.02,-0.01,8.41
232043,0.00,1001.15,30.24,1.55,9.82,-1.65,-0.01,-0.02,-0.01,8.41
232081,0.00,1001.15,30.23,1.59,9.83,-1.69,-0.01,-0.02,-0.01,8.41
232119,0.00,1001.14,30.23,1.52,9.83,-1.72,-0.01,-0.02,-0.01,8.41
232165,0.00,1001.15,30.24,1.63,9.81,-1.62,-0.01,-0.02,-0.01,8.41
232217,0.00,1001.15,30.24,1.52,9.78,-1.61,-0.01,-0.02,-0.01,8.41
232256,0.00,1001.14,30.23,1.59,9.81,-1.71,-0.01,-0.02,-0.01,8.41
232294,0.00,1001.14,30.23,1.59,9.83,-1.64,-0.01,-0.02,-0.01,8.41
232332,0.00,1001.14,30.23,1.52,9.83,-1.74,-0.01,-0.02,-0.01,8.41
232370,0.00,1001.14,30.23,1.58,9.84,-1.61,-0.01,-0.02,-0.01,8.41
232421,0.00,1001.14,30.24,1.61,9.82,-1.64,-0.01,-0.02,-0.01,8.41
232460,0.00,1001.14,30.23,1.62,9.80,-1.74,-0.01,-0.02,-0.01,8.41
232498,0.00,1001.14,30.23,1.62,9.80,-1.67,-0.01,-0.02,-0.01,8.41
232536,0.00,1001.15,30.23,1.56,9.83,-1.67,-0.01,-0.02,-0.01,8.41
232574,0.00,1001.15,30.23,1.63,9.82,-1.72,-0.01,-0.02,-0.01,8.41
232625,0.00,1001.16,30.24,1.62,9.87,-1.69,-0.01,-0.02,-0.01,8.41
232673,0.00,1001.15,30.24,1.59,9.77,-1.66,-0.01,-0.02,-0.00,8.41
232712,0.00,1001.16,30.23,1.62,9.82,-1.68,-0.01,-0.02,-0.01,8.40
232750,0.00,1001.16,30.23,1.58,9.83,-1.75,-0.01,-0.02,-0.01,8.41
232788,0.00,1001.15,30.23,1.57,9.81,-1.64,-0.01,-0.02,-0.01,8.41
232839,0.00,1001.15,30.23,1.63,9.82,-1.63,-0.01,-0.02,-0.01,8.41
232878,0.00,1001.15,30.23,1.65,9.87,-1.71,-0.01,-0.02,-0.01,8.41
232916,0.00,1001.16,30.23,1.59,9.81,-1.71,-0.01,-0.02,-0.01,8.40
232954,0.00,1001.16,30.23,1.57,9.84,-1.72,-0.01,-0.02,-0.01,8.41
232992,0.00,1001.16,30.23,1.53,9.81,-1.70,-0.01,-0.02,-0.01,8.41
233043,0.00,1001.16,30.23,1.58,9.81,-1.69,-0.01,-0.02,-0.01,8.41
233082,0.00,1001.15,30.23,1.58,9.79,-1.70,-0.01,-0.02,-0.01,8.40
233120,0.00,1001.15,30.23,1.58,9.86,-1.68,-0.01,-0.02,-0.01,8.40
233158,0.00,1001.15,30.23,1.66,9.80,-1.66,-0.01,-0.02,-0.01,8.40
233206,0.00,1001.15,30.23,1.62,9.86,-1.60,-0.01,-0.02,-0.01,8.40
233258,0.00,1001.15,30.23,1.54,9.82,-1.51,-0.01,-0.02,-0.01,8.40
233297,0.00,1001.15,30.23,1.58,9.87,-1.62,-0.01,-0.02,-0.01,8.40
233335,0.00,1001.15,30.23,1.61,9.77,-1.65,-0.01,-0.02,-0.00,8.40
233373,0.00,1001.15,30.23,1.59,9.84,-1.67,-0.01,-0.02,-0.01,8.40
233411,0.00,1001.17,30.23,1.54,9.83,-1.67,-0.01,-0.02,-0.01,8.40
233462,0.00,1001.17,30.23,1.57,9.81,-1.72,-0.01,-0.02,-0.01,8.40
233501,0.00,1001.17,30.23,1.55,9.79,-1.61,-0.01,-0.02,-0.01,8.40
233539,0.00,1001.17,30.23,1.58,9.82,-1.59,-0.01,-0.02,-0.01,8.40
233577,0.00,1001.16,30.23,1.59,9.86,-1.72,-0.01,-0.02,-0.01,8.40
233615,0.00,1001.16,30.23,1.60,9.83,-1.73,-0.01,-0.02,-0.00,8.40
233666,0.00,1001.16,30.23,1.55,9.83,-1.73,-0.01,-0.02,-0.01,8.40
233712,0.00,1001.16,30.23,1.63,9.82,-1.67,-0.01,-0.02,-0.01,8.40
233751,0.00,1001.16,30.23,1.61,9.81,-1.68,-0.01,-0.02,-0.01,8.40
233789,0.00,1001.15,30.23,1.58,9.83,-1.68,-0.01,-0.02,-0.01,8.40
233827,0.00,1001.15,30.23,1.59,9.82,-1.69,-0.01,-0.02,-0.01,8.40
233878,0.00,1001.15,30.23,1.61,9.81,-1.65,-0.01,-0.02,-0.01,8.40
233917,0.00,1001.15,30.23,1.58,9.83,-1.65,-0.01,-0.02,-0.01,8.40
233955,0.00,1001.15,30.23,1.63,9.87,-1.61,-0.01,-0.02,-0.01,8.40
233993,0.00,1001.16,30.23,1.61,9.80,-1.74,-0.01,-0.02,-0.01,8.40
234031,0.00,1001.16,30.23,1.60,9.85,-1.60,-0.01,-0.02,-0.01,8.41
234082,0.00,1001.16,30.23,1.58,9.83,-1.75,-0.01,-0.02,-0.01,8.41
234121,0.00,1001.15,30.23,1.58,9.83,-1.60,-0.01,-0.02,-0.01,8.41
234159,0.00,1001.15,30.23,1.58,9.84,-1.60,-0.01,-0.02,-0.01,8.41
234197,0.00,1001.15,30.23,1.64,9.87,-1.70,-0.01,-0.02,-0.01,8.41
234245,0.00,1001.16,30.23,1.62,9.75,-1.65,-0.01,-0.02,-0.01,8.41
234297,0.00,1001.17,30.23,1.54,9.91,-1.68,-0.01,-0.02,-0.00,8.41
234336,0.00,1001.17,30.23,1.59,9.84,-1.64,-0.01,-0.02,-0.01,8.41
234374,0.00,1001.17,30.23,1.59,9.84,-1.60,-0.01,-0.02,-0.01,8.41
234412,0.00,1001.16,30.23,1.62,9.84,-1.71,-0.01,-0.02,-0.00,8.41
234450,0.00,1001.16,30.23,1.61,9.87,-1.70,-0.01,-0.02,-0.01,8.41
234501,0.00,1001.16,30.23,1.62,9.81,-1.68,-0.01,-0.02,-0.00,8.41
234540,0.00,1001.16,30.23,1.58,9.79,-1.71,-0.01,-0.02,-0.01,8.41
234578,0.00,1001.17,30.23,1.55,9.79,-1.70,-0.01,-0.02,-0.01,8.41
234616,0.00,1001.17,30.23,1.60,9.81,-1.69,-0.01,-0.02,-0.01,8.41
234654,0.00,1001.17,30.23,1.58,9.88,-1.67,-0.01,-0.02,-0.01,8.42
234705,0.00,1001.16,30.23,1.57,9.83,-1.65,-0.01,-0.02,-0.01,8.42
234762,0.00,1001.17,30.23,1.66,9.83,-1.66,-0.01,-0.02,-0.00,8.42
234801,0.00,1001.17,30.23,1.58,9.88,-1.65,-0.01,-0.02,-0.01,8.42
234839,0.00,1001.17,30.23,1.63,9.86,-1.71,-0.01,-0.02,-0.01,8.42
234877,0.00,1001.16,30.23,1.58,9.79,-1.68,-0.01,-0.02,-0.01,8.42
234928,0.00,1001.16,30.23,1.60,9.82,-1.68,-0.01,-0.02,-0.01,8.42
234967,0.00,1001.16,30.23,1.63,9.84,-1.68,-0.01,-0.02,-0.01,8.42
235005,0.00,1001.16,30.23,1.58,9.84,-1.67,-0.01,-0.02,-0.01,8.42
235043,0.00,1001.16,30.23,1.60,9.81,-1.63,-0.01,-0.02,-0.01,8.42
235081,0.00,1001.16,30.23,1.57,9.84,-1.55,-0.01,-0.02,-0.01,8.42
235132,0.00,1001.16,30.23,1.58,9.79,-1.70,-0.01,-0.02,-0.01,8.42
235171,0.00,1001.16,30.23,1.59,9.78,-1.70,-0.01,-0.02,-0.01,8.42
235209,0.00,1001.16,30.23,1.60,9.78,-1.68,-0.01,-0.02,-0.01,8.42
235258,0.00,1001.15,30.23,1.57,9.84,-1.62,-0.01,-0.02,-0.01,8.42
235297,0.00,1001.15,30.23,1.61,9.83,-1.61,-0.01,-0.02,-0.01,8.42
235349,0.00,1001.15,30.23,1.60,9.86,-1.68,-0.01,-0.02,-0.01,8.42
235388,0.00,1001.15,30.22,1.59,9.87,-1.71,-0.01,-0.02,-0.01,8.42
235426,0.00,1001.15,30.22,1.58,9.80,-1.70,-0.01,-0.02,-0.01,8.42
235464,0.00,1001.15,30.23,1.61,9.78,-1.68,-0.01,-0.02,-0.01,8.42
235502,0.00,1001.15,30.23,1.57,9.87,-1.76,-0.01,-0.02,-0.00,8.42
235553,0.00,1001.15,30.23,1.60,9.79,-1.61,-0.01,-0.02,-0.01,8.42
235592,0.00,1001.15,30.23,1.57,9.83,-1.70,-0.01,-0.02,-0.01,8.41
235630,0.00,1001.16,30.23,1.57,9.83,-1.68,-0.01,-0.02,-0.01,8.41
235668,0.00,1001.16,30.23,1.59,9.83,-1.72,-0.01,-0.02,-0.01,8.42
235706,0.00,1001.15,30.23,1.58,9.81,-1.73,-0.01,-0.02,-0.01,8.42
235757,0.00,1001.16,30.23,1.59,9.84,-1.70,-0.01,-0.02,-0.01,8.41
235811,0.00,1001.16,30.23,1.58,9.78,-1.69,-0.01,-0.02,-0.01,8.41
235850,0.00,1001.16,30.22,1.59,9.82,-1.66,-0.01,-0.02,-0.01,8.41
235888,0.00,1001.16,30.22,1.61,9.88,-1.70,-0.01,-0.02,-0.00,8.41
235926,0.00,1001.16,30.22,1.58,9.84,-1.66,-0.01,-0.02,-0.01,8.41
235977,0.00,1001.16,30.22,1.61,9.76,-1.71,-0.01,-0.02,-0.01,8.41
236016,0.00,1001.16,30.22,1.58,9.84,-1.75,-0.01,-0.02,-0.00,8.41
236054,0.00,1001.15,30.22,1.64,9.82,-1.75,-0.01,-0.02,-0.00,8.41
236092,0.00,1001.16,30.22,1.63,9.83,-1.69,-0.01,-0.02,-0.01,8.41
236130,0.00,1001.15,30.23,1.58,9.82,-1.72,-0.01,-0.02,-0.01,8.41
236181,0.00,1001.16,30.23,1.58,9.84,-1.70,-0.01,-0.02,-0.01,8.41
236220,0.00,1001.15,30.23,1.59,9.78,-1.66,-0.01,-0.02,-0.01,8.41
236258,0.00,1001.16,30.23,1.60,9.82,-1.70,-0.01,-0.02,-0.01,8.41
236304,0.00,1001.16,30.23,1.54,9.86,-1.57,-0.01,-0.02,-0.01,8.41
236343,0.00,1001.16,30.23,1.58,9.83,-1.71,-0.01,-0.02,-0.01,8.41
236395,0.00,1001.15,30.23,1.64,9.79,-1.73,-0.01,-0.02,-0.01,8.41
236434,0.00,1001.16,30.23,1.55,9.79,-1.70,-0.01,-0.02,-0.01,8.41
236472,0.00,1001.15,30.22,1.64,9.84,-1.63,-0.01,-0.02,-0.01,8.41
236510,0.00,1001.15,30.22,1.59,9.84,-1.72,-0.01,-0.02,-0.01,8.41
236548,0.00,1001.15,30.23,1.64,9.81,-1.68,-0.01,-0.02,-0.01,8.41
236599,0.00,1001.14,30.23,1.59,9.80,-1.70,-0.01,-0.02,-0.01,8.41
236638,0.00,1001.15,30.23,1.57,9.81,-1.80,-0.01,-0.02,-0.01,8.41
236676,0.00,1001.15,30.23,1.58,9.83,-1.65,-0.01,-0.02,-0.01,8.41
236714,0.00,1001.15,30.23,1.59,9.84,-1.73,-0.01,-0.02,-0.01,8.41
236752,0.00,1001.15,30.23,1.58,9.84,-1.70,-0.01,-0.02,-0.01,8.41
236803,0.00,1001.15,30.23,1.63,9.88,-1.68,-0.01,-0.02,-0.01,8.41
236851,0.00,1001.15,30.23,1.58,9.80,-1.70,-0.01,-0.02,-0.01,8.41
236890,0.00,1001.15,30.22,1.59,9.84,-1.70,-0.01,-0.02,-0.01,8.41
236928,0.00,1001.14,30.22,1.56,9.82,-1.70,-0.01,-0.03,-0.01,8.41
236966,0.00,1001.14,30.22,1.60,9.82,-1.67,-0.01,-0.02,-0.01,8.41
237017,0.00,1001.15,30.22,1.58,9.80,-1.72,-0.01,-0.02,-0.00,8.41
237056,0.00,1001.15,30.22,1.59,9.85,-1.68,-0.01,-0.02,-0.01,8.41
237094,0.00,1001.15,30.22,1.57,9.83,-1.69,-0.01,-0.02,-0.00,8.41
237132,0.00,1001.15,30.22,1.58,9.79,-1.70,-0.01,-0.03,-0.01,8.41
237170,0.00,1001.16,30.22,1.55,9.84,-1.68,-0.01,-0.02,-0.01,8.41
237221,0.00,1001.15,30.23,1.64,9.81,-1.72,-0.01,-0.02,-0.00,8.41
237260,0.00,1001.16,30.23,1.58,9.86,-1.66,-0.01,-0.02,-0.01,8.41
237298,0.00,1001.16,30.23,1.55,9.88,-1.63,-0.01,-0.02,-0.01,8.41
237336,0.00,1001.16,30.23,1.61,9.78,-1.65,-0.01,-0.02,-0.01,8.41
237384,0.00,1001.16,30.23,1.58,9.84,-1.65,-0.01,-0.02,-0.01,8.41
237436,0.00,1001.17,30.23,1.71,9.80,-1.65,-0.01,-0.02,-0.01,8.41
237475,0.00,1001.16,30.22,1.57,9.79,-1.71,-0.01,-0.02,-0.01,8.41
237513,0.00,1001.15,30.22,1.64,9.83,-1.69,-0.01,-0.02,-0.01,8.41
237551,0.00,1001.15,30.22,1.54,9.80,-1.62,-0.01,-0.02,-0.00,8.41
237589,0.00,1001.15,30.22,1.61,9.75,-1.75,-0.01,-0.02,-0.01,8.41
237640,0.00,1001.16,30.23,1.59,9.83,-1.62,-0.01,-0.02,-0.01,8.41
237679,0.00,1001.15,30.22,1.61,9.79,-1.72,-0.01,-0.02,-0.01,8.41
237717,0.00,1001.15,30.22,1.61,9.79,-1.67,-0.01,-0.02,-0.01,8.42
237755,0.00,1001.15,30.22,1.59,9.79,-1.75,-0.01,-0.02,-0.01,8.42
237793,0.00,1001.15,30.23,1.61,9.87,-1.71,-0.01,-0.02,-0.01,8.42
237844,0.00,1001.15,30.23,1.57,9.88,-1.62,-0.01,-0.02,-0.01,8.41
237890,0.00,1001.15,30.23,1.59,9.87,-1.75,-0.01,-0.02,-0.01,8.41
237929,0.00,1001.15,30.22,1.56,9.84,-1.68,-0.01,-0.02,-0.01,8.41
237967,0.00,1001.15,30.22,1.62,9.82,-1.66,-0.01,-0.02,-0.01,8.41
238005,0.00,1001.16,30.22,1.60,9.80,-1.65,-0.01,-0.02,-0.01,8.41
238056,0.00,1001.15,30.22,1.59,9.84,-1.56,-0.01,-0.02,-0.01,8.41
238095,0.00,1001.15,30.22,1.62,9.84,-1.71,-0.01,-0.02,-0.01,8.41
238133,0.00,1001.15,30.22,1.58,9.84,-1.61,-0.01,-0.02,-0.01,8.41
238171,0.00,1001.15,30.22,1.60,9.80,-1.73,-0.01,-0.02,-0.00,8.41
238209,0.00,1001.16,30.22,1.59,9.85,-1.60,-0.01,-0.02,-0.01,8.41
238260,0.00,1001.17,30.23,1.62,9.83,-1.63,-0.01,-0.02,-0.01,8.41
238299,0.00,1001.16,30.22,1.60,9.83,-1.72,-0.01,-0.02,-0.01,8.41
238337,0.00,1001.16,30.22,1.57,9.83,-1.70,-0.01,-0.02,-0.01,8.41
238375,0.00,1001.15,30.22,1.58,9.84,-1.70,-0.01,-0.02,-0.01,8.41
238423,0.00,1001.15,30.23,1.59,9.84,-1.65,-0.01,-0.02,-0.01,8.41
238475,0.00,1001.15,30.22,1.54,9.83,-1.72,-0.01,-0.02,-0.01,8.41
238514,0.00,1001.14,30.22,1.59,9.85,-1.70,-0.01,-0.02,-0.01,8.41
238552,0.00,1001.15,30.22,1.56,9.82,-1.64,-0.01,-0.02,-0.00,8.41
238590,0.00,1001.15,30.22,1.60,9.85,-1.58,-0.01,-0.02,-0.01,8.40
238628,0.00,1001.15,30.22,1.57,9.80,-1.65,-0.01,-0.02,-0.01,8.40
238679,0.00,1001.15,30.22,1.59,9.79,-1.65,-0.01,-0.02,-0.01,8.40
238718,0.00,1001.15,30.22,1.59,9.81,-1.70,-0.01,-0.02,-0.01,8.40
238756,0.00,1001.15,30.22,1.56,9.79,-1.62,-0.01,-0.02,-0.01,8.40
238794,0.00,1001.16,30.22,1.56,9.80,-1.70,-0.01,-0.02,-0.01,8.40
238832,0.00,1001.16,30.22,1.56,9.85,-1.65,-0.01,-0.02,-0.01,8.40
238883,0.00,1001.16,30.23,1.57,9.79,-1.74,-0.01,-0.02,-0.01,8.40
238929,0.00,1001.16,30.22,1.58,9.80,-1.69,-0.01,-0.02,-0.01,8.40
238968,0.00,1001.15,30.22,1.60,9.84,-1.70,-0.01,-0.02,-0.01,8.41
239006,0.00,1001.14,30.22,1.59,9.88,-1.65,-0.01,-0.02,-0.01,8.41
239044,0.00,1001.14,30.22,1.62,9.82,-1.65,-0.01,-0.02,-0.01,8.41
239095,0.00,1001.15,30.22,1.56,9.84,-1.76,-0.01,-0.02,-0.01,8.41
239134,0.00,1001.15,30.22,1.57,9.89,-1.68,-0.01,-0.02,-0.01,8.41
239172,0.00,1001.15,30.22,1.58,9.80,-1.69,-0.01,-0.02,-0.01,8.41
239210,0.00,1001.15,30.22,1.58,9.80,-1.71,-0.01,-0.02,-0.01,8.40
239248,0.00,1001.14,30.22,1.61,9.82,-1.63,-0.01,-0.02,-0.01,8.41
239299,0.00,1001.15,30.22,1.58,9.83,-1.69,-0.01,-0.02,-0.01,8.41
239338,0.00,1001.15,30.22,1.63,9.77,-1.73,-0.01,-0.02,-0.01,8.41
239376,0.00,1001.15,30.22,1.56,9.78,-1.65,-0.01,-0.02,-0.01,8.41
239414,0.00,1001.16,30.22,1.59,9.83,-1.75,-0.01,-0.02,-0.01,8.41
239462,0.00,1001.16,30.23,1.55,9.83,-1.74,-0.01,-0.02,-0.01,8.41
239514,0.00,1001.16,30.22,1.55,9.83,-1.70,-0.01,-0.02,-0.01,8.41
239553,0.00,1001.15,30.22,1.58,9.80,-1.63,-0.01,-0.02,-0.01,8.41
239591,0.00,1001.15,30.22,1.60,9.85,-1.71,-0.01,-0.02,-0.01,8.41
239629,0.00,1001.15,30.22,1.55,9.86,-1.69,-0.01,-0.02,-0.01,8.41
239667,0.00,1001.15,30.22,1.58,9.82,-1.67,-0.01,-0.02,-0.01,8.41
239718,0.00,1001.14,30.22,1.57,9.82,-1.74,-0.01,-0.02,-0.00,8.41
239757,0.00,1001.14,30.22,1.59,9.79,-1.68,-0.01,-0.02,-0.01,8.41
239795,0.00,1001.15,30.22,1.58,9.86,-1.73,-0.01,-0.02,-0.00,8.41
239833,0.00,1001.15,30.22,1.61,9.78,-1.71,-0.01,-0.02,-0.01,8.41
239871,0.00,1001.15,30.22,1.60,9.84,-1.71,-0.01,-0.02,-0.01,8.41
239922,0.00,1001.15,30.22,1.59,9.83,-1.68,-0.00,-0.02,-0.01,8.41
239970,0.00,1001.15,30.22,1.58,9.84,-1.68,-0.01,-0.02,-0.01,8.41
240009,0.00,1001.15,30.22,1.61,9.87,-1.71,-0.01,-0.02,-0.01,8.41
240047,0.00,1001.15,30.22,1.56,9.86,-1.73,-0.01,-0.02,-0.00,8.41
240085,0.00,1001.15,30.22,1.60,9.83,-1.63,-0.01,-0.03,-0.01,8.41
240136,0.00,1001.14,30.22,1.59,9.83,-1.62,-0.01,-0.02,-0.01,8.41
240175,0.00,1001.15,30.22,1.61,9.78,-1.68,-0.01,-0.02,-0.01,8.41
240213,0.00,1001.15,30.22,1.62,9.78,-1.67,-0.01,-0.02,-0.01,8.41
240251,0.00,1001.15,30.22,1.62,9.83,-1.61,-0.01,-0.02,-0.01,8.41
240289,0.00,1001.15,30.22,1.63,9.86,-1.76,-0.01,-0.02,-0.01,8.41
240340,0.00,1001.15,30.22,1.59,9.80,-1.73,-0.01,-0.02,-0.01,8.41
240379,0.00,1001.16,30.22,1.56,9.86,-1.69,-0.01,-0.02,-0.01,8.41
240417,0.00,1001.16,30.22,1.58,9.82,-1.73,-0.01,-0.02,-0.01,8.41
240455,0.00,1001.16,30.22,1.64,9.83,-1.65,-0.01,-0.02,-0.00,8.41
240501,0.00,1001.17,30.22,1.56,9.78,-1.64,-0.01,-0.02,-0.01,8.41
240553,0.00,1001.17,30.22,1.61,9.83,-1.65,-0.01,-0.02,-0.00,8.41
240592,0.00,1001.17,30.22,1.59,9.81,-1.67,-0.01,-0.02,-0.01,8.41
240630,0.00,1001.18,30.22,1.61,9.85,-1.71,-0.01,-0.02,-0.01,8.41
240668,0.00,1001.17,30.22,1.55,9.84,-1.70,-0.01,-0.02,-0.01,8.41
240706,0.00,1001.16,30.22,1.58,9.84,-1.70,-0.01,-0.02,-0.01,8.41
240757,0.00,1001.16,30.22,1.56,9.81,-1.62,-0.01,-0.02,-0.01,8.41
240796,0.00,1001.17,30.22,1.58,9.86,-1.63,-0.01,-0.02,-0.01,8.41
240834,0.00,1001.16,30.22,1.58,9.83,-1.68,-0.01,-0.02,-0.01,8.41
240872,0.00,1001.16,30.22,1.59,9.86,-1.64,-0.01,-0.02,-0.00,8.41
240910,0.00,1001.16,30.22,1.55,9.77,-1.67,-0.01,-0.02,-0.01,8.41
240961,0.00,1001.17,30.22,1.62,9.84,-1.71,-0.01,-0.02,-0.00,8.41
241009,0.00,1001.16,30.22,1.62,9.89,-1.68,-0.01,-0.02,-0.00,8.41
241048,0.00,1001.15,30.22,1.61,9.82,-1.75,-0.01,-0.02,-0.01,8.41
241086,0.00,1001.15,30.22,1.59,9.83,-1.71,-0.01,-0.02,-0.01,8.41
241124,0.00,1001.14,30.22,1.58,9.78,-1.62,-0.01,-0.02,-0.01,8.41
241175,0.00,1001.15,30.22,1.60,9.84,-1.68,-0.01,-0.02,-0.01,8.41
241214,0.00,1001.15,30.22,1.59,9.79,-1.68,-0.01,-0.03,-0.01,8.41
241252,0.00,1001.15,30.22,1.65,9.80,-1.76,-0.01,-0.02,-0.01,8.41
241290,0.00,1001.15,30.22,1.56,9.88,-1.72,-0.01,-0.02,-0.01,8.41
241328,0.00,1001.15,30.22,1.62,9.80,-1.70,-0.01,-0.02,-0.01,8.41
241379,0.00,1001.15,30.22,1.59,9.78,-1.63,-0.01,-0.02,-0.01,8.41
241418,0.00,1001.16,30.22,1.57,9.78,-1.62,-0.01,-0.02,-0.01,8.41
241456,0.00,1001.16,30.22,1.60,9.87,-1.66,-0.01,-0.02,-0.01,8.41
241494,0.00,1001.15,30.22,1.54,9.87,-1.72,-0.01,-0.02,-0.01,8.41
241540,0.00,1001.16,30.22,1.54,9.81,-1.80,-0.01,-0.02,-0.01,8.41
241592,0.00,1001.15,30.22,1.59,9.84,-1.61,-0.01,-0.02,-0.01,8.40
241631,0.00,1001.15,30.22,1.52,9.79,-1.65,-0.01,-0.02,-0.01,8.40
241669,0.00,1001.14,30.22,1.59,9.79,-1.71,-0.01,-0.02,-0.01,8.40
241707,0.00,1001.14,30.22,1.62,9.81,-1.72,-0.01,-0.02,-0.01,8.40
241745,0.00,1001.14,30.22,1.58,9.81,-1.73,-0.01,-0.02,-0.01,8.40
241796,0.00,1001.14,30.22,1.58,9.80,-1.73,-0.01,-0.02,-0.01,8.40
241835,0.00,1001.14,30.22,1.58,9.81,-1.66,-0.01,-0.02,-0.01,8.40
241873,0.00,1001.14,30.22,1.58,9.84,-1.68,-0.01,-0.02,-0.01,8.40
241911,0.00,1001.15,30.22,1.57,9.82,-1.58,-0.01,-0.02,-0.01,8.40
241949,0.00,1001.15,30.22,1.60,9.84,-1.71,-0.01,-0.02,-0.01,8.40
242000,0.00,1001.15,30.22,1.61,9.86,-1.73,-0.01,-0.02,-0.01,8.40
242048,0.00,1001.15,30.22,1.64,9.80,-1.65,-0.01,-0.02,-0.01,8.40
242087,0.00,1001.15,30.22,1.57,9.79,-1.65,-0.01,-0.02,-0.01,8.40
242125,0.00,1001.16,30.22,1.61,9.79,-1.64,-0.01,-0.02,-0.01,8.40
242163,0.00,1001.15,30.22,1.64,9.78,-1.64,-0.01,-0.02,-0.01,8.40
242214,0.00,1001.15,30.22,1.57,9.83,-1.65,-0.01,-0.02,-0.01,8.40
242253,0.00,1001.15,30.22,1.57,9.82,-1.73,-0.01,-0.02,-0.01,8.40
242291,0.00,1001.15,30.22,1.59,9.83,-1.68,-0.01,-0.02,-0.01,8.40
242329,0.00,1001.15,30.22,1.60,9.85,-1.60,-0.01,-0.02,-0.01,8.40
242367,0.00,1001.15,30.22,1.58,9.78,-1.68,-0.01,-0.02,-0.01,8.40
242418,0.00,1001.16,30.22,1.62,9.79,-1.76,-0.01,-0.02,-0.01,8.40
242457,0.00,1001.15,30.22,1.64,9.80,-1.63,-0.00,-0.02,-0.01,8.40
242495,0.00,1001.15,30.22,1.58,9.83,-1.75,-0.01,-0.02,-0.01,8.41
242533,0.00,1001.14,30.22,1.59,9.87,-1.68,-0.01,-0.02,-0.01,8.40
242581,0.00,1001.14,30.22,1.60,9.84,-1.72,-0.01,-0.02,-0.01,8.41
242633,0.00,1001.14,30.22,1.56,9.84,-1.70,-0.01,-0.02,-0.01,8.41
242672,0.00,1001.16,30.22,1.53,9.84,-1.66,-0.01,-0.02,-0.01,8.40
242710,0.00,1001.16,30.21,1.61,9.84,-1.65,-0.01,-0.02,-0.00,8.40
242748,0.00,1001.15,30.21,1.58,9.79,-1.63,-0.01,-0.02,-0.01,8.40
242786,0.00,1001.16,30.22,1.64,9.76,-1.73,-0.01,-0.02,-0.01,8.40
242837,0.00,1001.15,30.22,1.57,9.77,-1.70,-0.01,-0.02,-0.01,8.40
242876,0.00,1001.15,30.22,1.59,9.82,-1.69,-0.01,-0.02,-0.01,8.40
242914,0.00,1001.15,30.22,1.58,9.82,-1.67,-0.01,-0.02,-0.01,8.40
242952,0.00,1001.15,30.22,1.64,9.84,-1.61,-0.01,-0.02,-0.01,8.40
242990,0.00,1001.15,30.22,1.58,9.83,-1.74,-0.01,-0.02,-0.01,8.40
243041,0.00,1001.15,30.22,1.59,9.82,-1.72,-0.01,-0.02,-0.01,8.40
243087,0.00,1001.15,30.22,1.63,9.84,-1.61,-0.02,-0.02,-0.01,8.40
243126,0.00,1001.16,30.22,1.59,9.78,-1.70,-0.01,-0.02,-0.01,8.40
243164,0.00,1001.16,30.21,1.58,9.79,-1.62,-0.01,-0.02,-0.01,8.40
243202,0.00,1001.15,30.22,1.59,9.77,-1.64,-0.01,-0.02,-0.01,8.40
243253,0.00,1001.15,30.22,1.58,9.83,-1.74,-0.01,-0.02,-0.01,8.40
243292,0.00,1001.15,30.22,1.58,9.84,-1.71,-0.01,-0.02,-0.01,8.40
243330,0.00,1001.15,30.21,1.56,9.85,-1.70,-0.01,-0.02,-0.01,8.40
243368,0.00,1001.15,30.21,1.60,9.81,-1.61,-0.01,-0.02,-0.01,8.40
243406,0.00,1001.15,30.22,1.53,9.83,-1.67,-0.01,-0.02,-0.01,8.40
243457,0.00,1001.16,30.22,1.62,9.86,-1.67,-0.01,-0.02,-0.01,8.40
243496,0.00,1001.16,30.22,1.61,9.83,-1.62,-0.01,-0.02,-0.01,8.40
243534,0.00,1001.16,30.22,1.55,9.83,-1.71,-0.01,-0.02,-0.01,8.40
243572,0.00,1001.16,30.22,1.58,9.84,-1.70,-0.01,-0.02,-0.01,8.40
243620,0.00,1001.16,30.22,1.61,9.82,-1.61,-0.01,-0.02,-0.00,8.40
243672,0.00,1001.16,30.22,1.57,9.76,-1.67,-0.01,-0.02,-0.01,8.40
243711,0.00,1001.16,30.22,1.58,9.76,-1.74,-0.01,-0.02,-0.01,8.40
243749,0.00,1001.16,30.21,1.63,9.82,-1.67,-0.01,-0.02,-0.01,8.40
243787,0.00,1001.16,30.21,1.61,9.83,-1.76,-0.01,-0.02,-0.00,8.40
243825,0.00,1001.15,30.21,1.58,9.79,-1.73,-0.01,-0.02,-0.01,8.40
243876,0.00,1001.15,30.22,1.62,9.85,-1.70,-0.01,-0.02,-0.01,8.40
243915,0.00,1001.14,30.21,1.62,9.80,-1.61,-0.01,-0.02,-0.01,8.40
243953,0.00,1001.14,30.21,1.59,9.81,-1.60,-0.01,-0.02,-0.01,8.40
243991,0.00,1001.14,30.21,1.61,9.84,-1.70,-0.01,-0.02,-0.01,8.40
244029,0.00,1001.14,30.21,1.55,9.82,-1.64,-0.01,-0.02,-0.01,8.40
244080,0.00,1001.15,30.22,1.60,9.83,-1.68,-0.01,-0.02,-0.01,8.40
244126,0.00,1001.15,30.22,1.58,9.78,-1.69,-0.01,-0.02,-0.01,8.40
244165,0.00,1001.15,30.21,1.61,9.82,-1.71,-0.01,-0.02,-0.01,8.41
244203,0.00,1001.15,30.21,1.52,9.82,-1.63,-0.01,-0.02,-0.01,8.41
244241,0.00,1001.15,30.21,1.57,9.81,-1.67,-0.01,-0.02,-0.01,8.41
244292,0.00,1001.15,30.21,1.61,9.77,-1.60,-0.01,-0.02,-0.01,8.41
244331,0.00,1001.14,30.21,1.58,9.86,-1.67,-0.01,-0.02,-0.01,8.41
244369,0.00,1001.15,30.21,1.58,9.81,-1.68,-0.01,-0.02,-0.01,8.41
244407,0.00,1001.14,30.21,1.59,9.80,-1.66,-0.01,-0.02,-0.00,8.41
244445,0.00,1001.14,30.21,1.61,9.83,-1.65,-0.01,-0.02,-0.01,8.41
244496,0.00,1001.14,30.22,1.57,9.84,-1.68,-0.01,-0.02,-0.01,8.41
244535,0.00,1001.13,30.21,1.55,9.84,-1.69,-0.01,-0.02,-0.01,8.41
244573,0.00,1001.13,30.21,1.60,9.78,-1.69,-0.01,-0.02,-0.01,8.40
244611,0.00,1001.13,30.21,1.50,9.82,-1.69,-0.01,-0.02,-0.01,8.40
244659,0.00,1001.14,30.21,1.56,9.81,-1.58,-0.01,-0.02,-0.01,8.40
244711,0.00,1001.14,30.21,1.59,9.85,-1.70,-0.01,-0.02,-0.01,8.40
244750,0.00,1001.14,30.21,1.57,9.82,-1.61,-0.01,-0.02,-0.01,8.40
244788,0.00,1001.14,30.21,1.54,9.84,-1.72,-0.01,-0.02,-0.00,8.40
244826,0.00,1001.14,30.21,1.61,9.84,-1.74,-0.01,-0.02,-0.01,8.40
244864,0.00,1001.14,30.21,1.62,9.79,-1.67,-0.01,-0.02,-0.01,8.41
244915,0.00,1001.14,30.21,1.55,9.79,-1.64,-0.01,-0.02,-0.01,8.40
244954,0.00,1001.14,30.21,1.57,9.83,-1.73,-0.01,-0.02,-0.01,8.40
244992,0.00,1001.14,30.21,1.63,9.87,-1.58,-0.01,-0.02,-0.01,8.40
245030,0.00,1001.15,30.21,1.59,9.85,-1.69,-0.01,-0.02,-0.00,8.41
245068,0.00,1001.14,30.21,1.64,9.85,-1.76,-0.01,-0.02,-0.01,8.41
245119,0.00,1001.14,30.22,1.60,9.79,-1.68,-0.01,-0.02,-0.01,8.41
245173,0.00,1001.14,30.21,1.58,9.77,-1.70,-0.01,-0.02,-0.01,8.41
245212,0.00,1001.15,30.21,1.58,9.80,-1.66,-0.01,-0.02,-0.01,8.41
245250,0.00,1001.15,30.21,1.57,9.79,-1.56,-0.01,-0.02,-0.01,8.41
245288,0.00,1001.15,30.21,1.63,9.78,-1.66,-0.01,-0.02,-0.01,8.41
245339,0.00,1001.15,30.21,1.58,9.83,-1.77,-0.01,-0.02,-0.00,8.41
245378,0.00,1001.15,30.21,1.57,9.82,-1.69,-0.01,-0.02,-0.01,8.41
245416,0.00,1001.15,30.21,1.56,9.76,-1.66,-0.01,-0.02,-0.01,8.41
245454,0.00,1001.15,30.21,1.60,9.82,-1.63,-0.01,-0.02,-0.01,8.41
245492,0.00,1001.16,30.21,1.56,9.89,-1.64,-0.01,-0.03,-0.01,8.41
245543,0.00,1001.15,30.21,1.54,9.77,-1.70,-0.01,-0.02,-0.01,8.40
245582,0.00,1001.14,30.21,1.63,9.76,-1.75,-0.01,-0.02,-0.01,8.41
245620,0.00,1001.15,30.21,1.58,9.81,-1.65,-0.01,-0.02,-0.01,8.41
245666,0.00,1001.15,30.21,1.58,9.79,-1.70,-0.01,-0.02,-0.01,8.41
245705,0.00,1001.15,30.21,1.65,9.83,-1.69,-0.01,-0.02,-0.01,8.41
245757,0.00,1001.16,30.21,1.58,9.81,-1.58,-0.01,-0.02,-0.01,8.41
245796,0.00,1001.15,30.21,1.57,9.81,-1.73,-0.01,-0.02,-0.01,8.41
245834,0.00,1001.15,30.21,1.56,9.81,-1.75,-0.01,-0.02,-0.01,8.41
245872,0.00,1001.15,30.21,1.58,9.80,-1.67,-0.01,-0.02,-0.01,8.41
245910,0.00,1001.15,30.21,1.52,9.90,-1.66,-0.01,-0.02,-0.01,8.41
245961,0.00,1001.14,30.21,1.57,9.87,-1.73,-0.01,-0.02,-0.00,8.41
246000,0.00,1001.14,30.21,1.59,9.81,-1.69,-0.01,-0.02,-0.01,8.41
246038,0.00,1001.15,30.21,1.60,9.87,-1.68,-0.01,-0.02,-0.01,8.41
246076,0.00,1001.14,30.21,1.60,9.84,-1.69,-0.01,-0.02,-0.01,8.41
246114,0.00,1001.15,30.21,1.53,9.84,-1.68,-0.01,-0.02,-0.01,8.41
246165,0.00,1001.15,30.21,1.58,9.80,-1.68,-0.01,-0.02,-0.01,8.41
246213,0.00,1001.15,30.21,1.55,9.82,-1.65,-0.01,-0.02,-0.01,8.41
246252,0.00,1001.15,30.21,1.60,9.80,-1.71,-0.01,-0.02,-0.01,8.41
246290,0.00,1001.15,30.21,1.60,9.82,-1.69,-0.01,-0.02,-0.01,8.41
246328,0.00,1001.15,30.21,1.59,9.84,-1.70,-0.01,-0.02,-0.01,8.41
246379,0.00,1001.14,30.21,1.58,9.84,-1.73,-0.01,-0.02,-0.01,8.41
246418,0.00,1001.15,30.21,1.63,9.82,-1.75,-0.01,-0.02,-0.01,8.41
246456,0.00,1001.15,30.21,1.53,9.82,-1.58,-0.01,-0.02,-0.01,8.41
246494,0.00,1001.14,30.21,1.57,9.85,-1.56,-0.01,-0.02,-0.01,8.41
246532,0.00,1001.13,30.21,1.58,9.86,-1.65,-0.01,-0.02,-0.01,8.41
246583,0.00,1001.13,30.21,1.63,9.84,-1.67,-0.01,-0.02,-0.00,8.41
246622,0.00,1001.13,30.21,1.61,9.84,-1.71,-0.01,-0.02,-0.01,8.41
246660,0.00,1001.13,30.21,1.59,9.76,-1.68,-0.01,-0.02,-0.01,8.41
246698,0.00,1001.14,30.21,1.60,9.80,-1.69,-0.01,-0.02,-0.01,8.42
246746,0.00,1001.14,30.21,1.61,9.89,-1.66,-0.01,-0.02,-0.01,8.41
246798,0.00,1001.14,30.21,1.57,9.78,-1.60,-0.01,-0.02,-0.01,8.41
246837,0.00,1001.15,30.21,1.68,9.79,-1.71,-0.01,-0.02,-0.00,8.41
246875,0.00,1001.15,30.21,1.57,9.83,-1.74,-0.01,-0.02,-0.01,8.41
246913,0.00,1001.15,30.21,1.59,9.85,-1.62,-0.01,-0.02,-0.01,8.41
246951,0.00,1001.15,30.21,1.62,9.77,-1.70,-0.01,-0.02,-0.01,8.41
247002,0.00,1001.14,30.21,1.66,9.84,-1.64,-0.01,-0.02,-0.01,8.41
247041,0.00,1001.15,30.21,1.58,9.84,-1.67,-0.01,-0.02,-0.01,8.41
247079,0.00,1001.15,30.21,1.66,9.83,-1.70,-0.01,-0.02,-0.01,8.41
247117,0.00,1001.16,30.21,1.58,9.85,-1.70,-0.01,-0.02,-0.01,8.41
247155,0.00,1001.15,30.21,1.60,9.86,-1.69,-0.01,-0.02,-0.01,8.41
247206,0.00,1001.16,30.21,1.60,9.79,-1.74,-0.01,-0.02,-0.00,8.41
247252,0.00,1001.16,30.21,1.54,9.87,-1.70,-0.01,-0.02,-0.00,8.41
247291,0.00,1001.15,30.21,1.64,9.83,-1.66,-0.01,-0.02,-0.00,8.41
247329,0.00,1001.16,30.21,1.59,9.76,-1.69,-0.01,-0.02,-0.01,8.41
247367,0.00,1001.15,30.21,1.62,9.93,-1.61,-0.01,-0.02,-0.01,8.41
247418,0.00,1001.15,30.21,1.59,9.82,-1.69,-0.01,-0.02,-0.01,8.41
247457,0.00,1001.15,30.21,1.58,9.89,-1.63,-0.01,-0.02,-0.01,8.40
247495,0.00,1001.14,30.21,1.64,9.85,-1.70,-0.01,-0.02,-0.01,8.41
247533,0.00,1001.15,30.21,1.63,9.79,-1.60,-0.01,-0.02,-0.01,8.41
247571,0.00,1001.16,30.21,1.56,9.79,-1.63,-0.01,-0.02,-0.01,8.40
247622,0.00,1001.16,30.21,1.59,9.79,-1.60,-0.01,-0.02,-0.01,8.41
247661,0.00,1001.15,30.21,1.54,9.84,-1.65,-0.01,-0.02,-0.01,8.41
247699,0.00,1001.15,30.21,1.58,9.86,-1.73,-0.01,-0.02,-0.01,8.41
247737,0.00,1001.15,30.21,1.60,9.82,-1.70,-0.01,-0.02,-0.01,8.41
247785,0.00,1001.15,30.21,1.60,9.82,-1.63,-0.01,-0.02,-0.01,8.41
247837,0.00,1001.16,30.21,1.59,9.80,-1.68,-0.01,-0.02,-0.00,8.41
247876,0.00,1001.16,30.21,1.59,9.84,-1.63,-0.01,-0.02,-0.01,8.41
247914,0.00,1001.15,30.21,1.59,9.80,-1.64,-0.01,-0.02,-0.01,8.41
247952,0.00,1001.15,30.21,1.58,9.78,-1.72,-0.01,-0.02,-0.01,8.41
247990,0.00,1001.14,30.21,1.58,9.76,-1.64,-0.01,-0.02,-0.01,8.41
248041,0.00,1001.14,30.21,1.59,9.77,-1.70,-0.01,-0.02,-0.01,8.41
248080,0.00,1001.15,30.21,1.56,9.84,-1.62,-0.01,-0.02,-0.01,8.41
248118,0.00,1001.15,30.21,1.59,9.81,-1.69,-0.01,-0.02,-0.01,8.41
248156,0.00,1001.14,30.21,1.61,9.81,-1.69,-0.01,-0.02,-0.00,8.41
248194,0.00,1001.14,30.21,1.58,9.85,-1.60,-0.01,-0.02,-0.01,8.41
248245,0.00,1001.15,30.21,1.58,9.80,-1.69,-0.01,-0.02,-0.01,8.41
248291,0.00,1001.16,30.21,1.57,9.82,-1.62,-0.01,-0.02,-0.01,8.41
248330,0.00,1001.15,30.21,1.64,9.82,-1.58,-0.01,-0.02,-0.01,8.41
248368,0.00,1001.15,30.21,1.60,9.83,-1.66,-0.01,-0.02,-0.00,8.41
248406,0.00,1001.15,30.21,1.62,9.79,-1.63,-0.01,-0.02,-0.01,8.41
248457,0.00,1001.14,30.21,1.61,9.86,-1.70,-0.01,-0.02,-0.01,8.40
248496,0.00,1001.15,30.21,1.57,9.86,-1.70,-0.01,-0.02,-0.01,8.40
248534,0.00,1001.15,30.21,1.57,9.83,-1.72,-0.01,-0.02,-0.01,8.40
248572,0.00,1001.15,30.21,1.59,9.81,-1.72,-0.01,-0.02,-0.01,8.40
248610,0.00,1001.15,30.21,1.64,9.85,-1.66,-0.01,-0.02,-0.01,8.40
248661,0.00,1001.15,30.21,1.59,9.83,-1.66,-0.01,-0.02,-0.00,8.40
248700,0.00,1001.16,30.21,1.62,9.81,-1.62,-0.01,-0.02,-0.01,8.40
248738,0.00,1001.15,30.21,1.60,9.83,-1.73,-0.01,-0.02,-0.01,8.40
248776,0.00,1001.16,30.21,1.56,9.82,-1.67,-0.01,-0.02,-0.01,8.40
248824,0.00,1001.15,30.21,1.58,9.82,-1.63,-0.01,-0.02,-0.01,8.40
248876,0.00,1001.15,30.21,1.64,9.81,-1.77,-0.01,-0.02,-0.01,8.40
248915,0.00,1001.16,30.21,1.60,9.79,-1.65,-0.01,-0.02,-0.01,8.40
248953,0.00,1001.16,30.20,1.59,9.81,-1.68,-0.01,-0.02,-0.01,8.40
248991,0.00,1001.16,30.21,1.56,9.87,-1.70,-0.01,-0.02,-0.01,8.40
249029,0.00,1001.15,30.21,1.53,9.83,-1.68,-0.01,-0.02,-0.01,8.40
249080,0.00,1001.15,30.21,1.66,9.82,-1.71,-0.01,-0.02,-0.01,8.40
249119,0.00,1001.15,30.21,1.52,9.83,-1.69,-0.01,-0.02,-0.01,8.40
249157,0.00,1001.15,30.21,1.55,9.84,-1.64,-0.01,-0.02,-0.01,8.40
249195,0.00,1001.15,30.21,1.60,9.78,-1.70,-0.01,-0.02,-0.01,8.40
249233,0.00,1001.15,30.21,1.60,9.76,-1.70,-0.01,-0.02,-0.01,8.40
249284,0.00,1001.14,30.21,1.57,9.83,-1.71,-0.01,-0.02,-0.01,8.41
249332,0.00,1001.15,30.21,1.61,9.85,-1.70,-0.01,-0.02,-0.01,8.40
249371,0.00,1001.15,30.21,1.60,9.80,-1.63,-0.01,-0.02,-0.01,8.40
249409,0.00,1001.16,30.20,1.61,9.85,-1.70,-0.02,-0.02,-0.01,8.40
249447,0.00,1001.15,30.20,1.54,9.79,-1.70,-0.01,-0.03,-0.01,8.40
249498,0.00,1001.15,30.21,1.63,9.80,-1.71,-0.01,-0.02,-0.01,8.40
249537,0.00,1001.15,30.20,1.57,9.77,-1.70,-0.01,-0.02,-0.00,8.40
249575,0.00,1001.15,30.20,1.54,9.82,-1.71,-0.01,-0.02,-0.01,8.40
249613,0.00,1001.15,30.20,1.57,9.80,-1.57,-0.01,-0.02,-0.01,8.40
249651,0.00,1001.15,30.21,1.59,9.80,-1.68,-0.01,-0.02,-0.01,8.40
249702,0.00,1001.15,30.21,1.59,9.83,-1.64,-0.01,-0.02,-0.01,8.40
249741,0.00,1001.15,30.21,1.57,9.82,-1.71,-0.01,-0.02,-0.01,8.40
249779,0.00,1001.15,30.21,1.58,9.81,-1.69,-0.01,-0.02,-0.01,8.41
249817,0.00,1001.15,30.21,1.58,9.78,-1.70,-0.01,-0.02,-0.01,8.40
249863,0.00,1001.15,30.21,1.57,9.83,-1.68,-0.01,-0.02,-0.01,8.40
249915,0.00,1001.14,30.21,1.55,9.84,-1.71,-0.01,-0.02,-0.01,8.40
249954,0.00,1001.14,30.20,1.49,9.80,-1.75,-0.01,-0.02,-0.01,8.41
249992,0.00,1001.14,30.20,1.60,9.75,-1.67,-0.01,-0.03,-0.01,8.40
250030,0.00,1001.14,30.20,1.57,9.81,-1.67,-0.01,-0.02,-0.01,8.40
250068,0.00,1001.14,30.20,1.59,9.84,-1.70,-0.01,-0.02,-0.00,8.40
250119,0.00,1001.14,30.20,1.58,9.86,-1.65,-0.01,-0.02,-0.01,8.40
250158,0.00,1001.15,30.20,1.58,9.84,-1.68,-0.01,-0.02,-0.01,8.40
250196,0.00,1001.15,30.20,1.60,9.81,-1.66,-0.01,-0.02,-0.01,8.40
250234,0.00,1001.15,30.20,1.59,9.85,-1.77,-0.01,-0.02,-0.01,8.40
250272,0.00,1001.15,30.21,1.56,9.79,-1.69,-0.01,-0.02,-0.01,8.41
250323,0.00,1001.15,30.21,1.59,9.82,-1.69,-0.01,-0.02,-0.01,8.40
250371,0.00,1001.15,30.21,1.61,9.80,-1.60,-0.01,-0.02,-0.00,8.40
250410,0.00,1001.15,30.20,1.65,9.78,-1.64,-0.01,-0.02,-0.01,8.40
250448,0.00,1001.15,30.20,1.63,9.78,-1.66,-0.01,-0.02,-0.01,8.40
250486,0.00,1001.15,30.20,1.55,9.88,-1.65,-0.01,-0.02,-0.01,8.40
250537,0.00,1001.15,30.20,1.54,9.85,-1.69,-0.01,-0.02,-0.01,8.40
250576,0.00,1001.15,30.20,1.59,9.86,-1.68,-0.01,-0.02,-0.01,8.40
250614,0.00,1001.16,30.20,1.62,9.79,-1.62,-0.01,-0.02,-0.01,8.40
250652,0.00,1001.16,30.20,1.57,9.78,-1.60,-0.01,-0.02,-0.01,8.40
250690,0.00,1001.16,30.21,1.63,9.81,-1.72,-0.01,-0.02,-0.01,8.40
250741,0.00,1001.15,30.21,1.53,9.81,-1.73,-0.01,-0.02,-0.01,8.40
250780,0.00,1001.15,30.21,1.56,9.80,-1.72,-0.01,-0.02,-0.01,8.40
250818,0.00,1001.15,30.21,1.62,9.81,-1.66,-0.01,-0.02,-0.01,8.40
250856,0.00,1001.15,30.21,1.58,9.84,-1.71,-0.01,-0.02,-0.01,8.40
250902,0.00,1001.15,30.21,1.64,9.83,-1.75,-0.01,-0.02,-0.01,8.41
250954,0.00,1001.15,30.21,1.54,9.80,-1.68,-0.01,-0.02,-0.01,8.41
250993,0.00,1001.16,30.20,1.55,9.82,-1.74,-0.01,-0.02,-0.00,8.41
251031,0.00,1001.16,30.20,1.60,9.84,-1.66,-0.01,-0.03,-0.01,8.41
251069,0.00,1001.16,30.20,1.60,9.83,-1.74,-0.01,-0.02,-0.01,8.41
251107,0.00,1001.16,30.20,1.60,9.81,-1.66,-0.01,-0.02,-0.01,8.40
251158,0.00,1001.16,30.20,1.60,9.84,-1.75,-0.01,-0.02,-0.01,8.40
251197,0.00,1001.15,30.20,1.60,9.83,-1.66,-0.01,-0.02,-0.01,8.40
251235,0.00,1001.16,30.20,1.62,9.78,-1.68,-0.01,-0.02,-0.01,8.40
251273,0.00,1001.15,30.20,1.58,9.88,-1.62,-0.01,-0.02,-0.01,8.41
251311,0.00,1001.16,30.20,1.56,9.84,-1.70,-0.01,-0.02,-0.01,8.40
251362,0.00,1001.16,30.21,1.58,9.78,-1.64,-0.01,-0.02,-0.01,8.40
251410,0.00,1001.16,30.21,1.57,9.81,-1.69,-0.01,-0.02,-0.01,8.41
251449,0.00,1001.16,30.20,1.59,9.88,-1.66,-0.01,-0.02,-0.01,8.40
251487,0.00,1001.16,30.20,1.65,9.79,-1.68,-0.01,-0.02,-0.01,8.40
251525,0.00,1001.15,30.20,1.63,9.83,-1.63,-0.01,-0.02,-0.00,8.40
251576,0.00,1001.15,30.20,1.57,9.84,-1.76,-0.01,-0.02,-0.01,8.41
251615,0.00,1001.15,30.20,1.58,9.85,-1.62,-0.01,-0.02,-0.01,8.41
251653,0.00,1001.15,30.20,1.58,9.82,-1.56,-0.01,-0.02,-0.01,8.41
251691,0.00,1001.14,30.20,1.58,9.82,-1.60,-0.01,-0.02,-0.01,8.41
251729,0.00,1001.15,30.20,1.61,9.81,-1.62,-0.01,-0.02,-0.01,8.41
251780,0.00,1001.14,30.21,1.64,9.76,-1.75,-0.01,-0.02,-0.01,8.41
251819,0.00,1001.14,30.20,1.58,9.82,-1.66,-0.01,-0.02,-0.01,8.41
251857,0.00,1001.14,30.20,1.61,9.80,-1.63,-0.01,-0.02,-0.00,8.41
251895,0.00,1001.14,30.20,1.59,9.83,-1.68,-0.01,-0.02,-0.01,8.41
251943,0.00,1001.15,30.20,1.56,9.84,-1.65,-0.01,-0.02,-0.01,8.41
251995,0.00,1001.15,30.20,1.60,9.86,-1.64,-0.01,-0.02,-0.01,8.40
252034,0.00,1001.16,30.20,1.58,9.83,-1.64,-0.01,-0.02,-0.01,8.40
252072,0.00,1001.15,30.20,1.61,9.79,-1.75,-0.01,-0.02,-0.01,8.40
252110,0.00,1001.15,30.20,1.59,9.85,-1.68,-0.01,-0.02,-0.01,8.40
252148,0.00,1001.15,30.20,1.55,9.81,-1.76,-0.01,-0.02,-0.01,8.41
252199,0.00,1001.15,30.20,1.55,9.82,-1.61,-0.01,-0.02,-0.01,8.41
252238,0.00,1001.15,30.20,1.56,9.80,-1.72,-0.01,-0.02,-0.01,8.41
252276,0.00,1001.15,30.20,1.57,9.80,-1.66,-0.01,-0.02,-0.01,8.41
252314,0.00,1001.14,30.20,1.55,9.80,-1.65,-0.01,-0.02,-0.01,8.41
252352,0.00,1001.15,30.20,1.58,9.77,-1.64,-0.01,-0.02,-0.01,8.41
252403,0.00,1001.15,30.20,1.59,9.78,-1.70,-0.01,-0.02,-0.01,8.40
252449,0.00,1001.14,30.20,1.60,9.80,-1.65,-0.01,-0.02,-0.01,8.40
252488,0.00,1001.15,30.20,1.55,9.78,-1.69,-0.01,-0.02,-0.01,8.40
252526,0.00,1001.15,30.20,1.57,9.86,-1.68,-0.01,-0.02,-0.01,8.40
252564,0.00,1001.16,30.20,1.58,9.80,-1.70,-0.01,-0.02,-0.01,8.40
252615,0.00,1001.15,30.20,1.59,9.85,-1.66,-0.01,-0.02,-0.00,8.40
252654,0.00,1001.14,30.20,1.58,9.81,-1.65,-0.01,-0.02,-0.01,8.40
252692,0.00,1001.14,30.20,1.57,9.74,-1.62,-0.01,-0.02,-0.00,8.40
252730,0.00,1001.14,30.20,1.64,9.77,-1.68,-0.00,-0.02,-0.01,8.40
252768,0.00,1001.14,30.20,1.58,9.82,-1.67,-0.01,-0.02,-0.00,8.40
252819,0.00,1001.14,30.20,1.55,9.84,-1.65,-0.01,-0.02,-0.00,8.40
252858,0.00,1001.14,30.20,1.54,9.83,-1.65,-0.01,-0.02,-0.00,8.40
252896,0.00,1001.15,30.20,1.56,9.81,-1.74,-0.01,-0.02,-0.01,8.40
252934,0.00,1001.15,30.20,1.59,9.83,-1.73,-0.01,-0.02,-0.01,8.40
252982,0.00,1001.15,30.20,1.57,9.85,-1.65,-0.01,-0.02,-0.00,8.40
253034,0.00,1001.15,30.20,1.63,9.79,-1.61,-0.01,-0.02,-0.01,8.40
253073,0.00,1001.14,30.20,1.65,9.78,-1.78,-0.01,-0.02,-0.01,8.40
253111,0.00,1001.15,30.20,1.63,9.86,-1.78,-0.01,-0.02,-0.01,8.40
253149,0.00,1001.15,30.20,1.64,9.84,-1.74,-0.01,-0.02,-0.01,8.41
253187,0.00,1001.15,30.20,1.60,9.77,-1.73,-0.01,-0.02,-0.01,8.41
253238,0.00,1001.16,30.20,1.53,9.86,-1.66,-0.01,-0.02,-0.01,8.41
253277,0.00,1001.15,30.20,1.58,9.84,-1.61,-0.01,-0.02,-0.01,8.41
253315,0.00,1001.15,30.20,1.62,9.80,-1.70,-0.01,-0.02,-0.01,8.40
253353,0.00,1001.15,30.20,1.62,9.82,-1.60,-0.01,-0.02,-0.01,8.40
253391,0.00,1001.15,30.20,1.57,9.88,-1.60,-0.01,-0.02,-0.00,8.40
253442,0.00,1001.15,30.20,1.61,9.90,-1.73,-0.01,-0.02,-0.00,8.40
253488,0.00,1001.16,30.20,1.58,9.83,-1.61,-0.01,-0.02,-0.00,8.40
253527,0.00,1001.16,30.20,1.56,9.76,-1.68,-0.01,-0.02,-0.01,8.40
253565,0.00,1001.15,30.20,1.55,9.81,-1.68,-0.01,-0.02,-0.00,8.40
253603,0.00,1001.15,30.20,1.64,9.80,-1.72,-0.01,-0.02,-0.01,8.40
253654,0.00,1001.15,30.20,1.58,9.82,-1.69,-0.01,-0.02,-0.01,8.40
253693,0.00,1001.16,30.20,1.57,9.86,-1.69,-0.01,-0.02,-0.01,8.40
253731,0.00,1001.16,30.20,1.58,9.73,-1.74,-0.01,-0.02,-0.01,8.40
253769,0.00,1001.15,30.20,1.59,9.83,-1.62,-0.01,-0.02,-0.00,8.40
253807,0.00,1001.15,30.20,1.56,9.84,-1.63,-0.01,-0.02,-0.01,8.40
253858,0.00,1001.14,30.20,1.57,9.84,-1.70,-0.01,-0.02,-0.01,8.40
253897,0.00,1001.14,30.20,1.61,9.79,-1.67,-0.01,-0.02,-0.01,8.41
253935,0.00,1001.14,30.20,1.55,9.84,-1.67,-0.01,-0.02,-0.01,8.41
253973,0.00,1001.14,30.20,1.51,9.79,-1.69,-0.01,-0.02,-0.00,8.41
254021,0.00,1001.15,30.20,1.61,9.87,-1.64,-0.01,-0.02,-0.01,8.41
254073,0.00,1001.15,30.20,1.58,9.85,-1.63,-0.01,-0.02,-0.01,8.41
254112,0.00,1001.16,30.20,1.61,9.84,-1.63,-0.01,-0.02,-0.01,8.41
254150,0.00,1001.16,30.20,1.61,9.82,-1.67,-0.01,-0.02,-0.01,8.40
254188,0.00,1001.15,30.20,1.61,9.84,-1.74,-0.01,-0.02,-0.01,8.40
254226,0.00,1001.15,30.20,1.62,9.80,-1.69,-0.01,-0.02,-0.01,8.40
254277,0.00,1001.15,30.20,1.59,9.83,-1.61,-0.01,-0.02,-0.01,8.40
254316,0.00,1001.15,30.20,1.57,9.81,-1.73,-0.01,-0.02,-0.01,8.40
254354,0.00,1001.15,30.20,1.58,9.81,-1.68,-0.01,-0.02,-0.01,8.40
254392,0.00,1001.14,30.20,1.54,9.83,-1.68,-0.01,-0.02,-0.01,8.40
254430,0.00,1001.15,30.20,1.62,9.82,-1.73,-0.01,-0.02,-0.01,8.41
254481,0.00,1001.15,30.20,1.61,9.82,-1.71,-0.01,-0.02,-0.01,8.41
254535,0.00,1001.14,30.20,1.57,9.79,-1.74,-0.01,-0.02,-0.01,8.41
254574,0.00,1001.15,30.20,1.62,9.82,-1.62,-0.01,-0.02,-0.01,8.41
254612,0.00,1001.15,30.20,1.56,9.83,-1.63,-0.01,-0.02,-0.01,8.41
254650,0.00,1001.15,30.20,1.61,9.83,-1.65,-0.01,-0.02,-0.01,8.41
254701,0.00,1001.15,30.20,1.58,9.82,-1.67,-0.01,-0.02,-0.01,8.41
254740,0.00,1001.15,30.20,1.56,9.81,-1.65,-0.01,-0.02,-0.01,8.41
254778,0.00,1001.15,30.19,1.58,9.77,-1.69,-0.01,-0.02,-0.01,8.41
254816,0.00,1001.15,30.20,1.57,9.79,-1.70,-0.01,-0.02,-0.01,8.41
254854,0.00,1001.14,30.20,1.61,9.83,-1.63,-0.01,-0.02,-0.01,8.41
254905,0.00,1001.14,30.20,1.65,9.83,-1.70,-0.01,-0.02,-0.01,8.41
254944,0.00,1001.15,30.20,1.58,9.81,-1.61,-0.01,-0.02,-0.01,8.41
254982,0.00,1001.14,30.20,1.61,9.80,-1.64,-0.00,-0.02,-0.01,8.41
255028,0.00,1001.13,30.20,1.64,9.77,-1.74,-0.01,-0.02,-0.01,8.41
255067,0.00,1001.14,30.20,1.56,9.84,-1.67,-0.01,-0.02,-0.01,8.41
255119,0.00,1001.13,30.20,1.62,9.79,-1.75,-0.01,-0.02,-0.01,8.41
255158,0.00,1001.14,30.19,1.62,9.85,-1.67,-0.01,-0.02,-0.01,8.41
255196,0.00,1001.15,30.19,1.62,9.82,-1.72,-0.01,-0.02,-0.01,8.41
255234,0.00,1001.15,30.20,1.57,9.84,-1.79,-0.01,-0.02,-0.01,8.41
255272,0.00,1001.15,30.20,1.58,9.79,-1.70,-0.01,-0.02,-0.01,8.41
255323,0.00,1001.14,30.20,1.56,9.85,-1.69,-0.01,-0.02,-0.01,8.41
255362,0.00,1001.15,30.20,1.62,9.81,-1.70,-0.01,-0.02,-0.01,8.41
255400,0.00,1001.14,30.20,1.58,9.79,-1.61,-0.01,-0.02,-0.00,8.41
255438,0.00,1001.14,30.20,1.58,9.82,-1.62,-0.01,-0.02,-0.01,8.41
255476,0.00,1001.14,30.20,1.58,9.84,-1.68,-0.01,-0.02,-0.01,8.41
255527,0.00,1001.14,30.20,1.59,9.81,-1.73,-0.01,-0.02,-0.01,8.41
255586,0.00,1001.14,30.20,1.58,9.88,-1.68,-0.01,-0.02,-0.01,8.41
255625,0.00,1001.14,30.20,1.63,9.83,-1.68,-0.01,-0.02,-0.01,8.41
255663,0.00,1001.14,30.19,1.57,9.80,-1.62,-0.01,-0.02,-0.01,8.41
255701,0.00,1001.14,30.19,1.58,9.78,-1.62,-0.01,-0.02,-0.00,8.41
255752,0.00,1001.16,30.19,1.55,9.83,-1.65,-0.01,-0.02,-0.01,8.41
255791,0.00,1001.15,30.19,1.57,9.83,-1.70,-0.01,-0.02,-0.01,8.41
255829,0.00,1001.15,30.19,1.61,9.86,-1.59,-0.01,-0.02,-0.01,8.41
255867,0.00,1001.15,30.19,1.62,9.85,-1.67,-0.01,-0.02,-0.01,8.41
255905,0.00,1001.15,30.20,1.59,9.80,-1.68,-0.01,-0.02,-0.01,8.41
255956,0.00,1001.14,30.20,1.64,9.79,-1.70,-0.01,-0.02,-0.00,8.41
255995,0.00,1001.14,30.20,1.57,9.81,-1.65,-0.01,-0.02,-0.01,8.41
256033,0.00,1001.14,30.20,1.56,9.81,-1.66,-0.01,-0.02,-0.01,8.41
256081,0.00,1001.14,30.20,1.65,9.83,-1.72,-0.01,-0.02,-0.01,8.41
256120,0.00,1001.14,30.20,1.60,9.80,-1.65,-0.01,-0.02,-0.00,8.40
256172,0.00,1001.14,30.19,1.58,9.80,-1.66,-0.01,-0.02,-0.01,8.41
256211,0.00,1001.14,30.19,1.58,9.84,-1.68,-0.01,-0.02,-0.00,8.41
256249,0.00,1001.13,30.19,1.54,9.81,-1.71,-0.01,-0.02,-0.01,8.40
256287,0.00,1001.14,30.19,1.63,9.86,-1.66,-0.01,-0.02,-0.01,8.41
256325,0.00,1001.14,30.19,1.61,9.84,-1.66,-0.01,-0.02,-0.01,8.41
256376,0.00,1001.14,30.20,1.56,9.79,-1.70,-0.01,-0.02,-0.01,8.41
256415,0.00,1001.15,30.20,1.64,9.85,-1.71,-0.00,-0.02,-0.01,8.41
256453,0.00,1001.15,30.20,1.58,9.85,-1.62,-0.01,-0.03,-0.01,8.41
256491,0.00,1001.13,30.20,1.61,9.82,-1.67,-0.01,-0.02,-0.01,8.41
256529,0.00,1001.13,30.20,1.63,9.80,-1.78,-0.01,-0.02,-0.01,8.41
256580,0.00,1001.13,30.20,1.62,9.82,-1.68,-0.01,-0.02,-0.01,8.41
256628,0.00,1001.13,30.20,1.54,9.82,-1.63,-0.01,-0.02,-0.01,8.41
256667,0.00,1001.13,30.20,1.58,9.81,-1.68,-0.01,-0.02,-0.01,8.41
256705,0.00,1001.13,30.19,1.56,9.84,-1.63,-0.01,-0.02,-0.00,8.41
256743,0.00,1001.14,30.19,1.60,9.84,-1.69,-0.01,-0.02,-0.01,8.41
256794,0.00,1001.14,30.20,1.59,9.80,-1.68,-0.01,-0.02,-0.01,8.41
256833,0.00,1001.14,30.19,1.57,9.82,-1.72,-0.01,-0.02,-0.01,8.41
256871,0.00,1001.14,30.19,1.60,9.84,-1.66,-0.01,-0.02,-0.00,8.41
256909,0.00,1001.15,30.19,1.56,9.82,-1.60,-0.01,-0.02,-0.01,8.41
256947,0.00,1001.15,30.20,1.60,9.79,-1.72,-0.01,-0.02,-0.00,8.41
256998,0.00,1001.15,30.20,1.62,9.81,-1.65,-0.01,-0.02,-0.01,8.41
257037,0.00,1001.15,30.20,1.62,9.82,-1.72,-0.01,-0.02,-0.01,8.41
257075,0.00,1001.15,30.20,1.54,9.84,-1.70,-0.01,-0.02,-0.01,8.41
257113,0.00,1001.14,30.20,1.59,9.78,-1.63,-0.01,-0.02,-0.01,8.41
257161,0.00,1001.14,30.20,1.58,9.84,-1.58,-0.01,-0.02,-0.01,8.41
257213,0.00,1001.14,30.20,1.67,9.83,-1.71,-0.01,-0.02,-0.01,8.41
257252,0.00,1001.14,30.20,1.55,9.83,-1.74,-0.01,-0.02,-0.01,8.41
257290,0.00,1001.14,30.19,1.58,9.76,-1.75,-0.01,-0.02,-0.01,8.41
257328,0.00,1001.14,30.19,1.58,9.87,-1.74,-0.01,-0.02,-0.01,8.41
257366,0.00,1001.14,30.19,1.60,9.82,-1.73,-0.01,-0.02,-0.01,8.41
257417,0.00,1001.14,30.20,1.60,9.84,-1.61,-0.01,-0.02,-0.01,8.41
257456,0.00,1001.14,30.19,1.66,9.85,-1.64,-0.01,-0.02,-0.01,8.41
257494,0.00,1001.14,30.19,1.56,9.91,-1.70,-0.01,-0.02,-0.01,8.41
257532,0.00,1001.14,30.19,1.59,9.83,-1.65,-0.01,-0.02,-0.01,8.41
257570,0.00,1001.15,30.20,1.57,9.78,-1.68,-0.01,-0.02,-0.01,8.41
257621,0.00,1001.15,30.20,1.63,9.84,-1.59,-0.01,-0.02,-0.01,8.41
257667,0.00,1001.14,30.20,1.58,9.81,-1.65,-0.01,-0.02,-0.01,8.41
257706,0.00,1001.14,30.19,1.60,9.81,-1.70,-0.01,-0.02,-0.01,8.41
257744,0.00,1001.14,30.19,1.55,9.79,-1.66,-0.01,-0.02,-0.01,8.41
257782,0.00,1001.15,30.19,1.58,9.83,-1.72,-0.01,-0.02,-0.01,8.41
257833,0.00,1001.15,30.19,1.63,9.84,-1.73,-0.01,-0.02,-0.01,8.41
257872,0.00,1001.15,30.19,1.61,9.80,-1.70,-0.01,-0.02,-0.01,8.41
257910,0.00,1001.14,30.19,1.63,9.81,-1.64,-0.01,-0.02,-0.01,8.41
257948,0.00,1001.15,30.19,1.61,9.80,-1.75,-0.01,-0.02,-0.01,8.41
257986,0.00,1001.14,30.20,1.56,9.83,-1.61,-0.01,-0.02,-0.01,8.41
258037,0.00,1001.14,30.20,1.58,9.87,-1.63,-0.01,-0.02,-0.01,8.41
258076,0.00,1001.15,30.20,1.57,9.78,-1.66,-0.01,-0.02,-0.00,8.40
258114,0.00,1001.15,30.19,1.58,9.78,-1.66,-0.01,-0.02,-0.00,8.40
258152,0.00,1001.14,30.20,1.63,9.84,-1.71,-0.01,-0.02,-0.01,8.40
258200,0.00,1001.14,30.20,1.58,9.84,-1.70,-0.01,-0.02,-0.01,8.41
258252,0.00,1001.14,30.20,1.60,9.79,-1.72,-0.01,-0.02,-0.01,8.41
258291,0.00,1001.14,30.19,1.59,9.85,-1.69,-0.01,-0.02,-0.01,8.40
258329,0.00,1001.14,30.19,1.58,9.89,-1.63,-0.01,-0.02,-0.01,8.40
258367,0.00,1001.14,30.19,1.57,9.85,-1.72,-0.01,-0.02,-0.01,8.41
258405,0.00,1001.14,30.19,1.57,9.78,-1.67,-0.01,-0.02,-0.01,8.40
258456,0.00,1001.14,30.19,1.57,9.82,-1.66,-0.01,-0.02,-0.01,8.41
258495,0.00,1001.15,30.19,1.57,9.80,-1.65,-0.01,-0.02,-0.01,8.41
258533,0.00,1001.15,30.19,1.60,9.79,-1.77,-0.01,-0.02,-0.01,8.41
258571,0.00,1001.13,30.19,1.61,9.88,-1.69,-0.01,-0.02,-0.01,8.41
258609,0.00,1001.13,30.19,1.52,9.83,-1.71,-0.01,-0.02,-0.01,8.41
258660,0.00,1001.14,30.20,1.54,9.88,-1.62,-0.01,-0.02,-0.00,8.41
258708,0.00,1001.14,30.19,1.52,9.80,-1.64,-0.01,-0.02,-0.01,8.41
258747,0.00,1001.14,30.19,1.60,9.85,-1.74,-0.01,-0.02,-0.01,8.41
258785,0.00,1001.14,30.19,1.57,9.81,-1.69,-0.01,-0.02,-0.01,8.41
258823,0.00,1001.14,30.19,1.57,9.80,-1.70,-0.01,-0.02,-0.01,8.41
258874,0.00,1001.15,30.19,1.57,9.86,-1.68,-0.01,-0.02,-0.00,8.41
258913,0.00,1001.14,30.19,1.62,9.89,-1.68,-0.01,-0.02,-0.01,8.41
258951,0.00,1001.15,30.19,1.60,9.84,-1.65,-0.01,-0.02,-0.01,8.41
258989,0.00,1001.15,30.19,1.57,9.73,-1.69,-0.01,-0.02,-0.01,8.41
259027,0.00,1001.16,30.19,1.56,9.79,-1.68,-0.01,-0.02,-0.01,8.41
259078,0.00,1001.15,30.20,1.60,9.82,-1.73,-0.01,-0.02,-0.01,8.41
259117,0.00,1001.14,30.19,1.61,9.81,-1.63,-0.01,-0.02,-0.01,8.41
259155,0.00,1001.14,30.19,1.59,9.86,-1.65,-0.01,-0.02,-0.01,8.41
259193,0.00,1001.14,30.19,1.60,9.87,-1.64,-0.01,-0.02,-0.01,8.41
259239,0.00,1001.15,30.20,1.62,9.84,-1.70,-0.01,-0.02,-0.01,8.41
259291,0.00,1001.14,30.19,1.51,9.86,-1.62,-0.01,-0.02,-0.01,8.41
259330,0.00,1001.14,30.19,1.62,9.84,-1.67,-0.01,-0.02,-0.01,8.42
259368,0.00,1001.14,30.19,1.59,9.86,-1.72,-0.01,-0.02,-0.01,8.41
259406,0.00,1001.14,30.19,1.57,9.81,-1.69,-0.01,-0.02,-0.01,8.41
259444,0.00,1001.14,30.19,1.57,9.80,-1.66,-0.01,-0.02,-0.01,8.41
259495,0.00,1001.15,30.19,1.57,9.82,-1.70,-0.01,-0.02,-0.01,8.41
259534,0.00,1001.15,30.19,1.59,9.78,-1.70,-0.01,-0.02,-0.01,8.41
259572,0.00,1001.15,30.19,1.63,9.86,-1.63,-0.01,-0.02,-0.01,8.42
259610,0.00,1001.15,30.19,1.58,9.82,-1.65,-0.01,-0.02,-0.00,8.42
259648,0.00,1001.15,30.19,1.63,9.86,-1.66,-0.01,-0.02,-0.01,8.41
259699,0.00,1001.15,30.19,1.62,9.82,-1.60,-0.01,-0.02,-0.00,8.41
259747,0.00,1001.14,30.19,1.62,9.84,-1.68,-0.01,-0.02,-0.01,8.41
259786,0.00,1001.14,30.19,1.63,9.81,-1.67,-0.01,-0.02,-0.01,8.41
259824,0.00,1001.14,30.19,1.60,9.85,-1.65,-0.01,-0.02,-0.01,8.42
259862,0.00,1001.14,30.19,1.62,9.86,-1.65,-0.01,-0.02,-0.01,8.42
259913,0.00,1001.14,30.19,1.60,9.79,-1.66,-0.01,-0.02,-0.00,8.41
259952,0.00,1001.14,30.19,1.60,9.86,-1.68,-0.01,-0.02,-0.01,8.41
259990,0.00,1001.14,30.19,1.62,9.82,-1.68,-0.01,-0.02,-0.01,8.41
260028,0.00,1001.14,30.19,1.54,9.84,-1.76,-0.01,-0.02,-0.01,8.41
260066,0.00,1001.14,30.19,1.63,9.85,-1.65,-0.01,-0.02,-0.01,8.41
260117,0.00,1001.14,30.19,1.60,9.83,-1.67,-0.01,-0.02,-0.01,8.41
260156,0.00,1001.14,30.19,1.56,9.85,-1.72,-0.01,-0.02,-0.01,8.41
260194,0.00,1001.15,30.19,1.59,9.83,-1.67,-0.01,-0.02,-0.01,8.41
260232,0.00,1001.15,30.19,1.56,9.81,-1.52,-0.01,-0.02,-0.01,8.41
260278,0.00,1001.14,30.19,1.60,9.81,-1.68,-0.01,-0.02,-0.01,8.41
260330,0.00,1001.14,30.19,1.63,9.83,-1.63,-0.01,-0.02,-0.00,8.41
260369,0.00,1001.14,30.19,1.59,9.81,-1.74,-0.01,-0.02,-0.00,8.41
260407,0.00,1001.14,30.19,1.56,9.80,-1.61,-0.01,-0.02,-0.01,8.41
260445,0.00,1001.14,30.19,1.58,9.78,-1.67,-0.01,-0.02,-0.01,8.41
260483,0.00,1001.14,30.19,1.57,9.82,-1.70,-0.01,-0.02,-0.00,8.41
260534,0.00,1001.14,30.19,1.58,9.77,-1.69,-0.01,-0.02,-0.01,8.41
260573,0.00,1001.14,30.19,1.58,9.87,-1.67,-0.01,-0.02,-0.01,8.41
260611,0.00,1001.14,30.19,1.62,9.82,-1.65,-0.01,-0.02,-0.01,8.41
260649,0.00,1001.14,30.19,1.63,9.81,-1.72,-0.01,-0.02,-0.01,8.41
260687,0.00,1001.14,30.19,1.57,9.84,-1.71,-0.01,-0.02,-0.01,8.41
260738,0.00,1001.13,30.19,1.59,9.84,-1.66,-0.01,-0.02,-0.01,8.41
260786,0.00,1001.15,30.19,1.57,9.80,-1.70,-0.01,-0.02,-0.01,8.41
260825,0.00,1001.14,30.19,1.58,9.77,-1.64,-0.01,-0.02,-0.01,8.41
260863,0.00,1001.14,30.19,1.60,9.84,-1.60,-0.01,-0.02,-0.01,8.41
260901,0.00,1001.14,30.19,1.60,9.84,-1.67,-0.01,-0.02,-0.01,8.41
260952,0.00,1001.14,30.19,1.61,9.84,-1.70,-0.01,-0.02,-0.01,8.41
260991,0.00,1001.13,30.19,1.57,9.87,-1.72,-0.01,-0.02,-0.01,8.41
261029,0.00,1001.14,30.19,1.59,9.75,-1.63,-0.01,-0.02,-0.01,8.41
261067,0.00,1001.13,30.19,1.58,9.82,-1.62,-0.01,-0.02,-0.00,8.41
261105,0.00,1001.14,30.19,1.58,9.85,-1.71,-0.01,-0.02,-0.01,8.41
261156,0.00,1001.13,30.19,1.58,9.85,-1.68,-0.01,-0.02,-0.01,8.41
261195,0.00,1001.13,30.19,1.64,9.80,-1.65,-0.01,-0.02,-0.00,8.41
261233,0.00,1001.13,30.19,1.61,9.81,-1.69,-0.01,-0.02,-0.01,8.41
261271,0.00,1001.13,30.19,1.56,9.83,-1.66,-0.01,-0.02,-0.01,8.41
261319,0.00,1001.14,30.19,1.63,9.77,-1.68,-0.01,-0.02,-0.01,8.41
261371,0.00,1001.14,30.19,1.55,9.86,-1.65,-0.01,-0.02,-0.00,8.41
261410,0.00,1001.14,30.19,1.58,9.90,-1.69,-0.01,-0.02,-0.01,8.41
261448,0.00,1001.14,30.19,1.58,9.81,-1.61,-0.01,-0.02,-0.01,8.41
261486,0.00,1001.14,30.19,1.58,9.82,-1.71,-0.01,-0.02,-0.00,8.41
261524,0.00,1001.15,30.19,1.59,9.78,-1.71,-0.01,-0.02,-0.01,8.41
261575,0.00,1001.15,30.19,1.61,9.81,-1.71,-0.01,-0.02,-0.01,8.41
261614,0.00,1001.14,30.19,1.53,9.86,-1.72,-0.01,-0.02,-0.00,8.40
261652,0.00,1001.13,30.19,1.58,9.76,-1.59,-0.01,-0.02,-0.01,8.41
261690,0.00,1001.14,30.19,1.65,9.87,-1.60,-0.01,-0.02,-0.01,8.40
261728,0.00,1001.14,30.19,1.64,9.82,-1.67,-0.01,-0.02,-0.01,8.40
261779,0.00,1001.14,30.19,1.55,9.78,-1.73,-0.01,-0.02,-0.01,8.40
261825,0.00,1001.15,30.19,1.56,9.84,-1.65,-0.01,-0.02,-0.01,8.40
261864,0.00,1001.15,30.19,1.56,9.85,-1.72,-0.01,-0.02,-0.00,8.40
261902,0.00,1001.15,30.19,1.62,9.84,-1.69,-0.01,-0.02,-0.01,8.40
261940,0.00,1001.14,30.19,1.62,9.77,-1.67,-0.01,-0.02,-0.01,8.41
261991,0.00,1001.14,30.19,1.58,9.84,-1.68,-0.01,-0.02,-0.01,8.41
262030,0.00,1001.13,30.19,1.58,9.82,-1.62,-0.01,-0.02,-0.01,8.40
262068,0.00,1001.14,30.19,1.58,9.80,-1.72,-0.01,-0.02,-0.01,8.40
262106,0.00,1001.15,30.19,1.60,9.79,-1.70,-0.01,-0.02,-0.00,8.41
262144,0.00,1001.15,30.19,1.58,9.82,-1.69,-0.01,-0.02,-0.00,8.41
262195,0.00,1001.14,30.19,1.58,9.78,-1.70,-0.01,-0.02,-0.01,8.41
262234,0.00,1001.14,30.19,1.56,9.83,-1.70,-0.01,-0.02,-0.01,8.41
262272,0.00,1001.15,30.19,1.58,9.82,-1.73,-0.01,-0.02,-0.01,8.41
262310,0.00,1001.15,30.19,1.52,9.83,-1.70,-0.01,-0.02,-0.01,8.41
262358,0.00,1001.15,30.19,1.57,9.80,-1.70,-0.01,-0.02,-0.00,8.41
262410,0.00,1001.14,30.19,1.62,9.84,-1.72,-0.01,-0.02,-0.01,8.41
262449,0.00,1001.14,30.19,1.64,9.79,-1.70,-0.01,-0.02,-0.01,8.41
262487,0.00,1001.14,30.19,1.54,9.83,-1.69,-0.01,-0.02,-0.01,8.41
262525,0.00,1001.14,30.19,1.58,9.80,-1.65,-0.01,-0.02,-0.01,8.41
262563,0.00,1001.14,30.19,1.56,9.84,-1.69,-0.01,-0.02,-0.01,8.41
262614,0.00,1001.15,30.19,1.61,9.83,-1.67,-0.01,-0.02,-0.01,8.41
262653,0.00,1001.15,30.19,1.60,9.81,-1.68,-0.01,-0.02,-0.01,8.41
262691,0.00,1001.15,30.19,1.61,9.80,-1.65,-0.01,-0.02,-0.01,8.41
262729,0.00,1001.15,30.19,1.53,9.87,-1.67,-0.01,-0.02,-0.01,8.41
262767,0.00,1001.15,30.19,1.59,9.79,-1.64,-0.01,-0.02,-0.01,8.41
262818,0.00,1001.15,30.19,1.56,9.81,-1.72,-0.01,-0.02,-0.01,8.41
262864,0.00,1001.15,30.19,1.56,9.77,-1.60,-0.01,-0.02,-0.01,8.41
262903,0.00,1001.15,30.19,1.57,9.77,-1.74,-0.01,-0.02,-0.01,8.41
262941,0.00,1001.15,30.19,1.55,9.82,-1.65,-0.01,-0.02,-0.01,8.41
262979,0.00,1001.14,30.19,1.58,9.83,-1.60,-0.01,-0.02,-0.01,8.40
263030,0.00,1001.15,30.19,1.55,9.81,-1.69,-0.01,-0.02,-0.00,8.40
263069,0.00,1001.15,30.19,1.59,9.83,-1.72,-0.01,-0.02,-0.01,8.40
263107,0.00,1001.16,30.19,1.58,9.83,-1.73,-0.01,-0.02,-0.01,8.40
263145,0.00,1001.15,30.19,1.58,9.84,-1.63,-0.01,-0.02,-0.00,8.40
263183,0.00,1001.14,30.19,1.56,9.87,-1.75,-0.01,-0.02,-0.01,8.40
263234,0.00,1001.14,30.19,1.57,9.88,-1.60,-0.01,-0.02,-0.01,8.40
263273,0.00,1001.16,30.19,1.64,9.80,-1.62,-0.01,-0.02,-0.01,8.40
263311,0.00,1001.15,30.19,1.56,9.81,-1.68,-0.01,-0.02,-0.01,8.40
263349,0.00,1001.15,30.19,1.59,9.85,-1.73,-0.01,-0.02,-0.01,8.40
263402,0.00,1001.16,30.19,1.57,9.84,-1.70,-0.01,-0.02,-0.01,8.40
263454,0.00,1001.16,30.19,1.57,9.85,-1.59,-0.01,-0.02,-0.01,8.40
263493,0.00,1001.15,30.19,1.52,9.85,-1.67,-0.01,-0.02,-0.01,8.40
263531,0.00,1001.16,30.18,1.59,9.78,-1.73,-0.01,-0.02,-0.01,8.40
263569,0.00,1001.15,30.18,1.56,9.83,-1.70,-0.01,-0.02,-0.01,8.40
263607,0.00,1001.14,30.19,1.54,9.83,-1.75,-0.01,-0.02,-0.01,8.40
263658,0.00,1001.14,30.19,1.57,9.90,-1.68,-0.01,-0.02,-0.00,8.40
263697,0.00,1001.14,30.19,1.55,9.80,-1.66,-0.01,-0.02,-0.01,8.40
263735,0.00,1001.15,30.19,1.58,9.84,-1.70,-0.01,-0.02,-0.01,8.40
263773,0.00,1001.15,30.19,1.58,9.81,-1.71,-0.01,-0.02,-0.01,8.40
263811,0.00,1001.15,30.19,1.55,9.74,-1.67,-0.01,-0.02,-0.01,8.40
263862,0.00,1001.15,30.19,1.60,9.83,-1.65,-0.01,-0.02,-0.01,8.40
263911,0.00,1001.14,30.19,1.58,9.81,-1.62,-0.01,-0.02,-0.01,8.40
263950,0.00,1001.14,30.19,1.61,9.84,-1.75,-0.01,-0.02,-0.01,8.40
263988,0.00,1001.14,30.19,1.57,9.84,-1.70,-0.01,-0.02,-0.01,8.40
264026,0.00,1001.14,30.19,1.60,9.81,-1.71,-0.01,-0.02,-0.01,8.40
264077,0.00,1001.14,30.19,1.61,9.82,-1.70,-0.01,-0.02,-0.01,8.40
264116,0.00,1001.14,30.19,1.59,9.81,-1.73,-0.01,-0.02,-0.01,8.40
264154,0.00,1001.14,30.19,1.59,9.83,-1.72,-0.01,-0.02,-0.01,8.40
264192,0.00,1001.14,30.19,1.61,9.80,-1.67,-0.01,-0.02,-0.01,8.40
264230,0.00,1001.15,30.19,1.60,9.84,-1.62,-0.01,-0.02,-0.01,8.40
264281,0.00,1001.15,30.19,1.59,9.84,-1.69,-0.01,-0.02,-0.01,8.40
264320,0.00,1001.14,30.19,1.55,9.83,-1.57,-0.01,-0.02,-0.01,8.40
264358,0.00,1001.14,30.19,1.64,9.83,-1.76,-0.01,-0.02,-0.01,8.40
264396,0.00,1001.14,30.19,1.58,9.81,-1.66,-0.01,-0.02,-0.01,8.40
264442,0.00,1001.14,30.19,1.58,9.82,-1.62,-0.01,-0.02,-0.01,8.40
264494,0.00,1001.14,30.19,1.60,9.83,-1.64,-0.01,-0.02,-0.01,8.40
264533,0.00,1001.14,30.19,1.63,9.85,-1.59,-0.01,-0.02,-0.00,8.40
264571,0.00,1001.14,30.19,1.58,9.79,-1.65,-0.01,-0.02,-0.01,8.40
264609,0.00,1001.14,30.18,1.51,9.84,-1.62,-0.01,-0.02,-0.01,8.40
264647,0.00,1001.14,30.19,1.58,9.81,-1.75,-0.01,-0.02,-0.01,8.41
264698,0.00,1001.15,30.19,1.55,9.85,-1.70,-0.01,-0.02,-0.00,8.40
264737,0.00,1001.15,30.19,1.59,9.88,-1.74,-0.01,-0.02,-0.01,8.40
264775,0.00,1001.14,30.19,1.59,9.78,-1.62,-0.01,-0.02,-0.01,8.40
264813,0.00,1001.14,30.19,1.58,9.82,-1.69,-0.01,-0.02,-0.01,8.40
264851,0.00,1001.15,30.19,1.58,9.84,-1.65,-0.01,-0.02,-0.01,8.40
264902,0.00,1001.15,30.19,1.59,9.78,-1.68,-0.01,-0.02,-0.01,8.41
264950,0.00,1001.14,30.19,1.56,9.85,-1.70,-0.01,-0.02,-0.01,8.40
264989,0.00,1001.14,30.19,1.54,9.84,-1.64,-0.01,-0.02,-0.01,8.40
265027,0.00,1001.14,30.18,1.57,9.78,-1.67,-0.01,-0.02,-0.01,8.40
265065,0.00,1001.14,30.18,1.61,9.85,-1.69,-0.01,-0.02,-0.01,8.40
265116,0.00,1001.15,30.19,1.57,9.87,-1.64,-0.01,-0.02,-0.01,8.39
265155,0.00,1001.15,30.18,1.58,9.82,-1.63,-0.01,-0.02,-0.01,8.40
265193,0.00,1001.15,30.18,1.55,9.84,-1.64,-0.01,-0.02,-0.00,8.40
265231,0.00,1001.15,30.18,1.57,9.78,-1.73,-0.01,-0.02,-0.01,8.40
265269,0.00,1001.15,30.19,1.59,9.81,-1.65,-0.01,-0.02,-0.00,8.40
265320,0.00,1001.15,30.19,1.58,9.84,-1.72,-0.01,-0.02,-0.01,8.39
265359,0.00,1001.15,30.19,1.56,9.84,-1.74,-0.01,-0.02,-0.01,8.40
265397,0.00,1001.15,30.19,1.54,9.76,-1.71,-0.01,-0.02,-0.01,8.40
265435,0.00,1001.15,30.19,1.56,9.84,-1.62,-0.01,-0.02,-0.01,8.40
265483,0.00,1001.15,30.19,1.58,9.83,-1.68,-0.01,-0.02,-0.01,8.40
265535,0.00,1001.14,30.19,1.60,9.82,-1.74,-0.01,-0.02,-0.01,8.40
265574,0.00,1001.15,30.19,1.58,9.82,-1.58,-0.01,-0.02,-0.01,8.40
265612,0.00,1001.14,30.18,1.55,9.86,-1.65,-0.01,-0.02,-0.00,8.40
265650,0.00,1001.14,30.18,1.54,9.82,-1.72,-0.01,-0.02,-0.01,8.40
265688,0.00,1001.15,30.18,1.65,9.85,-1.70,-0.01,-0.02,-0.01,8.40
265739,0.00,1001.16,30.19,1.60,9.87,-1.67,-0.01,-0.02,-0.01,8.40
265778,0.00,1001.15,30.18,1.59,9.79,-1.67,-0.01,-0.02,-0.01,8.40
265816,0.00,1001.15,30.19,1.58,9.82,-1.66,-0.01,-0.02,-0.01,8.40
265854,0.00,1001.14,30.19,1.59,9.82,-1.68,-0.01,-0.02,-0.01,8.40
265892,0.00,1001.14,30.19,1.57,9.86,-1.70,-0.01,-0.02,-0.01,8.40
265943,0.00,1001.14,30.19,1.56,9.83,-1.64,-0.01,-0.02,-0.01,8.40
265989,0.00,1001.15,30.19,1.59,9.81,-1.70,-0.01,-0.02,-0.01,8.40
266028,0.00,1001.15,30.19,1.60,9.79,-1.63,-0.01,-0.02,-0.01,8.40
266066,0.00,1001.15,30.19,1.60,9.77,-1.62,-0.01,-0.02,-0.01,8.41
266104,0.00,1001.16,30.19,1.58,9.84,-1.67,-0.01,-0.02,-0.00,8.41
266155,0.00,1001.16,30.19,1.51,9.81,-1.65,-0.01,-0.02,-0.01,8.40
266194,0.00,1001.15,30.19,1.58,9.75,-1.66,-0.01,-0.02,-0.01,8.41
266232,0.00,1001.15,30.18,1.58,9.78,-1.75,-0.01,-0.02,-0.01,8.41
266270,0.00,1001.14,30.19,1.59,9.82,-1.68,-0.01,-0.02,-0.01,8.41
266308,0.00,1001.14,30.19,1.52,9.84,-1.74,-0.01,-0.02,-0.01,8.41
266359,0.00,1001.14,30.19,1.63,9.84,-1.64,-0.01,-0.02,-0.01,8.41
266398,0.00,1001.14,30.19,1.55,9.84,-1.62,-0.01,-0.02,-0.01,8.40
266436,0.00,1001.14,30.19,1.58,9.81,-1.61,-0.01,-0.02,-0.01,8.40
266474,0.00,1001.14,30.19,1.60,9.85,-1.77,-0.01,-0.02,-0.01,8.40
266522,0.00,1001.15,30.19,1.64,9.85,-1.65,-0.01,-0.02,-0.01,8.40
266574,0.00,1001.16,30.19,1.59,9.80,-1.73,-0.01,-0.02,-0.01,8.40
266613,0.00,1001.15,30.18,1.58,9.82,-1.68,-0.01,-0.02,-0.01,8.40
266651,0.00,1001.15,30.18,1.60,9.83,-1.74,-0.01,-0.02,-0.01,8.41
266689,0.00,1001.15,30.18,1.55,9.80,-1.65,-0.01,-0.02,-0.01,8.41
266727,0.00,1001.14,30.18,1.61,9.83,-1.58,-0.01,-0.02,-0.01,8.40
266778,0.00,1001.15,30.19,1.60,9.84,-1.69,-0.01,-0.02,-0.01,8.40
266817,0.00,1001.15,30.18,1.63,9.83,-1.72,-0.01,-0.02,-0.01,8.41
266855,0.00,1001.15,30.18,1.57,9.86,-1.71,-0.01,-0.02,-0.00,8.40
266893,0.00,1001.15,30.18,1.63,9.79,-1.69,-0.01,-0.02,-0.00,8.40
266931,0.00,1001.14,30.19,1.59,9.87,-1.69,-0.01,-0.02,-0.01,8.40
266982,0.00,1001.15,30.19,1.58,9.80,-1.69,-0.01,-0.02,-0.01,8.40
267028,0.00,1001.15,30.19,1.53,9.81,-1.67,-0.01,-0.02,-0.01,8.40
267067,0.00,1001.14,30.18,1.57,9.85,-1.65,-0.01,-0.02,-0.01,8.40
267105,0.00,1001.14,30.18,1.61,9.83,-1.74,-0.01,-0.02,-0.01,8.40
267143,0.00,1001.15,30.18,1.57,9.79,-1.73,-0.01,-0.02,-0.01,8.40
267194,0.00,1001.15,30.18,1.54,9.84,-1.74,-0.01,-0.02,-0.01,8.40
267233,0.00,1001.16,30.18,1.53,9.76,-1.73,-0.01,-0.02,-0.01,8.40
267271,0.00,1001.16,30.18,1.64,9.81,-1.68,-0.01,-0.02,-0.01,8.40
267309,0.00,1001.15,30.18,1.62,9.86,-1.66,-0.01,-0.02,-0.01,8.40
267347,0.00,1001.15,30.19,1.60,9.80,-1.70,-0.01,-0.02,-0.01,8.40
267398,0.00,1001.16,30.19,1.54,9.83,-1.63,-0.01,-0.02,-0.01,8.40
267437,0.00,1001.15,30.18,1.60,9.83,-1.71,-0.01,-0.02,-0.01,8.41
267475,0.00,1001.15,30.18,1.55,9.79,-1.64,-0.01,-0.02,-0.01,8.41
267513,0.00,1001.14,30.18,1.56,9.77,-1.75,-0.01,-0.02,-0.01,8.41
267561,0.00,1001.14,30.19,1.56,9.85,-1.70,-0.01,-0.03,-0.01,8.41
267613,0.00,1001.14,30.19,1.57,9.79,-1.68,-0.01,-0.02,-0.01,8.41
267652,0.00,1001.15,30.18,1.58,9.82,-1.66,-0.01,-0.02,-0.00,8.41
267690,0.00,1001.14,30.18,1.58,9.83,-1.65,-0.01,-0.02,-0.01,8.41
267728,0.00,1001.14,30.18,1.56,9.86,-1.68,-0.01,-0.02,-0.01,8.41
267766,0.00,1001.14,30.18,1.57,9.81,-1.58,-0.01,-0.02,-0.00,8.41
267817,0.00,1001.14,30.18,1.56,9.79,-1.70,-0.01,-0.02,-0.01,8.41
267856,0.00,1001.14,30.18,1.55,9.79,-1.69,-0.01,-0.02,-0.01,8.41
267894,0.00,1001.15,30.18,1.56,9.81,-1.65,-0.01,-0.02,-0.01,8.41
267932,0.00,1001.15,30.18,1.66,9.78,-1.70,-0.01,-0.02,-0.00,8.41
267970,0.00,1001.14,30.19,1.59,9.79,-1.69,-0.01,-0.02,-0.01,8.41
268021,0.00,1001.15,30.19,1.63,9.78,-1.65,-0.01,-0.02,-0.01,8.41
268069,0.00,1001.15,30.19,1.68,9.79,-1.67,-0.01,-0.02,-0.01,8.41
268108,0.00,1001.15,30.18,1.57,9.81,-1.70,-0.01,-0.02,-0.01,8.41
268146,0.00,1001.15,30.18,1.55,9.78,-1.71,-0.01,-0.02,-0.01,8.41
268184,0.00,1001.14,30.18,1.55,9.85,-1.61,-0.01,-0.02,-0.01,8.41
268235,0.00,1001.15,30.18,1.58,9.78,-1.63,-0.01,-0.02,-0.01,8.41
268274,0.00,1001.15,30.18,1.55,9.80,-1.57,-0.01,-0.02,-0.00,8.41
268312,0.00,1001.14,30.18,1.59,9.84,-1.69,-0.01,-0.02,-0.01,8.41
268350,0.00,1001.14,30.18,1.55,9.82,-1.64,-0.01,-0.02,-0.01,8.41
268388,0.00,1001.15,30.18,1.58,9.82,-1.66,-0.01,-0.02,-0.01,8.41
268439,0.00,1001.15,30.19,1.63,9.81,-1.71,-0.01,-0.02,-0.01,8.41
268478,0.00,1001.15,30.19,1.63,9.88,-1.65,-0.01,-0.02,-0.01,8.41
268516,0.00,1001.15,30.18,1.58,9.83,-1.64,-0.01,-0.02,-0.01,8.41
268554,0.00,1001.15,30.19,1.62,9.88,-1.68,-0.01,-0.02,-0.01,8.41
268600,0.00,1001.15,30.19,1.56,9.83,-1.62,-0.01,-0.02,-0.01,8.41
268652,0.00,1001.15,30.19,1.61,9.82,-1.62,-0.01,-0.02,-0.01,8.41
268691,0.00,1001.15,30.18,1.56,9.77,-1.66,-0.01,-0.02,-0.00,8.41
268729,0.00,1001.15,30.18,1.58,9.82,-1.67,-0.01,-0.02,-0.01,8.41
268767,0.00,1001.14,30.18,1.62,9.88,-1.60,-0.01,-0.02,-0.01,8.41
268805,0.00,1001.15,30.18,1.57,9.82,-1.64,-0.01,-0.02,-0.00,8.41
268856,0.00,1001.15,30.18,1.58,9.81,-1.66,-0.01,-0.02,-0.01,8.41
268895,0.00,1001.15,30.18,1.61,9.85,-1.65,-0.01,-0.02,-0.01,8.41
268933,0.00,1001.15,30.18,1.53,9.83,-1.72,-0.01,-0.02,-0.01,8.41
268971,0.00,1001.15,30.18,1.58,9.83,-1.65,-0.01,-0.02,-0.01,8.41
269009,0.00,1001.15,30.18,1.58,9.85,-1.77,-0.01,-0.02,-0.01,8.41
269060,0.00,1001.15,30.19,1.64,9.80,-1.65,-0.01,-0.02,-0.01,8.41
269108,0.00,1001.15,30.19,1.60,9.86,-1.67,-0.01,-0.02,-0.01,8.41
269147,0.00,1001.15,30.18,1.56,9.86,-1.59,-0.01,-0.02,-0.01,8.41
269185,0.00,1001.15,30.18,1.59,9.80,-1.68,-0.01,-0.02,-0.01,8.41
269223,0.00,1001.15,30.18,1.59,9.78,-1.67,-0.00,-0.02,-0.01,8.41
269274,0.00,1001.15,30.18,1.56,9.83,-1.64,-0.01,-0.02,-0.01,8.41
269313,0.00,1001.15,30.18,1.58,9.81,-1.71,-0.01,-0.02,-0.01,8.41
269351,0.00,1001.15,30.18,1.65,9.86,-1.70,-0.01,-0.02,-0.01,8.41
269389,0.00,1001.15,30.18,1.54,9.84,-1.60,-0.01,-0.02,-0.01,8.41
269427,0.00,1001.15,30.18,1.52,9.80,-1.66,-0.01,-0.02,-0.01,8.41
269478,0.00,1001.15,30.18,1.59,9.79,-1.71,-0.01,-0.02,-0.01,8.41
269517,0.00,1001.15,30.18,1.61,9.81,-1.69,-0.01,-0.02,-0.01,8.41
269555,0.00,1001.14,30.18,1.61,9.83,-1.62,-0.01,-0.02,-0.01,8.41
269593,0.00,1001.14,30.18,1.66,9.80,-1.59,-0.01,-0.02,-0.01,8.41
269639,0.00,1001.15,30.19,1.59,9.86,-1.64,-0.01,-0.02,-0.01,8.41
269691,0.00,1001.14,30.18,1.53,9.80,-1.65,-0.01,-0.02,-0.01,8.41
269730,0.00,1001.14,30.18,1.54,9.83,-1.72,-0.01,-0.02,-0.01,8.41
269768,0.00,1001.14,30.18,1.55,9.87,-1.67,-0.01,-0.02,-0.01,8.42
269806,0.00,1001.15,30.18,1.59,9.82,-1.69,-0.01,-0.02,-0.01,8.42
269844,0.00,1001.15,30.18,1.59,9.87,-1.70,-0.01,-0.02,-0.01,8.42
269895,0.00,1001.15,30.18,1.59,9.85,-1.72,-0.01,-0.02,-0.01,8.42
269934,0.00,1001.15,30.18,1.60,9.83,-1.67,-0.01,-0.02,-0.00,8.42
269972,0.00,1001.15,30.18,1.62,9.76,-1.74,-0.01,-0.02,-0.01,8.42
270010,0.00,1001.15,30.18,1.61,9.79,-1.66,-0.01,-0.02,-0.01,8.42
270048,0.00,1001.16,30.18,1.61,9.82,-1.74,-0.01,-0.02,-0.01,8.41
270099,0.00,1001.15,30.18,1.60,9.80,-1.70,-0.01,-0.02,-0.01,8.41
270147,0.00,1001.15,30.18,1.59,9.80,-1.69,-0.01,-0.02,-0.01,8.41
270186,0.00,1001.14,30.18,1.58,9.79,-1.59,-0.01,-0.02,-0.01,8.41
270224,0.00,1001.14,30.18,1.56,9.86,-1.65,-0.01,-0.03,-0.01,8.41
270262,0.00,1001.14,30.18,1.56,9.82,-1.69,-0.01,-0.02,-0.01,8.41
270313,0.00,1001.13,30.18,1.57,9.73,-1.71,-0.01,-0.02,-0.01,8.41
270352,0.00,1001.14,30.18,1.57,9.85,-1.64,-0.01,-0.02,-0.01,8.41
270390,0.00,1001.14,30.18,1.55,9.87,-1.58,-0.01,-0.02,-0.01,8.41
270428,0.00,1001.14,30.18,1.60,9.83,-1.74,-0.01,-0.02,-0.01,8.41
270466,0.00,1001.15,30.18,1.59,9.79,-1.63,-0.01,-0.02,-0.01,8.41
270517,0.00,1001.15,30.18,1.57,9.84,-1.74,-0.01,-0.02,-0.01,8.41
270556,0.00,1001.15,30.18,1.58,9.86,-1.67,-0.01,-0.02,-0.01,8.41
270594,0.00,1001.14,30.18,1.61,9.83,-1.66,-0.01,-0.02,-0.01,8.41
270632,0.00,1001.14,30.18,1.53,9.79,-1.81,-0.01,-0.02,-0.00,8.41
270680,0.00,1001.14,30.18,1.63,9.84,-1.64,-0.01,-0.02,-0.01,8.41
270732,0.00,1001.14,30.18,1.59,9.82,-1.76,-0.01,-0.02,-0.01,8.41
270771,0.00,1001.14,30.18,1.60,9.82,-1.73,-0.01,-0.02,-0.01,8.41
270809,0.00,1001.14,30.18,1.61,9.83,-1.61,-0.01,-0.02,-0.01,8.41
270847,0.00,1001.14,30.18,1.57,9.83,-1.71,-0.01,-0.02,-0.01,8.41
270885,0.00,1001.15,30.18,1.60,9.82,-1.61,-0.01,-0.02,-0.01,8.41
270936,0.00,1001.15,30.18,1.59,9.82,-1.64,-0.01,-0.02,-0.01,8.41
270975,0.00,1001.16,30.18,1.59,9.81,-1.70,-0.01,-0.02,-0.01,8.41
271013,0.00,1001.16,30.18,1.54,9.81,-1.66,-0.01,-0.02,-0.01,8.41
271051,0.00,1001.15,30.18,1.54,9.80,-1.69,-0.01,-0.02,-0.01,8.41
271089,0.00,1001.14,30.18,1.60,9.86,-1.64,-0.01,-0.02,-0.01,8.41
271140,0.00,1001.13,30.18,1.61,9.83,-1.67,-0.01,-0.02,-0.01,8.41
271186,0.00,1001.14,30.18,1.59,9.82,-1.71,-0.01,-0.02,-0.00,8.41
271225,0.00,1001.14,30.18,1.63,9.78,-1.75,-0.01,-0.02,-0.01,8.41
271263,0.00,1001.14,30.18,1.66,9.80,-1.63,-0.01,-0.02,-0.00,8.41
271301,0.00,1001.14,30.18,1.54,9.84,-1.68,-0.01,-0.02,-0.00,8.41
271352,0.00,1001.14,30.18,1.59,9.85,-1.67,-0.01,-0.02,-0.01,8.41
271391,0.00,1001.14,30.18,1.57,9.80,-1.67,-0.01,-0.02,-0.00,8.41
271429,0.00,1001.14,30.18,1.53,9.78,-1.65,-0.01,-0.02,-0.01,8.41
271467,0.00,1001.13,30.18,1.60,9.83,-1.61,-0.01,-0.02,-0.01,8.41
271505,0.00,1001.14,30.18,1.55,9.83,-1.70,-0.01,-0.02,-0.01,8.41
271556,0.00,1001.14,30.18,1.55,9.83,-1.66,-0.01,-0.02,-0.01,8.41
271595,0.00,1001.14,30.18,1.56,9.85,-1.69,-0.01,-0.02,-0.01,8.41
271633,0.00,1001.14,30.18,1.58,9.85,-1.68,-0.01,-0.02,-0.01,8.41
271671,0.00,1001.14,30.18,1.60,9.81,-1.75,-0.01,-0.02,-0.01,8.41
271719,0.00,1001.14,30.18,1.58,9.86,-1.64,-0.01,-0.02,-0.01,8.41
271771,0.00,1001.15,30.18,1.63,9.86,-1.74,-0.01,-0.02,-0.01,8.41
271810,0.00,1001.15,30.18,1.57,9.86,-1.70,-0.01,-0.02,-0.01,8.41
271848,0.00,1001.15,30.18,1.59,9.85,-1.71,-0.01,-0.02,-0.01,8.41
271886,0.00,1001.14,30.18,1.55,9.82,-1.71,-0.01,-0.02,-0.01,8.40
271924,0.00,1001.14,30.18,1.60,9.80,-1.66,-0.01,-0.02,-0.01,8.40
271975,0.00,1001.14,30.18,1.62,9.85,-1.66,-0.01,-0.02,-0.01,8.41
272014,0.00,1001.15,30.18,1.57,9.84,-1.62,-0.01,-0.02,-0.01,8.41
272052,0.00,1001.15,30.18,1.59,9.83,-1.62,-0.01,-0.02,-0.01,8.40
272090,0.00,1001.14,30.18,1.59,9.81,-1.65,-0.01,-0.02,-0.01,8.40
272128,0.00,1001.14,30.18,1.56,9.84,-1.73,-0.01,-0.02,-0.01,8.40
272179,0.00,1001.14,30.18,1.61,9.85,-1.67,-0.01,-0.02,-0.01,8.40
272225,0.00,1001.14,30.18,1.59,9.77,-1.64,-0.01,-0.02,-0.00,8.41
272264,0.00,1001.14,30.18,1.55,9.86,-1.64,-0.01,-0.02,-0.01,8.41
272302,0.00,1001.14,30.18,1.60,9.86,-1.68,-0.01,-0.02,-0.01,8.41
272340,0.00,1001.14,30.18,1.60,9.77,-1.73,-0.01,-0.02,-0.00,8.41
272391,0.00,1001.14,30.18,1.58,9.82,-1.69,-0.01,-0.02,-0.01,8.41
272430,0.00,1001.13,30.18,1.56,9.84,-1.58,-0.01,-0.02,-0.00,8.41
272468,0.00,1001.14,30.18,1.54,9.81,-1.66,-0.01,-0.02,-0.01,8.41
272506,0.00,1001.14,30.18,1.64,9.81,-1.57,-0.01,-0.02,-0.01,8.41
272544,0.00,1001.15,30.18,1.56,9.84,-1.70,-0.01,-0.02,-0.01,8.41
272595,0.00,1001.14,30.18,1.60,9.82,-1.71,-0.01,-0.02,-0.01,8.41
272634,0.00,1001.13,30.18,1.58,9.84,-1.69,-0.01,-0.02,-0.01,8.41
272672,0.00,1001.13,30.18,1.61,9.77,-1.73,-0.01,-0.02,-0.00,8.41
272710,0.00,1001.13,30.18,1.52,9.78,-1.70,-0.01,-0.02,-0.00,8.41
272763,0.00,1001.14,30.18,1.58,9.78,-1.70,-0.01,-0.02,-0.01,8.41
272815,0.00,1001.14,30.18,1.58,9.79,-1.74,-0.01,-0.02,-0.01,8.41
272854,0.00,1001.14,30.18,1.56,9.87,-1.78,-0.01,-0.03,-0.01,8.41
272892,0.00,1001.14,30.18,1.59,9.90,-1.78,-0.01,-0.02,-0.01,8.41
272930,0.00,1001.15,30.18,1.59,9.78,-1.60,-0.01,-0.02,-0.00,8.41
272968,0.00,1001.14,30.18,1.58,9.81,-1.61,-0.01,-0.02,-0.01,8.41
273019,0.00,1001.15,30.18,1.55,9.82,-1.66,-0.01,-0.02,-0.01,8.41
273058,0.00,1001.15,30.18,1.51,9.80,-1.73,-0.01,-0.02,-0.01,8.41
273096,0.00,1001.16,30.18,1.58,9.83,-1.70,-0.01,-0.02,-0.01,8.40
273134,0.00,1001.15,30.18,1.56,9.82,-1.70,-0.01,-0.02,-0.01,8.40
273172,0.00,1001.14,30.18,1.55,9.84,-1.66,-0.01,-0.02,-0.01,8.40
273223,0.00,1001.15,30.18,1.62,9.86,-1.79,-0.01,-0.02,-0.01,8.40
273272,0.00,1001.16,30.18,1.61,9.84,-1.64,-0.01,-0.02,-0.00,8.40
273311,0.00,1001.16,30.18,1.56,9.84,-1.64,-0.01,-0.02,-0.01,8.40
273349,0.00,1001.16,30.18,1.60,9.85,-1.61,-0.01,-0.02,-0.01,8.41
273387,0.00,1001.15,30.18,1.60,9.78,-1.67,-0.01,-0.02,-0.01,8.41
273438,0.00,1001.15,30.18,1.57,9.86,-1.67,-0.01,-0.02,-0.01,8.40
273477,0.00,1001.15,30.18,1.60,9.82,-1.70,-0.01,-0.02,-0.01,8.41
273515,0.00,1001.14,30.18,1.55,9.88,-1.64,-0.01,-0.02,-0.01,8.41
273553,0.00,1001.14,30.18,1.57,9.82,-1.70,-0.01,-0.02,-0.01,8.41
273591,0.00,1001.14,30.18,1.63,9.81,-1.68,-0.01,-0.02,-0.01,8.41
273642,0.00,1001.15,30.18,1.52,9.88,-1.72,-0.01,-0.02,-0.01,8.41
273681,0.00,1001.15,30.18,1.54,9.86,-1.67,-0.01,-0.02,-0.01,8.41
273719,0.00,1001.14,30.18,1.58,9.78,-1.64,-0.01,-0.02,-0.01,8.41
273757,0.00,1001.14,30.18,1.57,9.83,-1.70,-0.01,-0.02,-0.01,8.41
273803,0.00,1001.14,30.18,1.60,9.86,-1.60,-0.01,-0.02,-0.01,8.41
273855,0.00,1001.13,30.18,1.59,9.84,-1.70,-0.01,-0.02,-0.01,8.41
273894,0.00,1001.14,30.18,1.61,9.76,-1.68,-0.01,-0.02,-0.01,8.41
273932,0.00,1001.14,30.18,1.58,9.82,-1.70,-0.01,-0.02,-0.00,8.41
273970,0.00,1001.14,30.18,1.65,9.88,-1.64,-0.01,-0.02,-0.01,8.41
274008,0.00,1001.14,30.18,1.60,9.76,-1.66,-0.01,-0.03,-0.01,8.41
274059,0.00,1001.14,30.18,1.58,9.76,-1.60,-0.01,-0.02,-0.01,8.41
274098,0.00,1001.14,30.18,1.62,9.80,-1.65,-0.01,-0.02,-0.01,8.41
274136,0.00,1001.15,30.18,1.57,9.84,-1.71,-0.01,-0.02,-0.00,8.41
274174,0.00,1001.16,30.18,1.58,9.86,-1.67,-0.01,-0.02,-0.01,8.41
274212,0.00,1001.16,30.18,1.55,9.84,-1.68,-0.01,-0.02,-0.01,8.41
274263,0.00,1001.15,30.18,1.58,9.76,-1.68,-0.01,-0.02,-0.01,8.41
274311,0.00,1001.14,30.18,1.59,9.87,-1.65,-0.01,-0.02,-0.00,8.41
274350,0.00,1001.13,30.18,1.57,9.77,-1.65,-0.01,-0.02,-0.01,8.41
274388,0.00,1001.13,30.18,1.52,9.84,-1.66,-0.01,-0.02,-0.01,8.41
274426,0.00,1001.13,30.18,1.62,9.82,-1.69,-0.01,-0.02,-0.01,8.41
274477,0.00,1001.13,30.18,1.58,9.81,-1.61,-0.01,-0.02,-0.01,8.41
274516,0.00,1001.14,30.18,1.62,9.82,-1.67,-0.01,-0.02,-0.01,8.41
274554,0.00,1001.13,30.18,1.53,9.83,-1.66,-0.01,-0.02,-0.01,8.41
274592,0.00,1001.14,30.18,1.56,9.81,-1.60,-0.01,-0.02,-0.01,8.41
274630,0.00,1001.14,30.18,1.56,9.82,-1.62,-0.01,-0.02,-0.01,8.41
274681,0.00,1001.15,30.18,1.59,9.82,-1.74,-0.01,-0.02,-0.01,8.41
274720,0.00,1001.14,30.18,1.59,9.81,-1.61,-0.01,-0.02,-0.01,8.41
274758,0.00,1001.15,30.18,1.58,9.79,-1.70,-0.01,-0.02,-0.01,8.41
274796,0.00,1001.14,30.18,1.57,9.84,-1.65,-0.01,-0.02,-0.01,8.41
274844,0.00,1001.15,30.18,1.61,9.83,-1.58,-0.01,-0.02,-0.01,8.41
274896,0.00,1001.15,30.18,1.56,9.85,-1.70,-0.01,-0.02,-0.01,8.40
274935,0.00,1001.14,30.18,1.61,9.84,-1.67,-0.01,-0.02,-0.01,8.41
274973,0.00,1001.14,30.18,1.55,9.84,-1.65,-0.01,-0.02,-0.01,8.41
275011,0.00,1001.15,30.18,1.58,9.77,-1.63,-0.01,-0.02,-0.01,8.41
275049,0.00,1001.15,30.18,1.52,9.85,-1.59,-0.01,-0.02,-0.01,8.41
275100,0.00,1001.15,30.18,1.57,9.81,-1.65,-0.01,-0.02,-0.01,8.41
275139,0.00,1001.13,30.18,1.58,9.85,-1.61,-0.01,-0.02,-0.01,8.41
275177,0.00,1001.13,30.18,1.59,9.83,-1.66,-0.01,-0.02,-0.01,8.41
275215,0.00,1001.13,30.18,1.59,9.84,-1.62,-0.01,-0.02,-0.01,8.41
275253,0.00,1001.13,30.18,1.61,9.77,-1.70,-0.01,-0.02,-0.01,8.41
275304,0.00,1001.13,30.18,1.56,9.84,-1.69,-0.01,-0.02,-0.01,8.41
275350,0.00,1001.14,30.18,1.57,9.84,-1.69,-0.01,-0.02,-0.01,8.41
275389,0.00,1001.14,30.18,1.61,9.84,-1.69,-0.01,-0.02,-0.00,8.41
275427,0.00,1001.14,30.18,1.58,9.83,-1.70,-0.01,-0.02,-0.00,8.41
275465,0.00,1001.15,30.18,1.58,9.83,-1.66,-0.01,-0.02,-0.01,8.41
275516,0.00,1001.15,30.18,1.62,9.83,-1.59,-0.01,-0.02,-0.01,8.41
275555,0.00,1001.15,30.18,1.60,9.81,-1.67,-0.01,-0.02,-0.01,8.41
275593,0.00,1001.15,30.18,1.61,9.79,-1.67,-0.01,-0.02,-0.01,8.41
275631,0.00,1001.15,30.18,1.62,9.80,-1.71,-0.01,-0.02,-0.01,8.41
275669,0.00,1001.14,30.18,1.60,9.79,-1.68,-0.01,-0.02,-0.01,8.41
275720,0.00,1001.14,30.18,1.56,9.81,-1.67,-0.01,-0.02,-0.00,8.41
275759,0.00,1001.14,30.18,1.54,9.83,-1.74,-0.01,-0.02,-0.01,8.41
275797,0.00,1001.14,30.18,1.56,9.84,-1.71,-0.01,-0.02,-0.01,8.41
275835,0.00,1001.15,30.18,1.62,9.80,-1.68,-0.01,-0.02,-0.00,8.41
275893,0.00,1001.14,30.18,1.62,9.80,-1.70,-0.01,-0.02,-0.01,8.41
275945,0.00,1001.14,30.18,1.57,9.79,-1.70,-0.01,-0.02,-0.01,8.41
275984,0.00,1001.14,30.17,1.58,9.84,-1.68,-0.01,-0.02,-0.01,8.41
276022,0.00,1001.13,30.17,1.59,9.84,-1.59,-0.01,-0.02,-0.01,8.41
276060,0.00,1001.13,30.17,1.56,9.81,-1.67,-0.01,-0.02,-0.01,8.41
276098,0.00,1001.14,30.17,1.65,9.82,-1.65,-0.01,-0.02,-0.01,8.41
276149,0.00,1001.13,30.17,1.59,9.82,-1.72,-0.01,-0.02,-0.01,8.41
276188,0.00,1001.13,30.17,1.58,9.80,-1.75,-0.01,-0.02,-0.01,8.41
276226,0.00,1001.14,30.17,1.62,9.82,-1.72,-0.01,-0.02,-0.01,8.40
276264,0.00,1001.13,30.17,1.50,9.81,-1.62,-0.01,-0.02,-0.01,8.40
276302,0.00,1001.14,30.18,1.57,9.78,-1.71,-0.01,-0.02,-0.01,8.40
276353,0.00,1001.14,30.18,1.58,9.90,-1.71,-0.01,-0.02,-0.01,8.40
276400,0.00,1001.14,30.18,1.55,9.84,-1.56,-0.01,-0.02,-0.01,8.40
276439,0.00,1001.14,30.18,1.56,9.82,-1.72,-0.01,-0.02,-0.01,8.41
276477,0.00,1001.14,30.17,1.58,9.78,-1.65,-0.01,-0.02,-0.01,8.41
276515,0.00,1001.14,30.18,1.61,9.76,-1.66,-0.01,-0.02,-0.01,8.41
276567,0.00,1001.14,30.18,1.57,9.77,-1.64,-0.01,-0.02,-0.01,8.41
276606,0.00,1001.14,30.18,1.61,9.80,-1.63,-0.01,-0.02,-0.01,8.41
276644,0.00,1001.14,30.18,1.58,9.77,-1.70,-0.01,-0.02,-0.01,8.41
276682,0.00,1001.14,30.18,1.58,9.82,-1.69,-0.01,-0.02,-0.01,8.41
276720,0.00,1001.14,30.18,1.57,9.83,-1.66,-0.01,-0.02,-0.01,8.41
276771,0.00,1001.14,30.18,1.59,9.86,-1.65,-0.01,-0.02,-0.01,8.41
276810,0.00,1001.14,30.18,1.62,9.82,-1.67,-0.01,-0.02,-0.01,8.41
276848,0.00,1001.14,30.18,1.59,9.82,-1.69,-0.01,-0.02,-0.01,8.41
276886,0.00,1001.14,30.18,1.57,9.81,-1.68,-0.01,-0.02,-0.01,8.41
276934,0.00,1001.14,30.18,1.58,9.79,-1.70,-0.01,-0.02,-0.01,8.41
276986,0.00,1001.15,30.18,1.57,9.79,-1.65,-0.01,-0.02,-0.01,8.41
277025,0.00,1001.14,30.18,1.58,9.82,-1.65,-0.01,-0.02,-0.01,8.41
277063,0.00,1001.14,30.18,1.61,9.82,-1.62,-0.01,-0.02,-0.01,8.40
277101,0.00,1001.13,30.17,1.59,9.84,-1.70,-0.01,-0.02,-0.01,8.40
277139,0.00,1001.13,30.18,1.57,9.84,-1.63,-0.01,-0.02,-0.01,8.41
277190,0.00,1001.14,30.18,1.57,9.81,-1.65,-0.01,-0.02,-0.01,8.41
277229,0.00,1001.13,30.18,1.58,9.82,-1.73,-0.01,-0.02,-0.01,8.41
277267,0.00,1001.13,30.18,1.59,9.84,-1.68,-0.01,-0.02,-0.01,8.41
277305,0.00,1001.14,30.18,1.56,9.83,-1.67,-0.01,-0.02,-0.01,8.41
277343,0.00,1001.15,30.18,1.59,9.81,-1.67,-0.01,-0.02,-0.01,8.41
277394,0.00,1001.14,30.18,1.61,9.77,-1.63,-0.01,-0.02,-0.01,8.41
277442,0.00,1001.14,30.18,1.60,9.78,-1.66,-0.01,-0.02,-0.01,8.41
277481,0.00,1001.15,30.18,1.53,9.81,-1.68,-0.01,-0.02,-0.01,8.41
277519,0.00,1001.14,30.18,1.59,9.82,-1.70,-0.01,-0.02,-0.01,8.41
277557,0.00,1001.14,30.18,1.56,9.81,-1.61,-0.01,-0.02,-0.01,8.41
277608,0.00,1001.14,30.18,1.57,9.80,-1.66,-0.01,-0.02,-0.01,8.41
277647,0.00,1001.13,30.18,1.55,9.80,-1.64,-0.01,-0.02,-0.01,8.41
277685,0.00,1001.13,30.17,1.60,9.81,-1.63,-0.01,-0.02,-0.01,8.41
277723,0.00,1001.13,30.18,1.59,9.81,-1.67,-0.01,-0.02,-0.01,8.41
277761,0.00,1001.13,30.18,1.63,9.85,-1.66,-0.01,-0.02,-0.01,8.41
277812,0.00,1001.13,30.18,1.58,9.85,-1.68,-0.01,-0.02,-0.00,8.41
277851,0.00,1001.13,30.18,1.60,9.78,-1.68,-0.01,-0.02,-0.01,8.41
277889,0.00,1001.14,30.18,1.58,9.84,-1.64,-0.01,-0.02,-0.01,8.41
277927,0.00,1001.13,30.18,1.51,9.82,-1.62,-0.01,-0.02,-0.01,8.41
277973,0.00,1001.13,30.18,1.57,9.79,-1.66,-0.01,-0.02,-0.01,8.41
278025,0.00,1001.13,30.18,1.59,9.80,-1.69,-0.01,-0.02,-0.01,8.41
278064,0.00,1001.13,30.17,1.55,9.83,-1.60,-0.01,-0.02,-0.01,8.41
278102,0.00,1001.13,30.17,1.58,9.84,-1.63,-0.01,-0.02,-0.00,8.41
278140,0.00,1001.13,30.17,1.59,9.80,-1.67,-0.01,-0.02,-0.01,8.41
278178,0.00,1001.14,30.18,1.56,9.85,-1.67,-0.01,-0.02,-0.01,8.41
278229,0.00,1001.14,30.18,1.59,9.83,-1.69,-0.01,-0.02,-0.01,8.41
278268,0.00,1001.14,30.18,1.57,9.85,-1.66,-0.01,-0.02,-0.01,8.41
278306,0.00,1001.14,30.18,1.56,9.82,-1.73,-0.01,-0.02,-0.01,8.41
278344,0.00,1001.14,30.18,1.59,9.83,-1.65,-0.01,-0.02,-0.01,8.41
278382,0.00,1001.14,30.18,1.57,9.79,-1.70,-0.01,-0.02,-0.01,8.41
278433,0.00,1001.14,30.18,1.59,9.76,-1.73,-0.01,-0.02,-0.01,8.41
278481,0.00,1001.14,30.18,1.54,9.80,-1.59,-0.01,-0.02,-0.01,8.41
278520,0.00,1001.14,30.17,1.59,9.80,-1.61,-0.01,-0.02,-0.01,8.41
278558,0.00,1001.14,30.17,1.61,9.79,-1.67,-0.01,-0.02,-0.01,8.41
278596,0.00,1001.14,30.17,1.62,9.80,-1.69,-0.01,-0.02,-0.01,8.41
278647,0.00,1001.14,30.17,1.56,9.76,-1.63,-0.01,-0.02,-0.01,8.41
278686,0.00,1001.14,30.17,1.62,9.86,-1.70,-0.01,-0.02,-0.01,8.41
278724,0.00,1001.14,30.17,1.66,9.85,-1.70,-0.01,-0.02,-0.01,8.41
278762,0.00,1001.13,30.17,1.57,9.83,-1.66,-0.01,-0.02,-0.01,8.41
278800,0.00,1001.13,30.17,1.60,9.79,-1.70,-0.01,-0.02,-0.01,8.41
278851,0.00,1001.13,30.18,1.58,9.86,-1.62,-0.01,-0.02,-0.00,8.41
278890,0.00,1001.13,30.18,1.57,9.80,-1.71,-0.01,-0.02,-0.01,8.41
278928,0.00,1001.13,30.17,1.62,9.82,-1.66,-0.01,-0.02,-0.01,8.41
278966,0.00,1001.14,30.18,1.62,9.81,-1.67,-0.01,-0.02,-0.00,8.41
279012,0.00,1001.14,30.18,1.57,9.82,-1.68,-0.01,-0.02,-0.00,8.41
279064,0.00,1001.13,30.18,1.57,9.84,-1.71,-0.01,-0.02,-0.01,8.41
279103,0.00,1001.14,30.17,1.58,9.82,-1.70,-0.01,-0.02,-0.01,8.41
279141,0.00,1001.14,30.17,1.54,9.81,-1.61,-0.01,-0.02,-0.01,8.41
279179,0.00,1001.14,30.17,1.52,9.78,-1.69,-0.01,-0.02,-0.01,8.41
279217,0.00,1001.14,30.17,1.57,9.82,-1.67,-0.01,-0.02,-0.01,8.41
279268,0.00,1001.14,30.18,1.61,9.81,-1.67,-0.01,-0.02,-0.01,8.41
279307,0.00,1001.13,30.17,1.58,9.81,-1.65,-0.01,-0.02,-0.01,8.41
279345,0.00,1001.13,30.17,1.53,9.88,-1.68,-0.01,-0.02,-0.01,8.41
279383,0.00,1001.13,30.18,1.54,9.84,-1.72,-0.01,-0.02,-0.01,8.41
279421,0.00,1001.14,30.18,1.54,9.83,-1.71,-0.01,-0.02,-0.01,8.41
279472,0.00,1001.14,30.18,1.64,9.82,-1.71,-0.01,-0.02,-0.01,8.41
279520,0.00,1001.13,30.18,1.57,9.78,-1.66,-0.01,-0.02,-0.01,8.41
279559,0.00,1001.13,30.17,1.60,9.83,-1.62,-0.01,-0.02,-0.01,8.41
279597,0.00,1001.13,30.17,1.58,9.81,-1.57,-0.01,-0.02,-0.00,8.41
279635,0.00,1001.13,30.17,1.57,9.80,-1.61,-0.01,-0.02,-0.00,8.40
279686,0.00,1001.13,30.17,1.55,9.75,-1.60,-0.01,-0.02,-0.01,8.40
279725,0.00,1001.12,30.17,1.59,9.84,-1.72,-0.01,-0.02,-0.01,8.40
279763,0.00,1001.13,30.17,1.60,9.80,-1.65,-0.01,-0.02,-0.01,8.40
279801,0.00,1001.13,30.17,1.55,9.81,-1.62,-0.01,-0.02,-0.01,8.40
279839,0.00,1001.13,30.18,1.61,9.86,-1.65,-0.01,-0.02,-0.01,8.41
279890,0.00,1001.13,30.18,1.59,9.81,-1.72,-0.01,-0.02,-0.01,8.40
279929,0.00,1001.14,30.18,1.56,9.82,-1.65,-0.01,-0.02,-0.01,8.41
279967,0.00,1001.14,30.18,1.58,9.82,-1.69,-0.01,-0.02,-0.01,8.40
280005,0.00,1001.13,30.18,1.56,9.82,-1.71,-0.01,-0.02,-0.01,8.40
280053,0.00,1001.14,30.18,1.55,9.81,-1.70,-0.01,-0.02,-0.01,8.40
280105,0.00,1001.14,30.18,1.61,9.87,-1.67,-0.01,-0.02,-0.01,8.40
280144,0.00,1001.14,30.17,1.56,9.76,-1.69,-0.01,-0.02,-0.01,8.41
280182,0.00,1001.13,30.17,1.58,9.81,-1.66,-0.01,-0.02,-0.01,8.41
280220,0.00,1001.14,30.17,1.59,9.80,-1.70,-0.01,-0.02,-0.01,8.41
280258,0.00,1001.14,30.17,1.61,9.81,-1.70,-0.01,-0.02,-0.01,8.40
280309,0.00,1001.14,30.17,1.50,9.81,-1.75,-0.01,-0.02,-0.01,8.40
280348,0.00,1001.14,30.17,1.60,9.84,-1.71,-0.01,-0.02,-0.01,8.40
280386,0.00,1001.14,30.17,1.60,9.84,-1.71,-0.01,-0.02,-0.01,8.40
280424,0.00,1001.14,30.17,1.58,9.85,-1.69,-0.01,-0.02,-0.00,8.41
280462,0.00,1001.13,30.17,1.58,9.80,-1.62,-0.01,-0.02,-0.01,8.41
280513,0.00,1001.14,30.18,1.58,9.84,-1.66,-0.01,-0.02,-0.01,8.41
280559,0.00,1001.14,30.17,1.59,9.89,-1.66,-0.01,-0.02,-0.01,8.40
280598,0.00,1001.14,30.17,1.55,9.84,-1.75,-0.01,-0.02,-0.01,8.40
280636,0.00,1001.13,30.17,1.58,9.86,-1.60,-0.01,-0.02,-0.01,8.40
280674,0.00,1001.14,30.17,1.58,9.80,-1.68,-0.01,-0.02,-0.01,8.41
280725,0.00,1001.14,30.17,1.59,9.81,-1.70,-0.01,-0.02,-0.01,8.41
280764,0.00,1001.14,30.17,1.59,9.87,-1.66,-0.01,-0.02,-0.01,8.41
280802,0.00,1001.14,30.17,1.58,9.80,-1.71,-0.01,-0.02,-0.01,8.41
280840,0.00,1001.14,30.17,1.61,9.80,-1.74,-0.01,-0.02,-0.00,8.41
280878,0.00,1001.14,30.17,1.60,9.84,-1.71,-0.01,-0.02,-0.01,8.40
280929,0.00,1001.14,30.18,1.56,9.82,-1.66,-0.01,-0.02,-0.01,8.40
280968,0.00,1001.14,30.18,1.62,9.84,-1.73,-0.01,-0.02,-0.00,8.40
281006,0.00,1001.14,30.17,1.59,9.86,-1.66,-0.01,-0.02,-0.01,8.40
281044,0.00,1001.13,30.17,1.64,9.85,-1.60,-0.01,-0.02,-0.01,8.40
281092,0.00,1001.14,30.18,1.60,9.75,-1.70,-0.01,-0.02,-0.01,8.40
281144,0.00,1001.14,30.18,1.56,9.84,-1.73,-0.01,-0.02,-0.00,8.40
281183,0.00,1001.14,30.17,1.58,9.83,-1.70,-0.01,-0.02,-0.01,8.40
281221,0.00,1001.14,30.17,1.59,9.85,-1.63,-0.01,-0.02,-0.01,8.40
281259,0.00,1001.13,30.17,1.58,9.84,-1.64,-0.01,-0.02,-0.00,8.40
281297,0.00,1001.14,30.17,1.58,9.81,-1.66,-0.01,-0.02,-0.01,8.41
281348,0.00,1001.13,30.17,1.59,9.79,-1.78,-0.01,-0.02,-0.01,8.40
281387,0.00,1001.14,30.17,1.59,9.82,-1.69,-0.01,-0.02,-0.01,8.41
281425,0.00,1001.14,30.17,1.60,9.76,-1.68,-0.01,-0.02,-0.01,8.41
281463,0.00,1001.14,30.17,1.58,9.84,-1.67,-0.01,-0.02,-0.01,8.41
281501,0.00,1001.14,30.17,1.60,9.82,-1.71,-0.01,-0.02,-0.01,8.40
281552,0.00,1001.14,30.18,1.56,9.79,-1.74,-0.01,-0.02,-0.01,8.40
281598,0.00,1001.14,30.18,1.59,9.87,-1.68,-0.01,-0.02,-0.01,8.41
281637,0.00,1001.14,30.17,1.54,9.83,-1.65,-0.01,-0.02,-0.01,8.40
281675,0.00,1001.15,30.17,1.60,9.83,-1.78,-0.01,-0.02,-0.01,8.40
281713,0.00,1001.14,30.17,1.54,9.76,-1.66,-0.01,-0.02,-0.01,8.40
281764,0.00,1001.15,30.17,1.63,9.80,-1.65,-0.01,-0.02,-0.01,8.40
281803,0.00,1001.15,30.17,1.54,9.87,-1.70,-0.01,-0.02,-0.01,8.40
281841,0.00,1001.14,30.17,1.61,9.85,-1.70,-0.01,-0.02,-0.01,8.40
281879,0.00,1001.14,30.17,1.59,9.81,-1.67,-0.01,-0.02,-0.01,8.40
281917,0.00,1001.14,30.17,1.61,9.88,-1.70,-0.01,-0.02,-0.00,8.40
281968,0.00,1001.14,30.17,1.55,9.82,-1.66,-0.01,-0.02,-0.01,8.40
282007,0.00,1001.13,30.17,1.60,9.80,-1.73,-0.01,-0.02,-0.00,8.40
282045,0.00,1001.14,30.17,1.58,9.83,-1.63,-0.01,-0.02,-0.01,8.40
282083,0.00,1001.14,30.17,1.58,9.79,-1.71,-0.01,-0.02,-0.01,8.40
282137,0.00,1001.15,30.18,1.61,9.84,-1.64,-0.01,-0.02,-0.01,8.40
282189,0.00,1001.15,30.17,1.58,9.83,-1.62,-0.01,-0.02,-0.01,8.40
282228,0.00,1001.15,30.17,1.59,9.84,-1.66,-0.01,-0.02,-0.01,8.40
282266,0.00,1001.15,30.17,1.58,9.83,-1.70,-0.01,-0.02,-0.01,8.40
282304,0.00,1001.15,30.17,1.62,9.83,-1.70,-0.01,-0.02,-0.01,8.40
282342,0.00,1001.16,30.17,1.59,9.82,-1.70,-0.01,-0.02,-0.01,8.41
282393,0.00,1001.16,30.17,1.54,9.83,-1.62,-0.01,-0.02,-0.01,8.41
282432,0.00,1001.16,30.17,1.60,9.85,-1.65,-0.01,-0.02,-0.01,8.41
282470,0.00,1001.15,30.17,1.58,9.80,-1.65,-0.01,-0.02,-0.01,8.41
282508,0.00,1001.14,30.17,1.56,9.85,-1.70,-0.01,-0.02,-0.01,8.41
282546,0.00,1001.14,30.17,1.56,9.84,-1.71,-0.01,-0.02,-0.01,8.40
282597,0.00,1001.14,30.17,1.58,9.82,-1.60,-0.01,-0.02,-0.01,8.40
282645,0.00,1001.14,30.17,1.55,9.85,-1.61,-0.01,-0.02,-0.01,8.41
282684,0.00,1001.14,30.17,1.56,9.85,-1.69,-0.01,-0.02,-0.01,8.41
282722,0.00,1001.15,30.17,1.56,9.80,-1.62,-0.01,-0.02,-0.01,8.41
282760,0.00,1001.14,30.17,1.61,9.78,-1.69,-0.01,-0.02,-0.01,8.41
282811,0.00,1001.15,30.17,1.60,9.87,-1.58,-0.01,-0.02,-0.01,8.41
282850,0.00,1001.15,30.17,1.59,9.83,-1.70,-0.01,-0.02,-0.01,8.41
282888,0.00,1001.14,30.17,1.58,9.79,-1.67,-0.01,-0.02,-0.01,8.41
282926,0.00,1001.14,30.17,1.60,9.78,-1.72,-0.01,-0.02,-0.01,8.41
282964,0.00,1001.15,30.17,1.56,9.79,-1.73,-0.01,-0.02,-0.01,8.41
283015,0.00,1001.16,30.17,1.59,9.83,-1.61,-0.01,-0.02,-0.01,8.41
283054,0.00,1001.15,30.17,1.61,9.83,-1.63,-0.01,-0.02,-0.01,8.41
283092,0.00,1001.15,30.17,1.65,9.78,-1.70,-0.01,-0.02,-0.01,8.40
283130,0.00,1001.16,30.17,1.55,9.80,-1.66,-0.01,-0.02,-0.01,8.40
283176,0.00,1001.16,30.17,1.57,9.83,-1.65,-0.01,-0.02,-0.01,8.40
283228,0.00,1001.16,30.17,1.59,9.82,-1.62,-0.01,-0.02,-0.01,8.40
283267,0.00,1001.16,30.17,1.60,9.81,-1.61,-0.01,-0.02,-0.01,8.40
283305,0.00,1001.16,30.17,1.58,9.85,-1.70,-0.01,-0.02,-0.01,8.40
283343,0.00,1001.16,30.17,1.53,9.83,-1.70,-0.01,-0.02,-0.01,8.40
283381,0.00,1001.14,30.17,1.57,9.87,-1.70,-0.01,-0.02,-0.01,8.40
283432,0.00,1001.14,30.17,1.56,9.82,-1.70,-0.01,-0.02,-0.01,8.40
283471,0.00,1001.14,30.17,1.59,9.85,-1.67,-0.01,-0.02,-0.00,8.40
283509,0.00,1001.15,30.17,1.58,9.73,-1.72,-0.01,-0.02,-0.01,8.40
283547,0.00,1001.15,30.17,1.62,9.75,-1.64,-0.01,-0.02,-0.01,8.40
283585,0.00,1001.14,30.17,1.58,9.80,-1.64,-0.01,-0.02,-0.01,8.40
283636,0.00,1001.14,30.17,1.56,9.77,-1.70,-0.01,-0.02,-0.01,8.40
283684,0.00,1001.14,30.17,1.55,9.84,-1.65,-0.01,-0.02,-0.01,8.40
283723,0.00,1001.15,30.17,1.60,9.86,-1.65,-0.01,-0.02,-0.01,8.40
283761,0.00,1001.14,30.17,1.58,9.81,-1.69,-0.01,-0.02,-0.01,8.40
283799,0.00,1001.14,30.17,1.60,9.78,-1.61,-0.01,-0.02,-0.00,8.41
283850,0.00,1001.13,30.17,1.57,9.82,-1.70,-0.01,-0.02,-0.01,8.40
283889,0.00,1001.13,30.17,1.61,9.82,-1.62,-0.01,-0.02,-0.01,8.40
283927,0.00,1001.13,30.17,1.58,9.79,-1.67,-0.01,-0.02,-0.01,8.41
283965,0.00,1001.13,30.17,1.58,9.79,-1.70,-0.01,-0.02,-0.01,8.41
284003,0.00,1001.14,30.17,1.60,9.83,-1.70,-0.01,-0.02,-0.01,8.41
284054,0.00,1001.14,30.17,1.62,9.81,-1.63,-0.01,-0.02,-0.01,8.41
284093,0.00,1001.14,30.17,1.59,9.82,-1.67,-0.01,-0.02,-0.01,8.41
284131,0.00,1001.13,30.17,1.60,9.81,-1.68,-0.01,-0.03,-0.00,8.41
284169,0.00,1001.14,30.17,1.53,9.86,-1.65,-0.01,-0.02,-0.01,8.41
284217,0.00,1001.13,30.17,1.56,9.83,-1.62,-0.01,-0.02,-0.01,8.41
284269,0.00,1001.13,30.17,1.55,9.84,-1.65,-0.01,-0.02,-0.00,8.41
284308,0.00,1001.13,30.17,1.61,9.79,-1.66,-0.01,-0.02,-0.01,8.41
284346,0.00,1001.12,30.17,1.58,9.78,-1.61,-0.01,-0.02,-0.01,8.41
284384,0.00,1001.12,30.17,1.64,9.85,-1.66,-0.01,-0.02,-0.01,8.41
284422,0.00,1001.13,30.17,1.59,9.81,-1.64,-0.01,-0.02,-0.01,8.41
284473,0.00,1001.13,30.17,1.55,9.80,-1.78,-0.01,-0.02,-0.01,8.41
284512,0.00,1001.12,30.17,1.56,9.85,-1.62,-0.01,-0.02,-0.01,8.41
284550,0.00,1001.13,30.17,1.59,9.83,-1.64,-0.01,-0.02,-0.01,8.41
284588,0.00,1001.13,30.17,1.61,9.80,-1.69,-0.01,-0.02,-0.01,8.41
284626,0.00,1001.13,30.17,1.57,9.83,-1.67,-0.01,-0.02,-0.01,8.41
284677,0.00,1001.14,30.17,1.60,9.81,-1.69,-0.01,-0.02,-0.01,8.41
284723,0.00,1001.14,30.17,1.64,9.84,-1.69,-0.01,-0.02,-0.01,8.41
284762,0.00,1001.15,30.17,1.59,9.85,-1.71,-0.01,-0.02,-0.01,8.41
284800,0.00,1001.15,30.17,1.57,9.83,-1.62,-0.01,-0.02,-0.01,8.41
284838,0.00,1001.15,30.17,1.60,9.82,-1.68,-0.01,-0.02,-0.01,8.41
284889,0.00,1001.14,30.17,1.53,9.86,-1.70,-0.01,-0.02,-0.01,8.41
284928,0.00,1001.14,30.17,1.61,9.83,-1.66,-0.00,-0.02,-0.01,8.41
284966,0.00,1001.14,30.17,1.62,9.82,-1.65,-0.01,-0.02,-0.01,8.41
285004,0.00,1001.14,30.17,1.55,9.79,-1.70,-0.01,-0.02,-0.01,8.41
285042,0.00,1001.13,30.17,1.65,9.85,-1.68,-0.01,-0.02,-0.00,8.41
285093,0.00,1001.13,30.17,1.57,9.84,-1.67,-0.01,-0.02,-0.01,8.41
285132,0.00,1001.13,30.17,1.56,9.81,-1.71,-0.01,-0.02,-0.01,8.41
285170,0.00,1001.13,30.17,1.62,9.84,-1.74,-0.01,-0.02,-0.01,8.41
285208,0.00,1001.12,30.17,1.65,9.77,-1.73,-0.01,-0.02,-0.01,8.41
285256,0.00,1001.13,30.17,1.62,9.86,-1.70,-0.01,-0.02,-0.00,8.41
285308,0.00,1001.14,30.17,1.53,9.82,-1.57,-0.01,-0.02,-0.01,8.41
285347,0.00,1001.14,30.17,1.63,9.80,-1.59,-0.01,-0.02,-0.01,8.41
285385,0.00,1001.14,30.17,1.56,9.82,-1.67,-0.01,-0.02,-0.01,8.41
285423,0.00,1001.14,30.17,1.57,9.82,-1.70,-0.01,-0.02,-0.01,8.41
285461,0.00,1001.14,30.17,1.58,9.84,-1.67,-0.01,-0.02,-0.01,8.41
285512,0.00,1001.13,30.17,1.55,9.82,-1.70,-0.01,-0.02,-0.01,8.41
285551,0.00,1001.13,30.17,1.56,9.81,-1.68,-0.01,-0.02,-0.01,8.41
285589,0.00,1001.13,30.17,1.56,9.81,-1.65,-0.01,-0.02,-0.01,8.41
285627,0.00,1001.13,30.17,1.62,9.89,-1.68,-0.01,-0.02,-0.01,8.41
285665,0.00,1001.14,30.17,1.57,9.89,-1.66,-0.01,-0.02,-0.01,8.41
285716,0.00,1001.13,30.17,1.58,9.86,-1.65,-0.01,-0.02,-0.01,8.41
285762,0.00,1001.13,30.17,1.59,9.83,-1.69,-0.01,-0.02,-0.01,8.40
285801,0.00,1001.13,30.17,1.58,9.86,-1.71,-0.01,-0.02,-0.01,8.41
285839,0.00,1001.12,30.17,1.61,9.86,-1.66,-0.01,-0.02,-0.01,8.41
285877,0.00,1001.13,30.17,1.60,9.77,-1.68,-0.01,-0.02,-0.01,8.41
285928,0.00,1001.13,30.17,1.58,9.80,-1.70,-0.01,-0.02,-0.01,8.41
285967,0.00,1001.13,30.17,1.61,9.83,-1.66,-0.01,-0.02,-0.01,8.41
286005,0.00,1001.12,30.17,1.51,9.77,-1.67,-0.01,-0.02,-0.01,8.41
286043,0.00,1001.13,30.17,1.56,9.84,-1.71,-0.01,-0.02,-0.01,8.41
286081,0.00,1001.13,30.17,1.58,9.86,-1.62,-0.01,-0.02,-0.01,8.41
286132,0.00,1001.13,30.17,1.59,9.79,-1.70,-0.01,-0.02,-0.01,8.41
286171,0.00,1001.13,30.17,1.62,9.89,-1.65,-0.01,-0.02,-0.01,8.41
286209,0.00,1001.13,30.17,1.60,9.80,-1.73,-0.01,-0.02,-0.01,8.41
286247,0.00,1001.13,30.17,1.59,9.84,-1.69,-0.01,-0.02,-0.01,8.41
286295,0.00,1001.13,30.17,1.60,9.85,-1.72,-0.01,-0.02,-0.01,8.41
286347,0.00,1001.13,30.17,1.53,9.77,-1.73,-0.01,-0.02,-0.01,8.41
286386,0.00,1001.13,30.17,1.58,9.80,-1.69,-0.01,-0.02,-0.01,8.41
286424,0.00,1001.15,30.17,1.60,9.78,-1.61,-0.01,-0.02,-0.01,8.41
286462,0.00,1001.14,30.17,1.61,9.79,-1.73,-0.01,-0.02,-0.01,8.41
286500,0.00,1001.14,30.17,1.62,9.83,-1.58,-0.01,-0.03,-0.01,8.40
286551,0.00,1001.14,30.17,1.56,9.86,-1.74,-0.01,-0.02,-0.01,8.41
286590,0.00,1001.13,30.17,1.60,9.81,-1.71,-0.01,-0.02,-0.00,8.40
286628,0.00,1001.13,30.17,1.57,9.85,-1.71,-0.01,-0.02,-0.01,8.40
286666,0.00,1001.13,30.17,1.58,9.83,-1.66,-0.01,-0.02,-0.01,8.40
286704,0.00,1001.13,30.17,1.56,9.83,-1.63,-0.01,-0.02,-0.01,8.40
286755,0.00,1001.14,30.17,1.58,9.81,-1.66,-0.01,-0.02,-0.01,8.40
286803,0.00,1001.14,30.17,1.63,9.84,-1.71,-0.01,-0.02,-0.01,8.40
286842,0.00,1001.13,30.17,1.52,9.80,-1.66,-0.01,-0.02,-0.00,8.40
286880,0.00,1001.13,30.17,1.54,9.83,-1.62,-0.01,-0.02,-0.01,8.41
286918,0.00,1001.13,30.17,1.58,9.85,-1.69,-0.01,-0.02,-0.01,8.41
286969,0.00,1001.14,30.17,1.62,9.78,-1.69,-0.01,-0.02,-0.01,8.40
287008,0.00,1001.13,30.17,1.62,9.80,-1.70,-0.01,-0.02,-0.01,8.40
287046,0.00,1001.14,30.17,1.58,9.88,-1.78,-0.01,-0.02,-0.01,8.40
287084,0.00,1001.13,30.17,1.58,9.77,-1.70,-0.01,-0.02,-0.01,8.40
287122,0.00,1001.13,30.17,1.55,9.77,-1.67,-0.01,-0.02,-0.01,8.40
287173,0.00,1001.13,30.17,1.64,9.89,-1.59,-0.01,-0.02,-0.01,8.41
287212,0.00,1001.14,30.17,1.59,9.80,-1.65,-0.01,-0.02,-0.01,8.41
287250,0.00,1001.14,30.17,1.63,9.87,-1.72,-0.01,-0.02,-0.01,8.41
287288,0.00,1001.14,30.17,1.60,9.83,-1.64,-0.01,-0.02,-0.01,8.41
287334,0.00,1001.14,30.17,1.57,9.85,-1.65,-0.01,-0.02,-0.01,8.41
287386,0.00,1001.14,30.17,1.54,9.79,-1.70,-0.01,-0.02,-0.01,8.41
287425,0.00,1001.14,30.17,1.62,9.78,-1.71,-0.01,-0.02,-0.01,8.41
287463,0.00,1001.13,30.17,1.61,9.83,-1.60,-0.01,-0.02,-0.01,8.41
287501,0.00,1001.14,30.17,1.58,9.84,-1.70,-0.01,-0.02,-0.01,8.41
287539,0.00,1001.14,30.17,1.54,9.85,-1.73,-0.01,-0.02,-0.01,8.40
287590,0.00,1001.13,30.17,1.59,9.82,-1.68,-0.01,-0.02,-0.01,8.40
287629,0.00,1001.13,30.17,1.55,9.79,-1.61,-0.01,-0.02,-0.01,8.40
287667,0.00,1001.14,30.17,1.62,9.82,-1.56,-0.01,-0.02,-0.01,8.40
287705,0.00,1001.13,30.17,1.57,9.85,-1.62,-0.01,-0.02,-0.00,8.40
287743,0.00,1001.14,30.17,1.57,9.80,-1.67,-0.01,-0.02,-0.01,8.40
287794,0.00,1001.13,30.17,1.58,9.86,-1.71,-0.01,-0.02,-0.01,8.40
287842,0.00,1001.14,30.17,1.57,9.81,-1.65,-0.01,-0.02,-0.01,8.40
287881,0.00,1001.14,30.17,1.61,9.83,-1.64,-0.01,-0.02,-0.01,8.40
287919,0.00,1001.14,30.17,1.58,9.80,-1.60,-0.01,-0.02,-0.01,8.40
287957,0.00,1001.14,30.17,1.65,9.81,-1.69,-0.01,-0.02,-0.01,8.41
288008,0.00,1001.14,30.17,1.59,9.81,-1.62,-0.01,-0.02,-0.01,8.41
288047,0.00,1001.14,30.17,1.55,9.81,-1.73,-0.01,-0.02,-0.01,8.41
288085,0.00,1001.14,30.17,1.58,9.80,-1.75,-0.01,-0.02,-0.01,8.41
288123,0.00,1001.14,30.17,1.57,9.81,-1.68,-0.01,-0.02,-0.01,8.41
288161,0.00,1001.14,30.17,1.61,9.84,-1.63,-0.01,-0.02,-0.01,8.41
288212,0.00,1001.14,30.17,1.56,9.85,-1.60,-0.01,-0.02,-0.01,8.41
288251,0.00,1001.14,30.17,1.56,9.74,-1.65,-0.01,-0.02,-0.01,8.41
288289,0.00,1001.14,30.17,1.55,9.82,-1.76,-0.01,-0.02,-0.01,8.41
288327,0.00,1001.16,30.17,1.58,9.84,-1.66,-0.01,-0.02,-0.01,8.41
288373,0.00,1001.16,30.17,1.60,9.84,-1.69,-0.01,-0.02,-0.01,8.41
288425,0.00,1001.16,30.17,1.52,9.85,-1.69,-0.01,-0.02,-0.01,8.41
288464,0.00,1001.16,30.17,1.58,9.86,-1.64,-0.01,-0.02,-0.01,8.41
288502,0.00,1001.16,30.17,1.58,9.79,-1.75,-0.01,-0.02,-0.01,8.40
288540,0.00,1001.16,30.17,1.59,9.80,-1.73,-0.01,-0.02,-0.00,8.41
288578,0.00,1001.16,30.17,1.62,9.86,-1.67,-0.01,-0.02,-0.01,8.40
288629,0.00,1001.15,30.17,1.55,9.79,-1.69,-0.01,-0.02,-0.01,8.41
288668,0.00,1001.15,30.17,1.53,9.85,-1.59,-0.01,-0.02,-0.01,8.40
288706,0.00,1001.15,30.17,1.58,9.82,-1.68,-0.01,-0.02,-0.01,8.40
288744,0.00,1001.15,30.17,1.62,9.82,-1.58,-0.01,-0.02,-0.01,8.40
288782,0.00,1001.14,30.17,1.58,9.78,-1.66,-0.01,-0.02,-0.01,8.40
288833,0.00,1001.14,30.17,1.57,9.87,-1.69,-0.01,-0.02,-0.01,8.40
288881,0.00,1001.14,30.17,1.59,9.80,-1.67,-0.01,-0.02,-0.01,8.40
288920,0.00,1001.14,30.17,1.60,9.86,-1.59,-0.01,-0.02,-0.00,8.40
288958,0.00,1001.14,30.17,1.52,9.81,-1.65,-0.01,-0.02,-0.01,8.40
288996,0.00,1001.14,30.17,1.64,9.81,-1.68,-0.01,-0.02,-0.01,8.40
289047,0.00,1001.14,30.17,1.60,9.78,-1.66,-0.01,-0.02,-0.01,8.41
289086,0.00,1001.13,30.17,1.56,9.86,-1.61,-0.01,-0.02,-0.01,8.40
289124,0.00,1001.13,30.17,1.55,9.84,-1.65,-0.01,-0.02,-0.01,8.40
289162,0.00,1001.14,30.17,1.56,9.87,-1.58,-0.01,-0.02,-0.01,8.40
289200,0.00,1001.14,30.17,1.57,9.82,-1.71,-0.01,-0.02,-0.00,8.41
289251,0.00,1001.14,30.17,1.63,9.83,-1.68,-0.01,-0.02,-0.01,8.41
289290,0.00,1001.14,30.17,1.66,9.81,-1.77,-0.01,-0.02,-0.01,8.41
289328,0.00,1001.14,30.17,1.54,9.82,-1.70,-0.01,-0.02,-0.00,8.41
289366,0.00,1001.14,30.17,1.57,9.83,-1.58,-0.01,-0.02,-0.01,8.41
289414,0.00,1001.14,30.17,1.58,9.82,-1.68,-0.01,-0.02,-0.01,8.41
289466,0.00,1001.14,30.17,1.67,9.76,-1.64,-0.01,-0.02,-0.01,8.41
289505,0.00,1001.14,30.17,1.57,9.87,-1.64,-0.01,-0.02,-0.01,8.41
289543,0.00,1001.14,30.17,1.56,9.83,-1.64,-0.01,-0.02,-0.00,8.41
289581,0.00,1001.14,30.17,1.54,9.84,-1.66,-0.01,-0.02,-0.00,8.41
289619,0.00,1001.14,30.17,1.57,9.79,-1.74,-0.01,-0.02,-0.01,8.41
289670,0.00,1001.14,30.17,1.59,9.83,-1.70,-0.01,-0.02,-0.01,8.41
289709,0.00,1001.14,30.17,1.55,9.80,-1.67,-0.01,-0.02,-0.01,8.41
289747,0.00,1001.14,30.17,1.57,9.80,-1.72,-0.01,-0.02,-0.01,8.41
289785,0.00,1001.14,30.17,1.58,9.89,-1.62,-0.01,-0.02,-0.01,8.41
289823,0.00,1001.14,30.17,1.59,9.80,-1.73,-0.01,-0.02,-0.01,8.41
289874,0.00,1001.14,30.17,1.57,9.77,-1.57,-0.01,-0.02,-0.01,8.41
289920,0.00,1001.14,30.17,1.66,9.84,-1.75,-0.01,-0.02,-0.01,8.41
289959,0.00,1001.13,30.17,1.63,9.76,-1.71,-0.01,-0.02,-0.01,8.41
289997,0.00,1001.13,30.17,1.60,9.81,-1.66,-0.01,-0.02,-0.01,8.40
290035,0.00,1001.13,30.17,1.61,9.81,-1.69,-0.01,-0.03,-0.01,8.40
290086,0.00,1001.13,30.17,1.60,9.79,-1.66,-0.01,-0.02,-0.01,8.40
290125,0.00,1001.13,30.17,1.58,9.84,-1.65,-0.01,-0.02,-0.01,8.40
290163,0.00,1001.13,30.17,1.61,9.84,-1.70,-0.01,-0.02,-0.01,8.40
290201,0.00,1001.13,30.17,1.59,9.84,-1.63,-0.01,-0.02,-0.01,8.41
290239,0.00,1001.13,30.17,1.54,9.80,-1.65,-0.01,-0.02,-0.01,8.41
290290,0.00,1001.12,30.17,1.57,9.85,-1.74,-0.01,-0.02,-0.01,8.40
290329,0.00,1001.13,30.17,1.64,9.80,-1.81,-0.01,-0.02,-0.01,8.41
290367,0.00,1001.13,30.17,1.58,9.79,-1.74,-0.01,-0.02,-0.01,8.40
290405,0.00,1001.12,30.17,1.60,9.86,-1.64,-0.01,-0.02,-0.01,8.40
290453,0.00,1001.13,30.17,1.56,9.81,-1.54,-0.01,-0.02,-0.01,8.40
290505,0.00,1001.13,30.17,1.53,9.78,-1.67,-0.01,-0.02,-0.01,8.40
290544,0.00,1001.13,30.17,1.62,9.82,-1.71,-0.01,-0.02,-0.01,8.40
290582,0.00,1001.13,30.17,1.59,9.87,-1.63,-0.01,-0.02,-0.01,8.40
290620,0.00,1001.13,30.17,1.56,9.84,-1.65,-0.01,-0.02,-0.01,8.40
290658,0.00,1001.13,30.17,1.58,9.80,-1.74,-0.01,-0.02,-0.01,8.40
290709,0.00,1001.13,30.17,1.57,9.82,-1.71,-0.01,-0.02,-0.01,8.40
290748,0.00,1001.13,30.17,1.63,9.81,-1.67,-0.01,-0.02,-0.00,8.40
290786,0.00,1001.14,30.17,1.59,9.84,-1.59,-0.01,-0.02,-0.00,8.41
290824,0.00,1001.14,30.17,1.58,9.84,-1.62,-0.01,-0.02,-0.01,8.41
290862,0.00,1001.14,30.17,1.61,9.77,-1.68,-0.01,-0.02,-0.01,8.41
290913,0.00,1001.14,30.17,1.61,9.85,-1.65,-0.01,-0.02,-0.01,8.41
290959,0.00,1001.13,30.17,1.51,9.90,-1.69,-0.01,-0.02,-0.01,8.40
290998,0.00,1001.13,30.17,1.61,9.82,-1.60,-0.01,-0.02,-0.01,8.41
291036,0.00,1001.14,30.17,1.60,9.84,-1.62,-0.01,-0.02,-0.01,8.40
291074,0.00,1001.14,30.17,1.60,9.82,-1.71,-0.01,-0.02,-0.01,8.40
291125,0.00,1001.14,30.17,1.63,9.89,-1.70,-0.01,-0.02,-0.01,8.41
291164,0.00,1001.13,30.17,1.58,9.89,-1.73,-0.01,-0.02,-0.01,8.41
291202,0.00,1001.15,30.17,1.57,9.82,-1.74,-0.01,-0.02,-0.01,8.41
291240,0.00,1001.14,30.17,1.62,9.87,-1.69,-0.01,-0.02,-0.01,8.41
291278,0.00,1001.14,30.17,1.58,9.86,-1.58,-0.01,-0.02,-0.01,8.41
291329,0.00,1001.14,30.17,1.57,9.84,-1.64,-0.01,-0.02,-0.01,8.41
291368,0.00,1001.15,30.17,1.57,9.84,-1.65,-0.01,-0.02,-0.01,8.41
291406,0.00,1001.15,30.17,1.59,9.78,-1.73,-0.01,-0.02,-0.01,8.41
291444,0.00,1001.15,30.17,1.58,9.83,-1.68,-0.01,-0.02,-0.01,8.40
291498,0.00,1001.15,30.17,1.59,9.83,-1.67,-0.01,-0.02,-0.01,8.40
291550,0.00,1001.14,30.17,1.60,9.78,-1.66,-0.01,-0.02,-0.01,8.40
291589,0.00,1001.14,30.17,1.60,9.78,-1.62,-0.01,-0.02,-0.01,8.40
291627,0.00,1001.14,30.16,1.57,9.82,-1.76,-0.01,-0.02,-0.01,8.40
291665,0.00,1001.15,30.16,1.56,9.81,-1.69,-0.01,-0.02,-0.01,8.40
291703,0.00,1001.15,30.16,1.58,9.84,-1.71,-0.01,-0.02,-0.00,8.41
291754,0.00,1001.14,30.17,1.58,9.86,-1.67,-0.01,-0.02,-0.01,8.41
291793,0.00,1001.14,30.17,1.61,9.85,-1.67,-0.01,-0.02,-0.01,8.41
291831,0.00,1001.14,30.16,1.55,9.82,-1.73,-0.01,-0.02,-0.01,8.40
291869,0.00,1001.13,30.17,1.55,9.81,-1.65,-0.01,-0.02,-0.01,8.40
291907,0.00,1001.13,30.17,1.58,9.80,-1.80,-0.01,-0.02,-0.01,8.40
291958,0.00,1001.14,30.17,1.63,9.85,-1.81,-0.01,-0.02,-0.01,8.40
292006,0.00,1001.14,30.17,1.56,9.82,-1.64,-0.01,-0.02,-0.01,8.41
292045,0.00,1001.14,30.17,1.55,9.81,-1.65,-0.01,-0.02,-0.01,8.41
292083,0.00,1001.14,30.17,1.58,9.80,-1.57,-0.01,-0.02,-0.00,8.41
292121,0.00,1001.13,30.17,1.54,9.81,-1.63,-0.01,-0.02,-0.01,8.41
292172,0.00,1001.14,30.17,1.62,9.85,-1.67,-0.01,-0.02,-0.01,8.40
292211,0.00,1001.14,30.17,1.62,9.85,-1.69,-0.01,-0.02,-0.01,8.40
292249,0.00,1001.14,30.17,1.59,9.83,-1.66,-0.01,-0.02,-0.01,8.41
292287,0.00,1001.14,30.17,1.62,9.79,-1.62,-0.01,-0.02,-0.01,8.40
292325,0.00,1001.14,30.17,1.64,9.84,-1.65,-0.01,-0.02,-0.01,8.41
292376,0.00,1001.14,30.17,1.55,9.84,-1.73,-0.01,-0.02,-0.01,8.40
292415,0.00,1001.14,30.17,1.62,9.86,-1.72,-0.01,-0.02,-0.00,8.40
292453,0.00,1001.14,30.17,1.58,9.83,-1.73,-0.01,-0.02,-0.01,8.41
292491,0.00,1001.15,30.17,1.61,9.85,-1.68,-0.01,-0.02,-0.01,8.41
292537,0.00,1001.14,30.17,1.57,9.81,-1.67,-0.01,-0.02,-0.01,8.41
292589,0.00,1001.14,30.17,1.56,9.87,-1.63,-0.01,-0.02,-0.01,8.41
292628,0.00,1001.14,30.17,1.56,9.85,-1.62,-0.01,-0.02,-0.01,8.41
292666,0.00,1001.14,30.17,1.61,9.82,-1.68,-0.01,-0.02,-0.01,8.41
292704,0.00,1001.14,30.17,1.61,9.85,-1.72,-0.01,-0.02,-0.01,8.41
292742,0.00,1001.13,30.17,1.58,9.81,-1.73,-0.01,-0.02,-0.01,8.41
292793,0.00,1001.14,30.17,1.50,9.77,-1.63,-0.01,-0.02,-0.01,8.41
292832,0.00,1001.14,30.17,1.55,9.80,-1.70,-0.01,-0.02,-0.01,8.40
292870,0.00,1001.14,30.17,1.58,9.80,-1.65,-0.01,-0.02,-0.01,8.40
292908,0.00,1001.14,30.17,1.62,9.80,-1.66,-0.01,-0.02,-0.01,8.40
292946,0.00,1001.14,30.17,1.52,9.77,-1.63,-0.01,-0.02,-0.01,8.40
292997,0.00,1001.14,30.17,1.61,9.84,-1.70,-0.01,-0.02,-0.01,8.40
293045,0.00,1001.13,30.17,1.64,9.85,-1.59,-0.01,-0.02,-0.01,8.40
293084,0.00,1001.13,30.17,1.59,9.78,-1.60,-0.01,-0.02,-0.01,8.40
293122,0.00,1001.14,30.17,1.61,9.83,-1.64,-0.01,-0.02,-0.01,8.40
293160,0.00,1001.15,30.17,1.58,9.81,-1.77,-0.01,-0.02,-0.01,8.40
293211,0.00,1001.15,30.17,1.50,9.82,-1.70,-0.01,-0.02,-0.01,8.40
293250,0.00,1001.16,30.17,1.59,9.84,-1.69,-0.01,-0.02,-0.01,8.40
293288,0.00,1001.14,30.17,1.59,9.78,-1.62,-0.01,-0.02,-0.01,8.41
293326,0.00,1001.14,30.17,1.58,9.85,-1.62,-0.01,-0.02,-0.01,8.41
293364,0.00,1001.14,30.17,1.60,9.81,-1.63,-0.01,-0.02,-0.01,8.41
293415,0.00,1001.14,30.17,1.55,9.82,-1.67,-0.01,-0.02,-0.01,8.40
293454,0.00,1001.14,30.17,1.58,9.82,-1.65,-0.01,-0.02,-0.01,8.41
293492,0.00,1001.15,30.17,1.56,9.85,-1.71,-0.01,-0.02,-0.01,8.41
293530,0.00,1001.14,30.17,1.59,9.82,-1.59,-0.01,-0.02,-0.01,8.41
293578,0.00,1001.14,30.17,1.54,9.86,-1.62,-0.01,-0.02,-0.01,8.40
293630,0.00,1001.14,30.17,1.64,9.84,-1.63,-0.01,-0.02,-0.01,8.40
293669,0.00,1001.15,30.17,1.59,9.84,-1.63,-0.01,-0.02,-0.01,8.40
293707,0.00,1001.14,30.16,1.59,9.77,-1.69,-0.01,-0.02,-0.01,8.40
293745,0.00,1001.15,30.17,1.60,9.75,-1.66,-0.01,-0.02,-0.00,8.41
293783,0.00,1001.14,30.17,1.62,9.82,-1.67,-0.01,-0.02,-0.01,8.41
293834,0.00,1001.14,30.17,1.62,9.82,-1.63,-0.01,-0.02,-0.01,8.41
293873,0.00,1001.16,30.17,1.61,9.85,-1.67,-0.01,-0.02,-0.01,8.41
293911,0.00,1001.16,30.17,1.60,9.83,-1.68,-0.01,-0.02,-0.00,8.40
293949,0.00,1001.16,30.17,1.59,9.86,-1.69,-0.01,-0.02,-0.01,8.41
293987,0.00,1001.15,30.17,1.56,9.77,-1.68,-0.01,-0.02,-0.01,8.41
294038,0.00,1001.15,30.17,1.56,9.77,-1.70,-0.01,-0.02,-0.01,8.40
294084,0.00,1001.15,30.17,1.57,9.76,-1.58,-0.01,-0.02,-0.01,8.41
294123,0.00,1001.14,30.17,1.53,9.79,-1.66,-0.01,-0.02,-0.01,8.41
294161,0.00,1001.15,30.17,1.58,9.85,-1.66,-0.01,-0.02,-0.01,8.40
294199,0.00,1001.16,30.17,1.57,9.82,-1.65,-0.01,-0.02,-0.01,8.41
294250,0.00,1001.15,30.17,1.59,9.85,-1.71,-0.01,-0.02,-0.01,8.40
294289,0.00,1001.15,30.17,1.57,9.84,-1.61,-0.01,-0.02,-0.01,8.40
294327,0.00,1001.15,30.17,1.58,9.78,-1.65,-0.01,-0.02,-0.01,8.41
294365,0.00,1001.15,30.17,1.53,9.84,-1.58,-0.01,-0.02,-0.01,8.41
294403,0.00,1001.14,30.17,1.54,9.85,-1.70,-0.01,-0.02,-0.01,8.41
294454,0.00,1001.15,30.17,1.58,9.79,-1.74,-0.01,-0.02,-0.00,8.40
294493,0.00,1001.15,30.17,1.62,9.78,-1.69,-0.01,-0.02,-0.01,8.41
294531,0.00,1001.15,30.17,1.53,9.77,-1.70,-0.01,-0.02,-0.01,8.40
294569,0.00,1001.15,30.17,1.63,9.87,-1.66,-0.01,-0.02,-0.01,8.40
294617,0.00,1001.15,30.17,1.63,9.84,-1.61,-0.01,-0.02,-0.01,8.40
294669,0.00,1001.15,30.17,1.58,9.82,-1.64,-0.01,-0.02,-0.01,8.40
294708,0.00,1001.15,30.17,1.57,9.86,-1.67,-0.01,-0.02,-0.01,8.41
294746,0.00,1001.16,30.17,1.55,9.81,-1.72,-0.01,-0.02,-0.01,8.40
294784,0.00,1001.15,30.17,1.60,9.82,-1.69,-0.01,-0.02,-0.01,8.40
294822,0.00,1001.15,30.17,1.57,9.85,-1.65,-0.01,-0.02,-0.01,8.41
294873,0.00,1001.15,30.17,1.59,9.84,-1.60,-0.01,-0.02,-0.01,8.41
294912,0.00,1001.15,30.17,1.63,9.78,-1.71,-0.01,-0.02,-0.01,8.41
294950,0.00,1001.14,30.17,1.63,9.81,-1.75,-0.01,-0.02,-0.01,8.40
294988,0.00,1001.14,30.17,1.52,9.86,-1.67,-0.01,-0.02,-0.01,8.40
295026,0.00,1001.15,30.17,1.49,9.80,-1.64,-0.01,-0.02,-0.01,8.41
295077,0.00,1001.15,30.17,1.57,9.87,-1.72,-0.01,-0.02,-0.00,8.40
295123,0.00,1001.15,30.17,1.61,9.77,-1.66,-0.01,-0.02,-0.01,8.40
295162,0.00,1001.16,30.17,1.63,9.81,-1.70,-0.01,-0.02,-0.01,8.40
295200,0.00,1001.16,30.17,1.61,9.82,-1.64,-0.01,-0.02,-0.01,8.40
295238,0.00,1001.16,30.17,1.60,9.82,-1.75,-0.01,-0.02,-0.01,8.40
295289,0.00,1001.16,30.17,1.60,9.83,-1.69,-0.01,-0.02,-0.01,8.40
295328,0.00,1001.16,30.17,1.60,9.80,-1.71,-0.01,-0.02,-0.01,8.40
295366,0.00,1001.15,30.17,1.58,9.83,-1.70,-0.01,-0.02,-0.01,8.40
295404,0.00,1001.16,30.17,1.58,9.82,-1.67,-0.01,-0.02,-0.01,8.40
295442,0.00,1001.15,30.17,1.57,9.85,-1.70,-0.01,-0.02,-0.01,8.40
295493,0.00,1001.15,30.17,1.58,9.84,-1.72,-0.01,-0.02,-0.01,8.40
295532,0.00,1001.14,30.17,1.61,9.83,-1.68,-0.01,-0.02,-0.01,8.40
295570,0.00,1001.15,30.17,1.58,9.85,-1.66,-0.01,-0.02,-0.01,8.40
295608,0.00,1001.15,30.17,1.60,9.81,-1.65,-0.01,-0.02,-0.01,8.40
295656,0.00,1001.15,30.17,1.59,9.83,-1.65,-0.01,-0.02,-0.01,8.40
295708,0.00,1001.16,30.17,1.59,9.84,-1.70,-0.01,-0.02,-0.00,8.40
295747,0.00,1001.16,30.17,1.59,9.83,-1.70,-0.01,-0.02,-0.01,8.40
295785,0.00,1001.16,30.17,1.56,9.83,-1.61,-0.01,-0.02,-0.01,8.40
295823,0.00,1001.15,30.17,1.62,9.85,-1.63,-0.01,-0.02,-0.01,8.40
295861,0.00,1001.15,30.17,1.52,9.79,-1.70,-0.01,-0.02,-0.00,8.40
295912,0.00,1001.15,30.17,1.52,9.81,-1.62,-0.01,-0.02,-0.01,8.40
295951,0.00,1001.15,30.17,1.56,9.84,-1.67,-0.01,-0.02,-0.01,8.40
295989,0.00,1001.16,30.17,1.55,9.86,-1.70,-0.01,-0.02,-0.00,8.40
296027,0.00,1001.16,30.17,1.64,9.79,-1.71,-0.01,-0.02,-0.00,8.40
296065,0.00,1001.15,30.17,1.60,9.84,-1.69,-0.01,-0.02,-0.01,8.40
296116,0.00,1001.14,30.17,1.55,9.86,-1.62,-0.01,-0.02,-0.01,8.40
296164,0.00,1001.14,30.17,1.65,9.81,-1.61,-0.01,-0.02,-0.00,8.40
296203,0.00,1001.14,30.17,1.59,9.82,-1.63,-0.01,-0.02,-0.01,8.41
296241,0.00,1001.15,30.17,1.59,9.79,-1.76,-0.00,-0.02,-0.01,8.40
296279,0.00,1001.15,30.17,1.62,9.79,-1.73,-0.01,-0.02,-0.01,8.40
296330,0.00,1001.16,30.17,1.60,9.83,-1.72,-0.01,-0.02,-0.01,8.40
296369,0.00,1001.15,30.17,1.54,9.79,-1.74,-0.01,-0.02,-0.01,8.40
296407,0.00,1001.15,30.17,1.60,9.83,-1.60,-0.01,-0.02,-0.00,8.40
296445,0.00,1001.14,30.17,1.60,9.83,-1.64,-0.01,-0.02,-0.01,8.40
296483,0.00,1001.15,30.17,1.58,9.80,-1.62,-0.01,-0.02,-0.01,8.40
296534,0.00,1001.15,30.17,1.58,9.82,-1.66,-0.01,-0.02,-0.01,8.40
296573,0.00,1001.16,30.17,1.58,9.84,-1.70,-0.01,-0.02,-0.01,8.40
296611,0.00,1001.16,30.17,1.57,9.82,-1.65,-0.01,-0.02,-0.01,8.40
296649,0.00,1001.15,30.17,1.56,9.90,-1.60,-0.01,-0.02,-0.01,8.40
296706,0.00,1001.15,30.17,1.60,9.83,-1.65,-0.01,-0.02,-0.01,8.40
296758,0.00,1001.14,30.17,1.60,9.82,-1.69,-0.01,-0.02,-0.01,8.40
296797,0.00,1001.14,30.16,1.59,9.81,-1.68,-0.01,-0.02,-0.01,8.40
296835,0.00,1001.15,30.16,1.53,9.79,-1.67,-0.01,-0.02,-0.00,8.40
296873,0.00,1001.15,30.16,1.55,9.82,-1.70,-0.01,-0.02,-0.01,8.40
296911,0.00,1001.15,30.16,1.58,9.83,-1.60,-0.01,-0.02,-0.01,8.40
296962,0.00,1001.15,30.17,1.63,9.83,-1.65,-0.01,-0.02,-0.01,8.41
297001,0.00,1001.14,30.16,1.53,9.81,-1.69,-0.01,-0.02,-0.01,8.41
297039,0.00,1001.15,30.17,1.56,9.80,-1.70,-0.01,-0.02,-0.01,8.40
297077,0.00,1001.14,30.17,1.58,9.82,-1.75,-0.01,-0.02,-0.01,8.40
297115,0.00,1001.14,30.17,1.61,9.79,-1.63,-0.01,-0.02,-0.01,8.40
297166,0.00,1001.14,30.17,1.61,9.81,-1.67,-0.01,-0.02,-0.01,8.40
297215,0.00,1001.15,30.17,1.56,9.81,-1.72,-0.01,-0.02,-0.01,8.40
297254,0.00,1001.15,30.16,1.60,9.84,-1.58,-0.01,-0.03,-0.01,8.40
297292,0.00,1001.15,30.16,1.60,9.85,-1.68,-0.01,-0.02,-0.01,8.41
297330,0.00,1001.14,30.17,1.58,9.82,-1.68,-0.01,-0.02,-0.01,8.40
297382,0.00,1001.14,30.17,1.59,9.85,-1.60,-0.01,-0.02,-0.01,8.40
297421,0.00,1001.13,30.16,1.55,9.85,-1.67,-0.01,-0.02,-0.01,8.40
297459,0.00,1001.14,30.16,1.55,9.80,-1.63,-0.01,-0.02,-0.01,8.40
297497,0.00,1001.14,30.17,1.59,9.81,-1.70,-0.01,-0.02,-0.01,8.40
297535,0.00,1001.14,30.17,1.57,9.86,-1.69,-0.01,-0.02,-0.01,8.40
297586,0.00,1001.14,30.17,1.59,9.84,-1.70,-0.01,-0.02,-0.00,8.40
297625,0.00,1001.14,30.17,1.58,9.82,-1.69,-0.01,-0.02,-0.01,8.40
297663,0.00,1001.14,30.17,1.60,9.83,-1.68,-0.01,-0.02,-0.01,8.40
297701,0.00,1001.14,30.17,1.55,9.78,-1.69,-0.01,-0.02,-0.01,8.40
297747,0.00,1001.14,30.17,1.56,9.82,-1.64,-0.01,-0.02,-0.01,8.40
297799,0.00,1001.14,30.17,1.58,9.84,-1.69,-0.01,-0.02,-0.01,8.40
297838,0.00,1001.15,30.16,1.59,9.85,-1.72,-0.01,-0.02,-0.01,8.40
297876,0.00,1001.14,30.16,1.57,9.83,-1.65,-0.01,-0.02,-0.01,8.40
297914,0.00,1001.14,30.16,1.58,9.82,-1.70,-0.02,-0.02,-0.01,8.40
297952,0.00,1001.14,30.16,1.55,9.84,-1.61,-0.01,-0.02,-0.01,8.40
298003,0.00,1001.14,30.17,1.57,9.81,-1.67,-0.01,-0.02,-0.01,8.40
298042,0.00,1001.15,30.17,1.55,9.78,-1.73,-0.01,-0.02,-0.01,8.40
298080,0.00,1001.15,30.16,1.55,9.78,-1.67,-0.01,-0.02,-0.01,8.40
298118,0.00,1001.15,30.16,1.60,9.80,-1.66,-0.01,-0.02,-0.01,8.40
298156,0.00,1001.15,30.17,1.58,9.84,-1.73,-0.01,-0.02,-0.01,8.40
298207,0.00,1001.15,30.17,1.58,9.82,-1.69,-0.01,-0.02,-0.01,8.40
298255,0.00,1001.15,30.17,1.65,9.86,-1.67,-0.01,-0.02,-0.00,8.40
298294,0.00,1001.15,30.16,1.59,9.86,-1.65,-0.01,-0.02,-0.01,8.40
298332,0.00,1001.15,30.17,1.54,9.83,-1.66,-0.01,-0.02,-0.01,8.40
298370,0.00,1001.14,30.17,1.54,9.75,-1.59,-0.01,-0.02,-0.01,8.40
298421,0.00,1001.14,30.17,1.61,9.81,-1.75,-0.01,-0.02,-0.01,8.40
298460,0.00,1001.14,30.17,1.62,9.79,-1.67,-0.01,-0.02,-0.01,8.40
298498,0.00,1001.14,30.16,1.64,9.84,-1.67,-0.01,-0.02,-0.01,8.40
298536,0.00,1001.15,30.17,1.57,9.87,-1.63,-0.01,-0.02,-0.01,8.40
298574,0.00,1001.15,30.17,1.64,9.82,-1.64,-0.01,-0.02,-0.00,8.40
298625,0.00,1001.15,30.17,1.55,9.83,-1.75,-0.01,-0.02,-0.01,8.40
298664,0.00,1001.15,30.17,1.57,9.80,-1.68,-0.01,-0.02,-0.01,8.40
298702,0.00,1001.15,30.17,1.55,9.80,-1.70,-0.01,-0.02,-0.01,8.40
298740,0.00,1001.14,30.17,1.55,9.82,-1.71,-0.01,-0.02,-0.01,8.40
298788,0.00,1001.14,30.17,1.56,9.82,-1.70,-0.01,-0.02,-0.01,8.40
298840,0.00,1001.15,30.17,1.55,9.78,-1.69,-0.01,-0.02,-0.01,8.40
298879,0.00,1001.15,30.16,1.61,9.81,-1.76,-0.01,-0.02,-0.01,8.40
298917,0.00,1001.15,30.16,1.58,9.82,-1.70,-0.01,-0.02,-0.01,8.40
298955,0.00,1001.16,30.16,1.54,9.79,-1.68,-0.01,-0.02,-0.01,8.40
298993,0.00,1001.16,30.16,1.58,9.77,-1.70,-0.01,-0.02,-0.01,8.40
299044,0.00,1001.15,30.17,1.54,9.85,-1.68,-0.01,-0.02,-0.01,8.40
299083,0.00,1001.14,30.17,1.56,9.83,-1.76,-0.01,-0.02,-0.01,8.40
299121,0.00,1001.15,30.17,1.60,9.78,-1.68,-0.01,-0.02,-0.01,8.40
299159,0.00,1001.15,30.17,1.57,9.82,-1.69,-0.01,-0.02,-0.01,8.40
299197,0.00,1001.15,30.17,1.59,9.83,-1.69,-0.01,-0.02,-0.00,8.40
299248,0.00,1001.15,30.17,1.58,9.84,-1.54,-0.01,-0.02,-0.01,8.40
299294,0.00,1001.15,30.17,1.60,9.82,-1.68,-0.01,-0.02,-0.01,8.40
299333,0.00,1001.14,30.17,1.61,9.85,-1.61,-0.01,-0.02,-0.01,8.40
299371,0.00,1001.14,30.17,1.58,9.83,-1.71,-0.01,-0.02,-0.01,8.40
299409,0.00,1001.15,30.17,1.56,9.80,-1.74,-0.01,-0.02,-0.01,8.40
299460,0.00,1001.15,30.17,1.53,9.81,-1.70,-0.01,-0.02,-0.01,8.40
299499,0.00,1001.15,30.17,1.58,9.84,-1.70,-0.01,-0.02,-0.01,8.40
299537,0.00,1001.15,30.17,1.58,9.78,-1.73,-0.01,-0.02,-0.01,8.40
299575,0.00,1001.14,30.17,1.61,9.85,-1.66,-0.01,-0.02,-0.01,8.40
299613,0.00,1001.14,30.17,1.61,9.78,-1.69,-0.01,-0.02,-0.00,8.40
299664,0.00,1001.15,30.17,1.58,9.83,-1.67,-0.01,-0.01,-0.01,8.40
299703,0.00,1001.15,30.17,1.54,9.83,-1.70,-0.01,-0.02,-0.00,8.40
299741,0.00,1001.15,30.17,1.57,9.85,-1.61,-0.01,-0.02,-0.01,8.40
299779,0.00,1001.15,30.17,1.66,9.83,-1.66,-0.01,-0.02,-0.01,8.40
299827,0.00,1001.16,30.17,1.64,9.82,-1.70,-0.01,-0.02,-0.01,8.40
299879,0.00,1001.15,30.17,1.65,9.85,-1.66,-0.01,-0.02,-0.01,8.40
299918,0.00,1001.15,30.17,1.54,9.81,-1.77,-0.01,-0.02,-0.01,8.40
299956,0.00,1001.15,30.16,1.55,9.79,-1.62,-0.01,-0.02,-0.01,8.40
299994,0.00,1001.14,30.16,1.57,9.85,-1.64,-0.01,-0.02,-0.01,8.40
300032,0.00,1001.14,30.17,1.62,9.82,-1.64,-0.01,-0.02,-0.01,8.40
300083,0.00,1001.14,30.17,1.59,9.88,-1.65,-0.01,-0.02,-0.01,8.40
300122,0.00,1001.14,30.17,1.61,9.82,-1.73,-0.01,-0.02,-0.01,8.40
300160,0.00,1001.14,30.16,1.58,9.84,-1.64,-0.01,-0.02,-0.01,8.40
300198,0.00,1001.14,30.17,1.58,9.79,-1.59,-0.01,-0.02,-0.01,8.40
300236,0.00,1001.14,30.17,1.60,9.83,-1.64,-0.01,-0.02,-0.01,8.40
300287,0.00,1001.14,30.17,1.63,9.77,-1.67,-0.01,-0.02,-0.00,8.40
300339,0.00,1001.14,30.17,1.62,9.82,-1.62,-0.01,-0.02,-0.01,8.40
300378,0.00,1001.14,30.16,1.56,9.84,-1.65,-0.01,-0.02,-0.01,8.40
300416,0.00,1001.14,30.16,1.58,9.82,-1.72,-0.01,-0.02,-0.01,8.40
300454,0.00,1001.14,30.16,1.58,9.77,-1.65,-0.01,-0.02,-0.00,8.40
300505,0.00,1001.14,30.16,1.55,9.85,-1.68,-0.01,-0.02,-0.00,8.40
300544,0.00,1001.14,30.16,1.61,9.88,-1.68,-0.01,-0.02,-0.00,8.40
300582,0.00,1001.14,30.16,1.62,9.91,-1.77,-0.01,-0.02,-0.01,8.40
300620,0.00,1001.14,30.16,1.62,9.80,-1.76,-0.01,-0.02,-0.01,8.40
300658,0.00,1001.14,30.17,1.58,9.85,-1.63,-0.01,-0.02,-0.01,8.40
300709,0.00,1001.14,30.17,1.57,9.75,-1.65,-0.01,-0.02,-0.01,8.40
300748,0.00,1001.15,30.17,1.60,9.85,-1.63,-0.01,-0.02,-0.01,8.40
300786,0.00,1001.14,30.17,1.60,9.83,-1.59,-0.01,-0.02,-0.01,8.40
300824,0.00,1001.14,30.17,1.58,9.82,-1.59,-0.01,-0.02,-0.01,8.41
300872,0.00,1001.14,30.17,1.52,9.83,-1.72,-0.01,-0.02,-0.01,8.41
300924,0.00,1001.13,30.17,1.62,9.84,-1.68,-0.01,-0.02,-0.01,8.41
300963,0.00,1001.14,30.16,1.62,9.81,-1.60,-0.01,-0.02,-0.01,8.41
301001,0.00,1001.15,30.16,1.59,9.82,-1.67,-0.01,-0.02,-0.01,8.41
301039,0.00,1001.15,30.16,1.57,9.83,-1.71,-0.01,-0.02,-0.01,8.41
301077,0.00,1001.16,30.17,1.53,9.82,-1.66,-0.01,-0.02,-0.01,8.41
301128,0.00,1001.15,30.17,1.55,9.89,-1.67,-0.01,-0.02,-0.01,8.41
301167,0.00,1001.15,30.17,1.59,9.78,-1.69,-0.01,-0.02,-0.01,8.41
301205,0.00,1001.14,30.16,1.61,9.84,-1.67,-0.01,-0.02,-0.01,8.41
301243,0.00,1001.14,30.17,1.59,9.83,-1.58,-0.01,-0.02,-0.01,8.41
301281,0.00,1001.14,30.17,1.58,9.85,-1.66,-0.01,-0.02,-0.01,8.41
301332,0.00,1001.14,30.17,1.59,9.82,-1.70,-0.01,-0.02,-0.01,8.40
301380,0.00,1001.15,30.17,1.58,9.84,-1.67,-0.01,-0.02,-0.01,8.41
301419,0.00,1001.14,30.16,1.60,9.81,-1.66,-0.01,-0.02,-0.01,8.41
301457,0.00,1001.15,30.16,1.57,9.79,-1.63,-0.01,-0.02,-0.00,8.41
301495,0.00,1001.15,30.16,1.57,9.82,-1.70,-0.01,-0.02,-0.01,8.41
301546,0.00,1001.15,30.16,1.55,9.79,-1.66,-0.01,-0.02,-0.01,8.41
301585,0.00,1001.14,30.16,1.59,9.87,-1.72,-0.01,-0.02,-0.01,8.41
301623,0.00,1001.14,30.16,1.53,9.76,-1.69,-0.01,-0.02,-0.01,8.41
301661,0.00,1001.14,30.16,1.60,9.78,-1.68,-0.01,-0.02,-0.01,8.41
301699,0.00,1001.14,30.17,1.63,9.86,-1.71,-0.01,-0.02,-0.01,8.41
301750,0.00,1001.14,30.17,1.62,9.84,-1.70,-0.01,-0.02,-0.01,8.41
301789,0.00,1001.14,30.17,1.59,9.81,-1.70,-0.01,-0.02,-0.00,8.41
301827,0.00,1001.15,30.17,1.59,9.81,-1.69,-0.01,-0.02,-0.01,8.41
301865,0.00,1001.15,30.17,1.57,9.79,-1.65,-0.01,-0.02,-0.01,8.40
301911,0.00,1001.14,30.17,1.60,9.83,-1.70,-0.01,-0.02,-0.01,8.41
301963,0.00,1001.14,30.17,1.55,9.84,-1.73,-0.01,-0.02,-0.01,8.41
302002,0.00,1001.14,30.17,1.55,9.78,-1.66,-0.01,-0.02,-0.01,8.41
302040,0.00,1001.14,30.16,1.60,9.79,-1.55,-0.01,-0.02,-0.01,8.41
302078,0.00,1001.15,30.16,1.58,9.80,-1.72,-0.01,-0.02,-0.01,8.41
302116,0.00,1001.15,30.17,1.54,9.88,-1.70,-0.00,-0.02,-0.00,8.41
302167,0.00,1001.15,30.17,1.59,9.78,-1.72,-0.01,-0.02,-0.01,8.40
302206,0.00,1001.14,30.17,1.57,9.82,-1.65,-0.01,-0.02,-0.01,8.41
302244,0.00,1001.14,30.17,1.60,9.84,-1.62,-0.01,-0.02,-0.01,8.41
302282,0.00,1001.15,30.17,1.60,9.84,-1.66,-0.01,-0.02,-0.01,8.41
302320,0.00,1001.15,30.17,1.58,9.83,-1.54,-0.01,-0.02,-0.01,8.41
302371,0.00,1001.15,30.17,1.56,9.76,-1.62,-0.01,-0.02,-0.01,8.41
302419,0.00,1001.15,30.17,1.63,9.84,-1.73,-0.01,-0.02,-0.00,8.41
302458,0.00,1001.15,30.17,1.61,9.77,-1.70,-0.01,-0.02,-0.01,8.41
302496,0.00,1001.14,30.16,1.58,9.84,-1.72,-0.02,-0.02,-0.01,8.41
302534,0.00,1001.14,30.17,1.64,9.82,-1.66,-0.01,-0.02,-0.01,8.40
302585,0.00,1001.13,30.17,1.61,9.84,-1.71,-0.01,-0.02,-0.01,8.40
302624,0.00,1001.14,30.17,1.59,9.82,-1.62,-0.01,-0.02,-0.01,8.40
302662,0.00,1001.14,30.16,1.59,9.84,-1.79,-0.01,-0.02,-0.01,8.40
302700,0.00,1001.14,30.17,1.54,9.79,-1.71,-0.01,-0.02,-0.01,8.40
302738,0.00,1001.13,30.17,1.52,9.78,-1.69,-0.01,-0.02,-0.01,8.40
302789,0.00,1001.14,30.17,1.54,9.84,-1.67,-0.01,-0.02,-0.01,8.40
302828,0.00,1001.14,30.17,1.65,9.82,-1.61,-0.01,-0.02,-0.01,8.40
302866,0.00,1001.15,30.17,1.54,9.83,-1.72,-0.01,-0.02,-0.01,8.40
302904,0.00,1001.15,30.17,1.55,9.85,-1.75,-0.01,-0.02,-0.01,8.40
302952,0.00,1001.15,30.17,1.60,9.78,-1.71,-0.01,-0.02,-0.01,8.40
303004,0.00,1001.15,30.17,1.57,9.82,-1.67,-0.01,-0.02,-0.01,8.40
303043,0.00,1001.15,30.16,1.61,9.84,-1.70,-0.01,-0.02,-0.01,8.41
303081,0.00,1001.15,30.16,1.63,9.85,-1.66,-0.01,-0.02,-0.01,8.41
303119,0.00,1001.14,30.16,1.62,9.78,-1.67,-0.01,-0.02,-0.01,8.41
303157,0.00,1001.14,30.16,1.60,9.83,-1.67,-0.01,-0.02,-0.01,8.40
303208,0.00,1001.15,30.17,1.55,9.85,-1.75,-0.01,-0.02,-0.01,8.40
303247,0.00,1001.15,30.17,1.61,9.87,-1.76,-0.01,-0.02,-0.01,8.40
303285,0.00,1001.15,30.17,1.58,9.85,-1.60,-0.01,-0.02,-0.01,8.40
303323,0.00,1001.15,30.17,1.58,9.89,-1.71,-0.01,-0.02,-0.01,8.40
303361,0.00,1001.14,30.17,1.56,9.82,-1.74,-0.01,-0.02,-0.01,8.40
303412,0.00,1001.14,30.17,1.62,9.85,-1.62,-0.01,-0.02,-0.01,8.41
303458,0.00,1001.14,30.17,1.56,9.74,-1.72,-0.01,-0.02,-0.01,8.40
303497,0.00,1001.16,30.17,1.61,9.82,-1.70,-0.01,-0.02,-0.01,8.40
303535,0.00,1001.15,30.16,1.59,9.74,-1.65,-0.01,-0.02,-0.01,8.41
303573,0.00,1001.15,30.16,1.57,9.83,-1.62,-0.01,-0.02,-0.01,8.40
303624,0.00,1001.16,30.17,1.59,9.85,-1.62,-0.01,-0.02,-0.01,8.41
303663,0.00,1001.16,30.17,1.61,9.82,-1.74,-0.01,-0.02,-0.01,8.41
303701,0.00,1001.15,30.16,1.58,9.79,-1.75,-0.01,-0.02,-0.01,8.41
303739,0.00,1001.15,30.17,1.58,9.82,-1.68,-0.01,-0.02,-0.01,8.41
303777,0.00,1001.15,30.17,1.56,9.82,-1.62,-0.01,-0.02,-0.01,8.41
303828,0.00,1001.15,30.17,1.60,9.81,-1.70,-0.01,-0.02,-0.01,8.41
303867,0.00,1001.15,30.17,1.62,9.83,-1.61,-0.00,-0.02,-0.01,8.41
303905,0.00,1001.14,30.17,1.60,9.84,-1.68,-0.01,-0.02,-0.01,8.41
303943,0.00,1001.15,30.17,1.56,9.82,-1.72,-0.01,-0.02,-0.00,8.40
303991,0.00,1001.14,30.17,1.57,9.85,-1.66,-0.01,-0.02,-0.01,8.40
304043,0.00,1001.14,30.17,1.57,9.80,-1.66,-0.01,-0.02,-0.01,8.40
304082,0.00,1001.14,30.16,1.57,9.77,-1.66,-0.01,-0.02,-0.01,8.41
304120,0.00,1001.14,30.16,1.56,9.81,-1.72,-0.01,-0.02,-0.00,8.41
304158,0.00,1001.14,30.16,1.62,9.89,-1.65,-0.01,-0.02,-0.01,8.41
304196,0.00,1001.15,30.16,1.60,9.81,-1.69,-0.01,-0.02,-0.00,8.40
304247,0.00,1001.15,30.17,1.55,9.84,-1.70,-0.01,-0.02,-0.01,8.41
304286,0.00,1001.15,30.17,1.58,9.84,-1.61,-0.01,-0.02,-0.01,8.41
304324,0.00,1001.14,30.17,1.59,9.81,-1.60,-0.01,-0.02,-0.00,8.41
304362,0.00,1001.14,30.17,1.58,9.81,-1.66,-0.01,-0.02,-0.01,8.41
304400,0.00,1001.13,30.17,1.60,9.84,-1.64,-0.01,-0.02,-0.01,8.41
304451,0.00,1001.14,30.17,1.55,9.85,-1.71,-0.01,-0.02,-0.01,8.41
304497,0.00,1001.14,30.17,1.59,9.85,-1.65,-0.01,-0.02,-0.01,8.41
304536,0.00,1001.15,30.17,1.64,9.78,-1.63,-0.01,-0.02,-0.00,8.41
304574,0.00,1001.15,30.16,1.58,9.85,-1.70,-0.01,-0.02,-0.00,8.41
304612,0.00,1001.14,30.16,1.59,9.84,-1.64,-0.01,-0.02,-0.01,8.41
304663,0.00,1001.14,30.17,1.52,9.76,-1.60,-0.01,-0.02,-0.01,8.41
304702,0.00,1001.14,30.17,1.61,9.82,-1.67,-0.01,-0.02,-0.01,8.41
304740,0.00,1001.14,30.16,1.56,9.81,-1.74,-0.01,-0.02,-0.00,8.41
304778,0.00,1001.14,30.17,1.61,9.80,-1.72,-0.01,-0.02,-0.01,8.41
304816,0.00,1001.14,30.17,1.60,9.79,-1.68,-0.01,-0.02,-0.00,8.41
304867,0.00,1001.15,30.17,1.61,9.80,-1.56,-0.01,-0.02,-0.01,8.41
304906,0.00,1001.15,30.17,1.58,9.85,-1.69,-0.01,-0.02,-0.01,8.41
304944,0.00,1001.15,30.17,1.57,9.82,-1.70,-0.01,-0.02,-0.00,8.41
304982,0.00,1001.15,30.17,1.63,9.82,-1.64,-0.01,-0.02,-0.01,8.41
305030,0.00,1001.15,30.17,1.59,9.79,-1.68,-0.01,-0.02,-0.00,8.41
305082,0.00,1001.15,30.17,1.58,9.78,-1.72,-0.01,-0.02,-0.01,8.41
305121,0.00,1001.14,30.16,1.57,9.84,-1.68,-0.01,-0.02,-0.01,8.41
305159,0.00,1001.15,30.16,1.57,9.77,-1.65,-0.01,-0.02,-0.00,8.41
305197,0.00,1001.15,30.16,1.60,9.83,-1.61,-0.01,-0.02,-0.00,8.41
305235,0.00,1001.14,30.16,1.57,9.83,-1.68,-0.01,-0.02,-0.01,8.41
305286,0.00,1001.15,30.17,1.62,9.84,-1.62,-0.01,-0.02,-0.00,8.41
305325,0.00,1001.15,30.17,1.53,9.81,-1.59,-0.01,-0.02,-0.01,8.41
305363,0.00,1001.14,30.17,1.51,9.84,-1.65,-0.01,-0.02,-0.01,8.40
305401,0.00,1001.14,30.17,1.57,9.87,-1.65,-0.01,-0.02,-0.01,8.40
305439,0.00,1001.15,30.17,1.64,9.83,-1.70,-0.01,-0.02,-0.00,8.40
305490,0.00,1001.15,30.17,1.58,9.81,-1.68,-0.01,-0.02,-0.01,8.40
305538,0.00,1001.15,30.17,1.58,9.80,-1.74,-0.01,-0.02,-0.01,8.40
305577,0.00,1001.14,30.17,1.62,9.83,-1.75,-0.01,-0.02,-0.01,8.40
305615,0.00,1001.15,30.17,1.58,9.87,-1.69,-0.01,-0.02,-0.01,8.40
305653,0.00,1001.14,30.16,1.63,9.84,-1.71,-0.01,-0.02,-0.01,8.40
305704,0.00,1001.14,30.17,1.57,9.82,-1.70,-0.01,-0.02,-0.01,8.40
305743,0.00,1001.14,30.16,1.60,9.85,-1.71,-0.01,-0.02,-0.01,8.40
305781,0.00,1001.14,30.17,1.60,9.82,-1.67,-0.01,-0.02,-0.01,8.40
305819,0.00,1001.14,30.17,1.57,9.85,-1.65,-0.01,-0.02,-0.01,8.40
305857,0.00,1001.15,30.17,1.58,9.83,-1.60,-0.01,-0.02,-0.01,8.40
305908,0.00,1001.15,30.17,1.58,9.84,-1.63,-0.01,-0.02,-0.01,8.41
305947,0.00,1001.15,30.17,1.56,9.87,-1.69,-0.01,-0.02,-0.01,8.40
305985,0.00,1001.16,30.17,1.58,9.81,-1.65,-0.01,-0.02,-0.01,8.40
306023,0.00,1001.15,30.17,1.58,9.83,-1.71,-0.01,-0.02,-0.01,8.40
306069,0.00,1001.15,30.17,1.62,9.82,-1.71,-0.01,-0.02,-0.01,8.40
306121,0.00,1001.14,30.17,1.56,9.78,-1.61,-0.01,-0.02,-0.01,8.41
306160,0.00,1001.15,30.17,1.55,9.81,-1.59,-0.01,-0.02,-0.00,8.40
306198,0.00,1001.15,30.16,1.57,9.82,-1.67,-0.01,-0.02,-0.01,8.41
306236,0.00,1001.14,30.16,1.54,9.81,-1.69,-0.01,-0.02,-0.01,8.40
306274,0.00,1001.14,30.17,1.57,9.84,-1.73,-0.01,-0.02,-0.01,8.40
306325,0.00,1001.15,30.17,1.56,9.79,-1.68,-0.01,-0.02,-0.01,8.40
306364,0.00,1001.14,30.17,1.57,9.79,-1.58,-0.01,-0.02,-0.01,8.40
306402,0.00,1001.14,30.17,1.61,9.81,-1.69,-0.01,-0.02,-0.01,8.40
306440,0.00,1001.15,30.17,1.60,9.81,-1.58,-0.01,-0.02,-0.01,8.40
306478,0.00,1001.14,30.17,1.60,9.86,-1.66,-0.01,-0.02,-0.01,8.40
306529,0.00,1001.14,30.17,1.57,9.83,-1.64,-0.01,-0.02,-0.01,8.40
306577,0.00,1001.14,30.17,1.57,9.84,-1.70,-0.01,-0.02,-0.01,8.40
306616,0.00,1001.14,30.16,1.56,9.85,-1.68,-0.01,-0.02,-0.01,8.40
306654,0.00,1001.14,30.16,1.58,9.78,-1.67,-0.01,-0.02,-0.01,8.40
306692,0.00,1001.14,30.16,1.57,9.81,-1.75,-0.01,-0.02,-0.01,8.40
306743,0.00,1001.15,30.17,1.58,9.77,-1.67,-0.01,-0.02,-0.01,8.40
306782,0.00,1001.14,30.16,1.61,9.85,-1.70,-0.01,-0.02,-0.01,8.40
306820,0.00,1001.14,30.16,1.53,9.81,-1.66,-0.01,-0.02,-0.01,8.40
306858,0.00,1001.14,30.16,1.57,9.82,-1.67,-0.01,-0.02,-0.01,8.40
306896,0.00,1001.15,30.17,1.60,9.85,-1.61,-0.01,-0.02,-0.01,8.40
306947,0.00,1001.14,30.17,1.58,9.82,-1.70,-0.01,-0.02,-0.00,8.40
306986,0.00,1001.15,30.17,1.57,9.81,-1.70,-0.01,-0.02,-0.01,8.40
307024,0.00,1001.15,30.17,1.58,9.82,-1.63,-0.01,-0.02,-0.01,8.40
307062,0.00,1001.15,30.17,1.58,9.83,-1.63,-0.01,-0.02,-0.01,8.40
307108,0.00,1001.14,30.17,1.62,9.85,-1.65,-0.01,-0.02,-0.01,8.40
307160,0.00,1001.14,30.17,1.54,9.81,-1.63,-0.01,-0.02,-0.01,8.40
307199,0.00,1001.14,30.16,1.56,9.73,-1.62,-0.01,-0.02,-0.01,8.40
307237,0.00,1001.14,30.16,1.59,9.84,-1.70,-0.01,-0.02,-0.01,8.40
307275,0.00,1001.14,30.16,1.62,9.80,-1.72,-0.01,-0.02,-0.01,8.40
307313,0.00,1001.14,30.16,1.56,9.80,-1.69,-0.01,-0.02,-0.01,8.40
307364,0.00,1001.15,30.17,1.58,9.80,-1.67,-0.01,-0.02,-0.01,8.40
307403,0.00,1001.14,30.17,1.54,9.76,-1.69,-0.01,-0.02,-0.01,8.39
307441,0.00,1001.14,30.16,1.59,9.85,-1.71,-0.01,-0.02,-0.01,8.39
307479,0.00,1001.14,30.17,1.60,9.81,-1.65,-0.01,-0.02,-0.01,8.39
307517,0.00,1001.14,30.17,1.56,9.82,-1.70,-0.01,-0.02,-0.01,8.39
307568,0.00,1001.14,30.17,1.54,9.81,-1.65,-0.01,-0.02,-0.01,8.40
307616,0.00,1001.13,30.17,1.52,9.81,-1.67,-0.01,-0.02,-0.01,8.40
307655,0.00,1001.12,30.16,1.55,9.85,-1.64,-0.01,-0.02,-0.01,8.40
307693,0.00,1001.12,30.16,1.59,9.85,-1.62,-0.01,-0.02,-0.01,8.40
307731,0.00,1001.13,30.16,1.59,9.81,-1.71,-0.01,-0.02,-0.01,8.40
307782,0.00,1001.13,30.17,1.57,9.81,-1.70,-0.01,-0.02,-0.01,8.40
307821,0.00,1001.13,30.17,1.52,9.83,-1.79,-0.01,-0.02,-0.01,8.40
307859,0.00,1001.13,30.16,1.59,9.80,-1.68,-0.01,-0.02,-0.01,8.40
307897,0.00,1001.13,30.17,1.58,9.83,-1.66,-0.01,-0.02,-0.01,8.40
307935,0.00,1001.13,30.17,1.58,9.82,-1.64,-0.01,-0.02,-0.01,8.40
307986,0.00,1001.13,30.17,1.58,9.82,-1.62,-0.01,-0.02,-0.01,8.40
308025,0.00,1001.14,30.17,1.52,9.88,-1.78,-0.01,-0.02,-0.01,8.40
308063,0.00,1001.14,30.17,1.49,9.80,-1.62,-0.01,-0.02,-0.01,8.40
308101,0.00,1001.14,30.17,1.55,9.88,-1.58,-0.01,-0.02,-0.01,8.40
308149,0.00,1001.14,30.17,1.62,9.84,-1.67,-0.01,-0.02,-0.01,8.40
308201,0.00,1001.14,30.17,1.53,9.80,-1.61,-0.01,-0.02,-0.01,8.40
308240,0.00,1001.14,30.17,1.58,9.85,-1.62,-0.01,-0.02,-0.01,8.40
308278,0.00,1001.15,30.17,1.59,9.82,-1.69,-0.01,-0.02,-0.01,8.40
308316,0.00,1001.16,30.17,1.58,9.87,-1.65,-0.01,-0.02,-0.01,8.39
308354,0.00,1001.15,30.17,1.62,9.84,-1.75,-0.01,-0.02,-0.01,8.40
308405,0.00,1001.16,30.17,1.54,9.80,-1.67,-0.01,-0.02,-0.01,8.40
308444,0.00,1001.16,30.17,1.58,9.84,-1.69,-0.01,-0.02,-0.00,8.40
308482,0.00,1001.16,30.17,1.59,9.84,-1.66,-0.01,-0.02,-0.01,8.40
308520,0.00,1001.15,30.17,1.57,9.84,-1.66,-0.01,-0.02,-0.01,8.40
308558,0.00,1001.16,30.17,1.61,9.88,-1.71,-0.01,-0.02,-0.01,8.39
308609,0.00,1001.15,30.17,1.59,9.81,-1.74,-0.01,-0.02,-0.01,8.40
308655,0.00,1001.16,30.17,1.58,9.76,-1.70,-0.01,-0.02,-0.01,8.40
308694,0.00,1001.15,30.17,1.59,9.78,-1.61,-0.01,-0.02,-0.01,8.40
308732,0.00,1001.15,30.17,1.53,9.79,-1.67,-0.01,-0.02,-0.01,8.40
308770,0.00,1001.15,30.17,1.58,9.88,-1.72,-0.01,-0.02,-0.00,8.40
308821,0.00,1001.14,30.17,1.57,9.78,-1.64,-0.01,-0.02,-0.01,8.40
308860,0.00,1001.14,30.17,1.56,9.78,-1.62,-0.01,-0.02,-0.01,8.40
308898,0.00,1001.15,30.17,1.61,9.81,-1.67,-0.01,-0.02,-0.01,8.40
308936,0.00,1001.16,30.17,1.61,9.87,-1.65,-0.01,-0.02,-0.01,8.40
308974,0.00,1001.15,30.17,1.61,9.83,-1.68,-0.01,-0.02,-0.01,8.40
309025,0.00,1001.15,30.17,1.62,9.81,-1.63,-0.01,-0.02,-0.01,8.41
309064,0.00,1001.14,30.17,1.64,9.82,-1.66,-0.01,-0.02,-0.00,8.41
309102,0.00,1001.14,30.17,1.60,9.83,-1.74,-0.01,-0.02,-0.01,8.41
309140,0.00,1001.15,30.17,1.59,9.82,-1.69,-0.01,-0.02,-0.00,8.41
309188,0.00,1001.14,30.17,1.60,9.84,-1.69,-0.01,-0.02,-0.01,8.41
309240,0.00,1001.15,30.17,1.57,9.82,-1.74,-0.01,-0.02,-0.01,8.41
309279,0.00,1001.16,30.17,1.58,9.80,-1.60,-0.01,-0.02,-0.01,8.41
309317,0.00,1001.16,30.17,1.64,9.85,-1.69,-0.01,-0.02,-0.01,8.41
309355,0.00,1001.15,30.17,1.57,9.84,-1.74,-0.01,-0.02,-0.01,8.41
309393,0.00,1001.14,30.17,1.63,9.83,-1.76,-0.01,-0.02,-0.01,8.41
309444,0.00,1001.14,30.17,1.58,9.74,-1.63,-0.01,-0.02,-0.01,8.41
309483,0.00,1001.14,30.17,1.57,9.80,-1.73,-0.01,-0.02,-0.01,8.41
309521,0.00,1001.14,30.17,1.59,9.85,-1.63,-0.01,-0.02,-0.01,8.41
309559,0.00,1001.14,30.17,1.56,9.78,-1.62,-0.01,-0.02,-0.01,8.41
309597,0.00,1001.14,30.17,1.53,9.81,-1.68,-0.01,-0.02,-0.01,8.41
309648,0.00,1001.14,30.17,1.57,9.81,-1.65,-0.01,-0.02,-0.01,8.41
309700,0.00,1001.14,30.17,1.62,9.82,-1.66,-0.01,-0.02,-0.00,8.41
309739,0.00,1001.14,30.16,1.58,9.83,-1.65,-0.01,-0.02,-0.01,8.41
309777,0.00,1001.14,30.16,1.60,9.86,-1.77,-0.01,-0.02,-0.01,8.41
309815,0.00,1001.15,30.16,1.58,9.87,-1.71,-0.01,-0.02,-0.01,8.41
309866,0.00,1001.15,30.16,1.57,9.78,-1.63,-0.01,-0.02,-0.01,8.41
309905,0.00,1001.14,30.16,1.54,9.82,-1.72,-0.01,-0.02,-0.01,8.41
309943,0.00,1001.14,30.16,1.52,9.84,-1.70,-0.01,-0.02,-0.01,8.41
309981,0.00,1001.14,30.16,1.58,9.82,-1.70,-0.01,-0.02,-0.01,8.41
310019,0.00,1001.14,30.17,1.56,9.85,-1.71,-0.01,-0.02,-0.01,8.41
310070,0.00,1001.14,30.17,1.58,9.84,-1.66,-0.01,-0.02,-0.01,8.41
310109,0.00,1001.13,30.17,1.64,9.84,-1.66,-0.01,-0.02,-0.01,8.40
310147,0.00,1001.14,30.16,1.59,9.84,-1.70,-0.01,-0.02,-0.01,8.41
310185,0.00,1001.14,30.17,1.55,9.82,-1.58,-0.01,-0.02,-0.01,8.40
310233,0.00,1001.14,30.17,1.60,9.83,-1.64,-0.01,-0.02,-0.00,8.40
310285,0.00,1001.13,30.17,1.60,9.78,-1.70,-0.01,-0.02,-0.01,8.40
310324,0.00,1001.14,30.16,1.62,9.88,-1.68,-0.01,-0.02,-0.01,8.40
310362,0.00,1001.13,30.16,1.55,9.81,-1.69,-0.01,-0.02,-0.01,8.40
310400,0.00,1001.14,30.16,1.58,9.85,-1.63,-0.01,-0.02,-0.01,8.40
310438,0.00,1001.15,30.17,1.58,9.84,-1.62,-0.01,-0.02,-0.01,8.40
310489,0.00,1001.15,30.17,1.63,9.83,-1.67,-0.01,-0.02,-0.01,8.40
310528,0.00,1001.14,30.17,1.59,9.83,-1.67,-0.01,-0.02,-0.01,8.41
310566,0.00,1001.14,30.17,1.54,9.85,-1.77,-0.01,-0.02,-0.01,8.41
310604,0.00,1001.14,30.17,1.59,9.75,-1.69,-0.01,-0.03,-0.01,8.41
310642,0.00,1001.13,30.17,1.59,9.85,-1.73,-0.01,-0.02,-0.01,8.41
310693,0.00,1001.13,30.17,1.58,9.77,-1.67,-0.01,-0.02,-0.01,8.41
310741,0.00,1001.13,30.17,1.61,9.80,-1.64,-0.01,-0.02,-0.01,8.41
310780,0.00,1001.13,30.16,1.56,9.83,-1.60,-0.01,-0.02,-0.01,8.41
310818,0.00,1001.14,30.16,1.57,9.81,-1.70,-0.01,-0.02,-0.01,8.41
310856,0.00,1001.14,30.16,1.60,9.78,-1.68,-0.01,-0.02,-0.01,8.41
310907,0.00,1001.14,30.17,1.57,9.81,-1.68,-0.01,-0.02,-0.01,8.41
310946,0.00,1001.14,30.16,1.58,9.77,-1.81,-0.01,-0.02,-0.01,8.41
310984,0.00,1001.14,30.16,1.61,9.84,-1.71,-0.01,-0.02,-0.01,8.41
311022,0.00,1001.14,30.17,1.57,9.83,-1.66,-0.01,-0.02,-0.00,8.41
311060,0.00,1001.15,30.17,1.59,9.85,-1.66,-0.01,-0.02,-0.01,8.41
311111,0.00,1001.15,30.17,1.63,9.80,-1.74,-0.01,-0.02,-0.01,8.41
311150,0.00,1001.14,30.17,1.61,9.77,-1.75,-0.01,-0.02,-0.00,8.41
311188,0.00,1001.14,30.17,1.58,9.83,-1.73,-0.01,-0.02,-0.01,8.41
311226,0.00,1001.14,30.17,1.63,10.51,-1.65,-0.01,-0.03,-0.01,8.41
311272,0.00,1001.13,30.17,0.59,21.33,0.79,-0.02,0.27,-0.01,8.41
311324,0.00,1001.14,30.17,3.62,11.46,-1.31,-0.01,0.04,0.05,8.42
311362,0.00,1001.14,30.17,1.63,9.78,-2.62,0.03,-0.10,0.02,8.41
311400,0.00,1001.14,30.16,2.25,9.54,-1.38,0.04,-0.02,0.01,8.41
311438,0.00,1001.14,30.17,1.81,9.68,-1.10,0.02,-0.06,0.01,8.42
311476,0.00,1001.15,30.17,1.82,9.35,-1.02,0.00,-0.03,-0.01,8.41
311527,0.00,1001.14,30.17,16.51,39.78,0.33,-0.02,-0.12,-0.03,8.41
311566,0.00,1001.14,30.17,23.49,107.44,-20.21,-0.32,1.84,-0.33,8.41
311604,0.12,1001.10,30.17,4.28,106.80,4.83,-0.03,1.60,0.32,8.41
311642,0.35,1001.08,30.17,-10.10,108.97,12.49,-0.08,1.91,0.32,8.41
311680,0.55,1001.05,30.17,-0.22,114.02,6.74,-0.16,-1.14,0.26,8.41
311731,0.84,1001.02,30.17,-9.18,116.70,-11.15,-0.16,-1.11,0.12,8.41
311779,1.38,1000.95,30.17,3.24,118.25,-2.24,-0.19,-1.03,-0.65,8.41
311818,1.97,1000.88,30.17,2.17,119.23,-1.26,-0.23,-1.11,-1.24,8.41
311856,2.78,1000.79,30.16,3.36,118.89,-1.04,-0.21,-1.12,-1.78,8.41
311894,3.70,1000.68,30.16,4.56,117.73,-1.85,-0.17,-1.29,-2.17,8.41
311945,4.89,1000.54,30.17,5.99,116.54,-2.06,-0.02,-2.04,-2.32,8.41
311984,6.57,1000.34,30.16,5.48,116.77,-3.75,0.33,-2.63,-2.15,8.41
312022,8.36,1000.13,30.16,7.38,116.08,-5.33,0.82,-2.99,-1.81,8.41
312060,10.41,999.88,30.16,8.75,113.76,-6.04,1.39,-3.27,-1.30,8.41
312098,12.60,999.62,30.16,12.49,112.70,-1.64,2.03,-3.13,-0.70,8.40
312150,14.67,999.38,30.17,11.09,110.71,-0.55,2.20,-3.06,0.05,8.41
312188,17.58,999.03,30.17,12.85,108.84,0.74,1.66,-1.47,0.60,8.41
312226,21.37,998.58,30.17,11.25,106.69,1.78,0.51,2.71,1.06,8.40
312264,24.77,998.18,30.17,10.18,103.42,2.58,-1.02,7.46,1.04,8.41
312312,26.84,997.94,30.17,6.42,100.48,-0.40,-1.80,8.73,-0.37,8.41
312364,27.45,997.86,30.17,7.05,96.37,-1.84,-0.97,8.73,-1.94,8.41
312403,28.53,997.74,30.16,11.39,94.79,-0.92,0.03,8.73,-2.08,8.41
312441,31.48,997.39,30.16,14.31,93.58,1.67,0.08,8.73,-1.29,8.41
312479,36.10,996.84,30.16,10.78,94.59,2.10,-1.25,8.73,-1.06,8.41
312517,39.64,996.42,30.16,8.16,93.17,-0.54,-1.49,8.73,-2.31,8.41
312569,42.60,996.07,30.16,6.50,33.58,-1.32,0.39,8.73,-3.19,8.41
312607,46.22,995.64,30.16,2.40,19.89,0.65,0.59,8.73,-2.34,8.41
312645,50.42,995.15,30.16,-0.87,14.75,0.07,0.44,8.73,-2.64,8.41
312683,53.31,994.81,30.16,0.81,12.78,-0.40,1.28,8.73,-3.09,8.41
312721,55.81,994.51,30.16,-1.37,5.20,0.25,1.81,8.73,-2.52,8.41
312773,58.80,994.16,30.17,-3.00,-7.91,-1.40,1.37,8.73,-2.25,8.40
312819,62.02,993.78,30.16,-2.17,-8.90,-0.19,1.62,8.73,-2.55,8.41
312858,65.26,993.40,30.16,-2.49,-8.89,-0.55,1.97,8.73,-2.35,8.41
312896,68.71,992.99,30.16,-2.14,-7.86,0.07,1.71,8.73,-2.05,8.41
312934,72.32,992.57,30.16,-1.31,-7.53,-0.40,1.35,8.73,-2.28,8.41
312986,75.78,992.16,30.16,-0.69,-8.22,-1.88,1.45,8.73,-2.59,8.41
313025,79.48,991.72,30.16,0.15,-7.72,-0.92,1.55,8.73,-2.26,8.41
313063,83.27,991.28,30.16,-0.99,-6.95,-1.09,1.26,8.73,-2.05,8.40
313101,87.14,990.82,30.16,-1.77,-6.89,-0.65,0.97,8.73,-2.24,8.40
313139,90.54,990.42,30.16,-0.90,-7.20,1.18,1.07,8.73,-2.41,8.40
313191,93.85,990.03,30.16,0.14,-6.77,0.61,1.12,8.73,-2.16,8.40
313229,97.66,989.58,30.16,-1.49,-6.42,0.15,0.93,8.73,-2.02,8.40
313267,101.29,989.16,30.16,0.12,-6.62,-0.10,0.79,8.73,-2.05,8.40
313305,104.71,988.75,30.16,-0.71,-6.39,-0.91,0.82,8.73,-2.20,8.41
313353,108.03,988.36,30.16,-0.59,-6.31,-0.56,0.92,8.73,-2.14,8.40
313405,111.56,987.95,30.16,-0.01,-5.34,-0.31,0.64,8.73,-1.81,8.40
313444,115.30,987.51,30.16,-0.11,-5.27,-0.97,0.41,8.73,-1.80,8.40
313482,118.79,987.10,30.16,0.44,-5.19,-0.80,0.35,8.73,-1.87,8.40
313520,122.05,986.72,30.16,0.48,-4.79,-0.33,0.36,8.73,-1.81,8.41
313558,125.33,986.33,30.16,1.05,-4.53,0.64,0.28,8.73,-1.63,8.40
313610,128.43,985.97,30.16,1.85,-3.91,-0.42,0.12,8.73,-1.33,8.40
313649,131.93,985.56,30.16,1.56,-3.94,-0.92,-0.17,8.73,-1.18,8.40
313687,135.15,985.18,30.16,0.48,-4.20,-2.00,-0.36,8.73,-1.25,8.40
313725,138.15,984.83,30.16,0.77,-4.31,-1.14,-0.33,8.73,-1.37,8.40
313763,141.15,984.48,30.16,2.47,-4.05,-2.01,-0.20,8.73,-1.34,8.40
313815,143.80,984.17,30.16,3.06,-3.89,-0.68,-0.19,8.73,-0.96,8.40
313861,146.89,983.81,30.16,2.17,-3.70,-1.30,-0.48,8.73,-0.67,8.40
313900,150.00,983.44,30.16,2.43,-3.68,-1.74,-0.70,8.73,-0.58,8.40
313938,152.91,983.10,30.16,2.32,-3.79,-1.63,-0.78,8.73,-0.59,8.40
313976,155.66,982.78,30.16,3.16,-3.94,-1.80,-0.73,8.73,-0.57,8.40
314028,158.61,982.44,30.16,2.54,-3.98,-2.87,-0.67,8.73,-0.42,8.40
314067,161.91,982.05,30.16,3.37,-3.89,-2.45,-0.62,8.73,-0.26,8.40
314105,165.06,981.68,30.16,3.05,-3.93,-2.17,-0.58,8.73,-0.12,8.40
314143,168.08,981.33,30.16,2.60,-3.74,-3.01,-0.60,8.73,-0.01,8.40
314181,171.11,980.98,30.16,2.14,-3.52,-3.08,-0.60,8.66,0.09,8.40
314233,174.02,980.64,30.16,2.02,-3.53,-3.57,-0.47,8.39,0.17,8.40
314271,177.08,980.28,30.16,2.09,-3.34,-3.71,-0.30,8.08,0.17,8.41
314309,180.33,979.90,30.16,1.17,-3.36,-2.99,-0.11,7.77,0.21,8.40
314347,183.31,979.55,30.16,1.42,-3.09,-3.17,0.03,7.52,0.29,8.41
314395,186.10,979.23,30.16,1.17,-3.06,-2.13,0.09,7.30,0.35,8.41
314447,189.15,978.87,30.16,0.83,-3.12,-2.50,0.06,7.07,0.21,8.41
314485,192.27,978.51,30.16,0.15,-3.06,-2.49,0.09,6.90,0.06,8.41
314523,195.24,978.16,30.16,-0.11,-3.18,-2.17,0.17,6.66,-0.11,8.41
314561,198.06,977.84,30.16,-0.23,-2.96,-2.25,0.28,6.43,-0.27,8.41
314599,200.86,977.51,30.16,0.47,-3.06,-2.23,0.38,6.33,-0.29,8.41
314651,203.51,977.20,30.16,1.13,-2.87,-2.35,0.44,6.29,-0.14,8.41
314690,206.40,976.87,30.16,1.14,-2.73,-1.15,0.30,6.19,0.02,8.41
314728,209.32,976.53,30.16,1.21,-2.65,-1.31,0.04,6.02,0.10,8.41
314766,212.08,976.20,30.16,1.00,-2.81,-1.57,-0.19,5.98,0.07,8.41
314804,214.81,975.89,30.16,0.64,-2.67,-1.46,-0.29,6.03,-0.07,8.41
314856,217.45,975.58,30.16,0.74,-2.82,-1.58,-0.31,6.18,-0.25,8.41
314904,220.19,975.26,30.16,0.90,-2.72,-2.30,-0.19,6.04,-0.35,8.41
314943,222.98,974.94,30.16,1.11,-2.58,-2.10,-0.05,5.99,-0.28,8.41
314981,225.78,974.61,30.16,1.49,-2.38,-1.94,0.01,5.90,-0.13,8.41
315019,228.59,974.29,30.16,1.36,-2.40,-1.73,-0.04,5.70,-0.02,8.41
315071,231.36,973.97,30.16,1.21,-2.48,-1.91,-0.18,5.40,0.07,8.40
315110,234.01,973.66,30.16,0.84,-2.25,-2.00,-0.25,5.37,0.04,8.40
315148,236.51,973.37,30.16,1.09,-2.30,-1.96,-0.28,5.41,-0.02,8.40
315186,238.91,973.09,30.16,0.77,-2.33,-2.60,-0.21,5.27,-0.10,8.41
315224,241.34,972.81,30.16,0.78,-2.32,-2.16,-0.10,5.13,-0.13,8.41
315276,243.74,972.53,30.16,1.13,-2.22,-1.70,0.03,5.00,-0.09,8.41
315315,246.35,972.23,30.16,1.14,-2.28,-1.75,0.08,4.99,-0.00,8.41
315353,249.00,971.92,30.16,1.15,-2.06,-1.36,0.06,4.94,0.09,8.41
315391,251.47,971.63,30.16,0.81,-2.10,-1.75,-0.02,4.87,0.12,8.41
315437,253.73,971.37,30.16,0.56,-2.16,-1.64,-0.08,4.87,0.09,8.41
315489,256.11,971.10,30.16,0.34,-2.19,-2.33,-0.09,4.79,-0.05,8.41
315528,258.64,970.80,30.16,0.59,-2.01,-1.89,-0.04,4.66,-0.17,8.41
315566,261.02,970.53,30.16,0.29,-2.15,-2.04,-0.01,4.61,-0.23,8.41
315604,263.33,970.26,30.16,0.48,-2.02,-2.75,0.05,4.50,-0.29,8.41
315642,265.57,970.00,30.16,0.79,-2.02,-2.13,0.12,4.36,-0.30,8.41
315694,267.73,969.75,30.16,1.03,-1.74,-1.83,0.15,4.28,-0.23,8.41
315733,270.31,969.45,30.16,0.78,-1.89,-1.78,0.08,4.11,-0.11,8.41
315771,272.72,969.17,30.16,1.28,-1.86,-1.48,-0.02,4.02,-0.03,8.41
315809,275.07,968.90,30.16,0.70,-1.74,-1.65,-0.10,3.86,0.02,8.41
315847,277.26,968.65,30.16,0.85,-1.85,-2.07,-0.16,3.76,0.03,8.41
315899,279.39,968.40,30.16,0.86,-1.82,-2.04,-0.13,3.64,-0.00,8.41
315947,281.64,968.14,30.16,0.66,-1.78,-1.60,-0.07,3.54,-0.03,8.41
315986,283.92,967.88,30.15,1.31,-1.68,-2.27,-0.00,3.45,-0.01,8.41
316024,286.12,967.63,30.15,0.95,-1.70,-1.98,0.08,3.36,0.04,8.41
316062,288.23,967.38,30.16,0.82,-1.63,-2.14,0.10,3.29,0.07,8.41
316114,290.23,967.15,30.16,0.51,-1.56,-1.89,0.10,3.24,0.04,8.41
316152,292.34,966.91,30.15,0.31,-1.46,-1.73,0.08,3.19,0.03,8.41
316190,294.35,966.68,30.15,0.31,-1.56,-2.05,0.07,3.12,0.00,8.41
316228,296.38,966.44,30.16,0.54,-1.49,-1.64,0.03,3.08,-0.03,8.41
316266,298.30,966.22,30.16,0.79,-1.48,-1.70,-0.00,3.01,-0.06,8.41
316318,300.25,966.00,30.16,0.85,-1.36,-1.70,-0.07,2.85,-0.09,8.41
316357,302.38,965.75,30.16,0.79,-1.42,-1.37,-0.10,2.77,-0.08,8.41
316395,304.44,965.51,30.16,0.66,-1.33,-1.55,-0.15,2.68,-0.05,8.41
316433,306.47,965.28,30.16,0.81,-1.40,-1.70,-0.21,2.61,-0.04,8.40
316481,308.39,965.06,30.16,0.82,-1.26,-1.77,-0.24,2.55,0.01,8.41
316533,310.35,964.83,30.16,0.91,-1.22,-1.63,-0.29,2.55,0.06,8.40
316572,312.44,964.59,30.15,0.72,-1.24,-1.63,-0.34,2.49,0.07,8.40
316610,314.33,964.37,30.15,0.70,-1.23,-1.67,-0.39,2.47,0.05,8.40
316648,316.11,964.17,30.16,0.56,-1.25,-1.84,-0.40,2.46,-0.02,8.40
316686,317.90,963.96,30.16,0.50,-1.18,-1.77,-0.36,2.42,-0.09,8.41
316738,319.66,963.76,30.16,0.12,-1.14,-2.07,-0.25,2.35,-0.17,8.40
316777,321.45,963.55,30.16,0.85,-1.17,-2.12,-0.15,2.30,-0.20,8.40
316815,323.23,963.35,30.16,0.89,-1.10,-2.10,-0.04,2.25,-0.20,8.41
316853,325.06,963.14,30.16,0.82,-1.01,-2.04,0.05,2.22,-0.17,8.41
316891,326.75,962.94,30.16,0.38,-1.02,-1.84,0.09,2.18,-0.12,8.41
316943,328.41,962.75,30.16,0.91,-1.03,-1.70,0.11,2.13,-0.05,8.41
316989,330.20,962.55,30.16,0.66,-0.90,-1.74,0.07,2.12,-0.01,8.41
317028,331.96,962.35,30.16,0.63,-1.01,-1.56,0.03,2.15,0.03,8.40
317066,333.61,962.16,30.16,0.60,-0.93,-1.66,-0.02,2.14,0.02,8.40
317104,335.23,961.97,30.16,0.34,-0.86,-1.67,-0.06,2.05,-0.02,8.40
317156,336.84,961.78,30.16,0.31,-0.93,-1.52,-0.10,1.88,-0.10,8.40
317195,338.50,961.59,30.16,0.40,-0.83,-1.99,-0.12,1.79,-0.17,8.40
317233,340.16,961.40,30.16,0.26,-0.88,-1.66,-0.14,1.71,-0.22,8.40
317271,341.68,961.23,30.16,0.66,-0.89,-1.89,-0.12,1.64,-0.28,8.40
317309,343.13,961.06,30.16,0.80,-0.90,-1.96,-0.10,1.58,-0.31,8.40
317361,344.61,960.89,30.16,0.60,-0.87,-1.70,-0.09,1.65,-0.29,8.40
317400,346.16,960.72,30.16,0.82,-0.79,-2.20,-0.06,1.58,-0.26,8.40
317438,347.65,960.54,30.16,0.60,-0.83,-1.97,-0.02,1.57,-0.20,8.40
317476,349.16,960.37,30.16,0.70,-0.73,-1.76,-0.01,1.52,-0.16,8.40
317535,350.62,960.20,30.16,0.89,-0.74,-2.05,0.00,1.49,-0.10,8.40
317587,352.12,960.03,30.15,0.92,-0.71,-2.24,0.02,1.48,-0.03,8.40
317626,353.69,959.85,30.15,0.72,-0.66,-1.80,0.02,1.47,0.02,8.40
317664,355.20,959.68,30.15,0.76,-0.63,-1.74,0.00,1.47,0.06,8.41
317702,356.70,959.51,30.15,0.53,-0.68,-1.97,-0.01,1.47,0.10,8.40
317740,358.05,959.35,30.15,0.40,-0.61,-1.87,-0.02,1.40,0.08,8.41
317792,359.37,959.20,30.15,0.69,-0.57,-1.86,-0.03,1.35,0.07,8.41
317831,360.76,959.04,30.15,0.59,-0.59,-1.97,-0.03,1.30,0.04,8.41
317869,362.06,958.89,30.15,0.30,-0.62,-2.15,-0.03,1.25,0.01,8.41
317907,363.35,958.74,30.15,0.48,-0.64,-2.07,-0.01,1.23,-0.02,8.41
317945,364.60,958.60,30.16,0.26,-0.64,-1.97,0.02,1.13,-0.08,8.41
317997,365.79,958.46,30.16,0.27,-0.60,-1.78,0.06,1.03,-0.17,8.41
318045,367.09,958.31,30.16,0.30,-0.62,-2.00,0.08,0.92,-0.27,8.41
318084,368.41,958.16,30.15,0.25,-0.66,-2.00,0.12,0.85,-0.31,8.41
318122,369.63,958.02,30.15,0.26,-0.60,-1.98,0.15,0.82,-0.34,8.41
318160,370.86,957.88,30.15,0.45,-0.63,-1.90,0.18,0.77,-0.37,8.41
318212,371.93,957.76,30.16,0.46,-0.63,-1.86,0.21,0.77,-0.36,8.41
318251,373.10,957.63,30.15,0.54,-0.58,-1.93,0.22,0.76,-0.36,8.41
318289,374.29,957.49,30.15,0.46,-0.50,-1.82,0.23,0.75,-0.34,8.41
318327,375.41,957.36,30.15,0.71,-0.58,-1.91,0.24,0.72,-0.31,8.41
318365,376.44,957.24,30.16,0.81,-0.50,-1.92,0.23,0.70,-0.26,8.41
318417,377.48,957.13,30.16,0.60,-0.50,-2.02,0.22,0.69,-0.21,8.41
318455,378.60,957.00,30.16,0.64,-0.39,-2.05,0.22,0.68,-0.17,8.40
318493,379.66,956.88,30.16,0.65,-0.36,-1.98,0.22,0.68,-0.13,8.41
318531,380.70,956.76,30.16,0.61,-0.40,-1.81,0.21,0.68,-0.10,8.40
318585,381.72,956.64,30.16,0.78,-0.42,-1.80,0.18,0.68,-0.04,8.41
318637,382.76,956.52,30.16,0.67,-0.34,-1.80,0.15,0.69,0.01,8.41
318675,383.83,956.40,30.15,0.61,-0.40,-1.83,0.11,0.72,0.05,8.40
318713,384.87,956.28,30.15,0.74,-0.33,-1.79,0.08,0.75,0.08,8.41
318751,385.94,956.16,30.15,0.68,-0.39,-1.90,0.05,0.76,0.10,8.40
318789,386.85,956.05,30.15,0.62,-0.35,-1.86,0.04,0.75,0.12,8.40
318841,387.63,955.96,30.15,0.53,-0.32,-2.06,0.03,0.73,0.13,8.40
318879,388.59,955.86,30.15,0.38,-0.30,-2.03,0.03,0.71,0.12,8.40
318917,389.44,955.76,30.15,0.52,-0.39,-2.06,0.06,0.68,0.11,8.40
318955,390.28,955.66,30.16,0.56,-0.31,-2.15,0.09,0.64,0.09,8.41
318993,391.08,955.57,30.16,0.43,-0.22,-2.13,0.12,0.57,0.05,8.40
319045,391.90,955.48,30.16,0.41,-0.37,-2.02,0.17,0.48,0.01,8.40
319094,392.78,955.38,30.16,0.23,-0.33,-2.24,0.23,0.42,-0.03,8.40
319133,393.69,955.27,30.15,0.48,-0.36,-2.19,0.28,0.31,-0.07,8.41
319171,394.51,955.18,30.15,0.44,-0.38,-2.13,0.33,0.24,-0.09,8.41
319209,395.26,955.09,30.15,0.33,-0.40,-2.06,0.38,0.18,-0.10,8.41
319261,395.98,955.01,30.15,0.35,-0.35,-2.08,0.43,0.12,-0.10,8.41
319300,396.73,954.93,30.15,0.63,-0.30,-2.08,0.47,0.10,-0.09,8.41
319338,397.44,954.84,30.15,0.65,-0.31,-2.03,0.49,0.07,-0.08,8.41
319376,398.09,954.77,30.15,0.49,-0.32,-1.97,0.50,0.06,-0.07,8.41
319414,398.68,954.70,30.15,0.50,-0.32,-1.91,0.51,0.05,-0.05,8.41
319466,399.27,954.63,30.16,0.81,-0.28,-2.07,0.52,0.03,-0.03,8.41
319505,399.92,954.56,30.16,0.67,-0.29,-1.88,0.53,0.02,-0.02,8.41
319543,400.46,954.50,30.16,0.46,-0.22,-1.88,0.52,0.02,0.01,8.41
319581,401.10,954.43,30.15,0.47,-0.23,-1.83,0.49,0.05,0.02,8.41
319627,401.71,954.36,30.16,0.56,-0.25,-1.89,0.46,0.08,0.03,8.41
319679,402.27,954.29,30.16,0.52,-0.24,-1.86,0.42,0.10,0.02,8.41
319717,402.87,954.22,30.15,0.58,-0.23,-1.90,0.39,0.12,0.02,8.41
319755,403.44,954.16,30.15,0.61,-0.20,-1.98,0.36,0.12,0.02,8.41
319793,404.09,954.08,30.15,0.52,-0.23,-2.02,0.34,0.12,0.04,8.41
319831,404.53,954.03,30.15,0.57,-0.24,-1.96,0.36,0.07,0.06,8.41
319883,404.95,953.99,30.16,0.68,-0.24,-2.08,0.38,0.03,0.07,8.41
319921,405.40,953.93,30.15,0.54,-0.24,-2.06,0.40,0.03,0.07,8.41
319959,405.83,953.89,30.15,0.57,-0.22,-2.02,0.41,0.04,0.08,8.41
319997,406.23,953.84,30.16,0.39,-0.23,-2.09,0.43,0.01,0.09,8.41
320035,406.67,953.79,30.16,0.66,-0.24,-2.12,0.45,-0.01,0.09,8.41
320087,407.04,953.75,30.16,0.45,-0.25,-2.12,0.49,-0.06,0.08,8.41
320135,407.43,953.70,30.16,0.32,-0.23,-2.01,0.52,-0.11,0.08,8.41
320174,407.87,953.65,30.15,0.54,-0.27,-2.04,0.54,-0.13,0.07,8.41
320212,408.20,953.62,30.15,0.46,-0.27,-1.90,0.56,-0.14,0.07,8.41
320250,408.50,953.58,30.15,0.57,-0.31,-1.99,0.58,-0.15,0.07,8.41
320302,408.85,953.54,30.15,0.49,-0.22,-1.92,0.59,-0.16,0.06,8.41
320341,409.17,953.50,30.15,0.53,-0.24,-2.00,0.60,-0.16,0.06,8.41
320379,409.46,953.47,30.15,0.58,-0.22,-2.17,0.59,-0.16,0.05,8.41
320417,409.73,953.44,30.15,0.49,-0.27,-2.10,0.60,-0.15,0.04,8.41
320455,410.01,953.41,30.15,0.50,-0.23,-2.13,0.60,-0.17,0.04,8.41
320507,410.27,953.38,30.16,0.32,-0.29,-2.00,0.63,-0.19,0.03,8.41
320545,410.43,953.36,30.16,0.51,-0.25,-2.00,0.65,-0.21,0.01,8.41
320583,410.67,953.33,30.15,0.55,-0.26,-1.95,0.65,-0.22,-0.01,8.41
320621,410.86,953.31,30.16,0.42,-0.20,-1.97,0.65,-0.22,-0.02,8.41
320667,410.97,953.30,30.16,0.48,-0.29,-2.07,0.66,-0.25,-0.04,8.41
320719,411.11,953.28,30.16,0.43,-0.28,-1.99,0.67,-0.27,-0.06,8.41
320758,411.26,953.27,30.15,0.55,-0.25,-2.00,0.68,-0.27,-0.08,8.41
320796,411.34,953.26,30.15,0.51,-0.28,-1.98,0.67,-0.29,-0.09,8.41
320834,411.41,953.25,30.15,0.40,-0.24,-1.99,0.68,-0.29,-0.10,8.41
320872,411.54,953.23,30.15,0.47,-0.25,-2.01,0.68,-0.30,-0.12,8.41
320924,411.56,953.23,30.15,0.39,-0.25,-1.98,0.68,-0.29,-0.13,8.41
320963,411.67,953.22,30.15,0.59,-0.30,-2.05,0.67,-0.28,-0.14,8.41
321001,411.76,953.21,30.15,0.52,-0.24,-2.02,0.67,-0.28,-0.15,8.41
321039,411.75,953.21,30.15,0.51,-0.28,-2.01,0.66,-0.27,-0.15,8.41
321077,411.80,953.21,30.16,0.55,-0.29,-1.99,0.66,-0.27,-0.16,8.41
321129,411.75,953.21,30.16,0.62,-0.30,-2.12,0.66,-0.27,-0.16,8.41
321177,411.70,953.22,30.16,0.56,-0.29,-1.99,0.66,-0.27,-0.16,8.41
321216,411.63,953.22,30.15,0.51,-0.33,-1.94,0.66,-0.27,-0.16,8.41
321254,411.60,953.23,30.15,0.53,-0.23,-1.92,0.66,-0.27,-0.17,8.41
321292,411.59,953.23,30.15,0.63,-0.27,-1.92,0.64,-0.25,-0.17,8.41
321344,411.54,953.23,30.15,0.57,-0.23,-1.84,0.61,-0.22,-0.16,8.41
321383,411.43,953.25,30.15,0.60,-0.27,-1.97,0.58,-0.18,-0.15,8.41
321421,411.24,953.27,30.15,0.59,-0.23,-1.92,0.56,-0.16,-0.14,8.41
321459,411.11,953.28,30.15,0.67,-0.26,-1.90,0.54,-0.13,-0.13,8.41
321497,411.02,953.29,30.15,0.62,-0.23,-1.90,0.52,-0.10,-0.11,8.41
321549,410.83,953.32,30.16,0.59,-0.21,-1.85,0.48,-0.06,-0.08,8.41
321588,410.62,953.34,30.16,0.64,-0.16,-1.91,0.45,0.00,-0.06,8.41
321626,410.40,953.36,30.15,0.62,-0.24,-1.89,0.42,0.02,-0.04,8.41
321664,410.16,953.39,30.16,0.57,-0.21,-1.89,0.41,0.02,-0.02,8.41
321712,409.89,953.42,30.16,-7.47,27.58,39.04,0.30,-0.09,-0.04,8.41
321764,409.54,953.46,30.15,0.87,-4.10,-0.78,0.27,-0.31,-0.04,8.41
321803,409.27,953.49,30.15,0.91,-0.29,-2.02,0.28,-0.26,-0.06,8.41
321841,408.93,953.53,30.15,0.57,-0.30,-2.08,0.26,-0.27,-0.07,8.41
321879,408.55,953.57,30.15,0.59,-0.23,-2.02,0.25,-0.26,-0.09,8.41
321917,408.32,953.60,30.15,0.59,-0.26,-2.09,0.23,-0.25,-0.10,8.41
321969,408.00,953.64,30.15,0.62,-0.29,-2.15,0.19,-0.27,-0.13,8.41
322008,407.63,953.68,30.15,0.63,-0.30,-2.17,0.17,-0.27,-0.14,8.41
322046,407.26,953.72,30.15,0.58,-0.42,-2.12,0.14,-0.27,-0.16,8.41
322084,406.85,953.77,30.15,0.51,-0.34,-1.93,0.21,-0.19,-0.12,8.41
322122,406.52,953.81,30.15,0.60,-0.30,-2.17,0.35,-0.04,-0.08,8.41
322174,406.14,953.85,30.16,0.83,-0.34,-2.06,0.32,0.01,-0.12,8.41
322220,405.70,953.90,30.15,0.69,-0.34,-2.15,0.32,0.05,-0.14,8.41
322259,405.24,953.95,30.15,0.55,-0.32,-2.04,0.32,0.10,-0.15,8.40
322297,404.79,954.00,30.15,0.51,-0.34,-2.17,0.29,0.16,-0.17,8.41
322335,404.30,954.06,30.15,0.74,-0.37,-2.15,0.28,0.19,-0.18,8.41
322387,403.88,954.11,30.15,0.51,-0.37,-2.18,0.27,0.22,-0.20,8.41
322426,403.36,954.17,30.15,0.61,-0.32,-2.17,0.27,0.24,-0.20,8.41
322464,402.76,954.24,30.15,0.87,-0.43,-2.28,0.27,0.27,-0.22,8.41
322502,402.21,954.30,30.15,0.57,-0.40,-1.96,0.26,0.26,-0.22,8.41
322540,401.68,954.36,30.15,0.68,-0.49,-2.17,0.26,0.26,-0.22,8.41
322592,401.12,954.42,30.15,0.78,-0.44,-2.06,0.25,0.21,-0.22,8.41
322630,400.56,954.49,30.15,0.87,-0.40,-2.13,0.24,0.18,-0.21,8.41
322668,399.96,954.56,30.15,0.66,-0.47,-2.26,0.23,0.13,-0.20,8.41
322706,399.33,954.63,30.15,0.77,-0.46,-2.13,0.23,0.08,-0.20,8.41
322754,398.71,954.70,30.15,0.69,-0.43,-2.11,0.23,-0.04,-0.19,8.41
322806,398.06,954.77,30.15,0.99,-0.43,-2.11,0.22,-0.20,-0.16,8.41
322845,397.34,954.86,30.15,0.77,-0.42,-2.29,0.22,-0.33,-0.14,8.41
322883,396.56,954.94,30.15,0.87,-0.50,-2.09,0.21,-0.43,-0.13,8.41
322921,395.91,955.02,30.15,0.98,-0.44,-2.15,0.20,-0.54,-0.11,8.41
322959,395.31,955.09,30.15,0.98,-0.52,-2.29,0.20,-0.64,-0.10,8.41
323011,394.59,955.17,30.15,0.91,-0.50,-2.26,0.20,-0.75,-0.08,8.41
323050,393.84,955.26,30.15,0.80,-0.46,-2.45,0.19,-0.80,-0.07,8.41
323088,393.12,955.34,30.15,0.94,-0.57,-2.14,0.20,-0.85,-0.08,8.41
323126,392.34,955.43,30.15,0.87,-0.54,-2.16,0.21,-0.88,-0.07,8.41
323164,391.63,955.51,30.15,1.00,-0.60,-2.46,0.21,-0.94,-0.07,8.41
323216,390.90,955.59,30.15,0.71,-0.53,-2.15,0.23,-0.99,-0.06,8.41
323262,389.97,955.70,30.15,0.78,-0.57,-2.35,0.20,-1.03,-0.08,8.41
323301,389.09,955.80,30.15,0.67,-0.56,-2.40,0.19,-1.09,-0.08,8.41
323339,388.16,955.90,30.15,0.88,-0.57,-2.29,0.16,-1.08,-0.10,8.41
323377,387.36,956.00,30.15,0.96,-0.62,-2.35,0.16,-1.06,-0.10,8.41
323429,386.44,956.10,30.15,1.01,-0.61,-2.19,0.14,-0.94,-0.14,8.41
323468,385.45,956.21,30.15,0.95,-0.57,-2.39,0.14,-0.86,-0.15,8.41
323506,384.49,956.32,30.15,0.78,-0.67,-2.26,0.13,-0.77,-0.17,8.41
323544,383.58,956.43,30.15,0.67,-0.65,-2.56,0.11,-0.69,-0.19,8.41
323582,382.66,956.53,30.15,0.88,-0.66,-2.21,0.12,-0.62,-0.20,8.40
323634,381.79,956.63,30.15,0.95,-0.77,-2.49,0.12,-0.50,-0.22,8.41
323673,380.76,956.75,30.15,0.94,-0.64,-2.34,0.12,-0.46,-0.23,8.41
323711,379.75,956.87,30.15,1.02,-0.71,-2.21,0.12,-0.42,-0.23,8.41
323749,378.73,956.98,30.15,0.80,-0.69,-2.41,0.13,-0.39,-0.22,8.41
323797,377.70,957.10,30.15,1.13,-0.79,-2.66,0.14,-0.40,-0.23,8.41
323849,376.67,957.22,30.15,1.03,-0.78,-2.51,0.17,-0.51,-0.20,8.41
323888,375.65,957.33,30.15,1.11,-0.82,-2.45,0.21,-0.66,-0.17,8.41
323926,374.59,957.46,30.15,0.97,-0.86,-2.64,0.24,-0.75,-0.15,8.41
323964,373.53,957.58,30.15,1.36,-0.83,-2.43,0.25,-0.82,-0.13,8.41
324002,372.42,957.70,30.15,1.06,-0.84,-2.51,0.24,-0.85,-0.12,8.40
324054,371.38,957.82,30.15,0.97,-0.88,-2.46,0.24,-0.86,-0.11,8.40
324093,370.23,957.96,30.15,1.20,-0.83,-2.31,0.24,-0.90,-0.09,8.41
324131,369.02,958.09,30.15,0.90,-0.88,-2.49,0.22,-0.94,-0.09,8.41
324169,367.81,958.23,30.15,1.08,-0.93,-2.53,0.23,-0.89,-0.09,8.40
324207,366.55,958.38,30.15,1.24,-0.94,-2.19,0.22,-0.83,-0.10,8.41
324259,365.32,958.52,30.15,1.25,-0.92,-2.42,0.17,-0.87,-0.12,8.41
324307,364.01,958.67,30.15,1.06,-0.93,-2.19,0.11,-0.92,-0.12,8.40
324346,362.69,958.82,30.15,0.90,-0.92,-2.24,0.10,-0.80,-0.14,8.40
324384,361.37,958.97,30.15,0.68,-0.95,-2.51,0.08,-0.63,-0.17,8.40
324422,360.06,959.12,30.15,1.06,-1.05,-2.51,0.10,-0.46,-0.19,8.40
324474,358.81,959.26,30.15,1.17,-0.93,-2.24,0.08,-0.30,-0.22,8.40
324513,357.41,959.42,30.15,0.87,-1.08,-2.33,0.06,-0.20,-0.24,8.41
324551,355.95,959.59,30.15,1.26,-1.13,-2.19,0.01,-0.20,-0.25,8.41
324589,354.67,959.74,30.15,1.30,-1.04,-2.20,-0.03,-0.32,-0.25,8.41
324627,353.35,959.89,30.15,1.24,-1.05,-2.51,-0.07,-0.38,-0.22,8.41
324679,352.10,960.03,30.15,1.33,-1.08,-2.27,-0.13,-0.58,-0.16,8.41
324718,350.75,960.19,30.15,1.42,-1.05,-2.83,-0.16,-0.72,-0.12,8.40
324756,349.55,960.33,30.15,1.16,-1.14,-3.02,-0.12,-0.80,-0.07,8.41
324794,348.25,960.47,30.15,0.79,-1.10,-2.84,-0.06,-0.86,-0.04,8.40
324840,346.97,960.62,30.15,0.74,-1.25,-3.19,0.03,-0.81,-0.04,8.40
324892,345.58,960.78,30.15,1.10,-1.25,-3.02,0.13,-0.70,-0.06,8.40
324931,344.05,960.96,30.15,1.30,-1.20,-2.58,0.19,-0.64,-0.08,8.40
324969,342.57,961.13,30.15,1.29,-1.26,-2.87,0.20,-0.59,-0.08,8.41
325007,341.01,961.31,30.15,1.46,-1.12,-2.23,0.18,-0.50,-0.07,8.41
325045,339.43,961.49,30.15,1.32,-1.25,-2.47,0.14,-0.51,-0.08,8.40
325097,337.86,961.67,30.15,1.33,-1.25,-2.52,0.04,-0.57,-0.08,8.40
325136,336.16,961.86,30.15,1.30,-1.32,-2.38,-0.04,-0.54,-0.11,8.40
325174,334.57,962.05,30.15,1.34,-1.40,-2.34,-0.08,-0.43,-0.13,8.41
325212,333.06,962.22,30.15,0.86,-1.35,-2.51,-0.13,-0.37,-0.15,8.41
325250,331.45,962.40,30.15,1.19,-1.40,-2.56,-0.16,-0.15,-0.18,8.41
325302,329.93,962.58,30.15,1.04,-1.48,-2.83,-0.16,0.05,-0.21,8.41
325350,328.24,962.77,30.15,1.54,-1.50,-2.91,-0.15,0.25,-0.24,8.41
325389,326.59,962.96,30.15,1.47,-1.39,-2.61,-0.14,0.24,-0.21,8.41
325427,325.01,963.14,30.15,1.74,-1.51,-2.45,-0.14,0.16,-0.16,8.41
325465,323.49,963.32,30.15,1.62,-1.39,-2.70,-0.15,0.15,-0.16,8.41
325517,321.99,963.49,30.15,1.68,-1.48,-2.83,-0.13,0.10,-0.13,8.41
325556,320.32,963.68,30.15,1.45,-1.51,-2.58,-0.09,-0.02,-0.06,8.41
325594,318.56,963.89,30.15,1.83,-1.57,-2.79,-0.13,-0.06,-0.06,8.41
325632,316.91,964.08,30.15,1.86,-1.49,-2.60,-0.16,-0.18,-0.05,8.41
325670,315.35,964.26,30.15,2.07,-1.54,-2.92,-0.16,-0.22,-0.03,8.41
325722,313.77,964.44,30.15,1.33,-1.65,-3.38,-0.10,-0.36,-0.00,8.41
325761,312.09,964.63,30.15,1.60,-1.57,-3.12,-0.04,-0.32,-0.00,8.40
325799,310.38,964.83,30.15,1.75,-1.58,-3.07,0.02,-0.23,-0.02,8.40
325837,308.69,965.02,30.15,2.00,-1.73,-3.29,0.07,-0.10,-0.04,8.40
325885,306.91,965.23,30.15,1.71,-1.62,-3.06,0.11,0.11,-0.10,8.40
325937,304.94,965.46,30.15,1.40,-1.68,-3.25,0.12,0.22,-0.15,8.41
325976,302.94,965.69,30.15,1.25,-1.61,-2.97,0.14,0.36,-0.18,8.41
326014,300.97,965.91,30.15,1.80,-1.74,-2.83,0.12,0.48,-0.22,8.41
326052,298.98,966.14,30.15,1.79,-1.88,-2.65,0.07,0.49,-0.25,8.41
326090,297.12,966.36,30.15,1.74,-1.71,-2.64,0.02,0.39,-0.25,8.41
326142,295.25,966.57,30.15,1.73,-1.76,-3.17,-0.04,0.22,-0.23,8.41
326181,293.31,966.80,30.15,1.74,-1.77,-3.04,-0.05,0.10,-0.21,8.41
326219,291.26,967.03,30.15,1.66,-1.74,-3.11,-0.07,-0.11,-0.18,8.41
326257,289.46,967.24,30.15,1.92,-1.85,-3.12,-0.08,-0.35,-0.14,8.41
326295,287.67,967.45,30.15,2.14,-1.75,-2.82,-0.09,-0.55,-0.08,8.41
326347,285.94,967.65,30.15,2.25,-1.76,-3.03,-0.03,-0.77,0.01,8.41
326393,284.01,967.87,30.15,2.25,-1.82,-2.85,0.01,-0.87,0.04,8.41
326432,282.02,968.10,30.15,2.27,-1.71,-2.52,-0.00,-0.98,0.06,8.41
326470,279.95,968.34,30.15,1.97,-1.92,-2.87,-0.06,-1.11,0.07,8.41
326508,277.96,968.57,30.15,1.65,-1.87,-3.16,-0.05,-0.95,0.05,8.41
326560,276.00,968.80,30.15,1.97,-1.95,-3.59,0.02,-0.45,-0.04,8.40
326599,273.90,969.04,30.15,1.43,-2.00,-3.43,0.09,-0.04,-0.12,8.41
326637,271.75,969.29,30.15,1.73,-2.04,-3.19,0.13,0.34,-0.20,8.40
326675,269.72,969.52,30.15,1.54,-2.18,-3.51,0.14,0.46,-0.23,8.40
326713,267.76,969.75,30.15,2.15,-2.12,-3.06,0.10,0.53,-0.25,8.40
326765,265.80,969.97,30.15,2.50,-2.11,-2.98,0.08,0.34,-0.22,8.40
326803,263.64,970.22,30.15,2.53,-2.03,-2.70,0.03,0.06,-0.17,8.41
326841,261.52,970.47,30.15,2.75,-1.93,-2.96,0.01,-0.33,-0.11,8.41
326879,259.54,970.70,30.15,2.75,-2.20,-3.36,0.00,-0.73,-0.04,8.41
326927,257.57,970.93,30.15,2.26,-2.27,-3.43,-0.01,-0.95,0.02,8.41
326979,255.38,971.18,30.15,2.35,-2.30,-3.21,-0.02,-0.90,0.01,8.41
327018,253.10,971.44,30.15,1.98,-2.19,-3.43,-0.05,-0.76,-0.03,8.40
327056,250.74,971.72,30.15,2.18,-2.22,-3.04,-0.05,-0.56,-0.07,8.40
327094,248.54,971.97,30.14,2.38,-2.33,-3.25,-0.08,-0.50,-0.09,8.41
327132,246.33,972.23,30.15,2.33,-2.46,-3.51,-0.08,-0.30,-0.13,8.41
327184,244.11,972.49,30.15,2.25,-2.28,-3.61,-0.10,-0.17,-0.17,8.41
327223,241.79,972.75,30.15,2.27,-2.33,-3.47,-0.13,-0.17,-0.17,8.41
327261,239.58,973.01,30.15,2.51,-2.33,-3.58,-0.11,-0.18,-0.17,8.41
327299,237.43,973.26,30.15,2.84,-2.37,-3.60,-0.06,-0.31,-0.12,8.41
327337,235.34,973.50,30.15,3.11,-2.31,-3.30,-0.01,-0.41,-0.09,8.41
327389,233.13,973.76,30.15,2.93,-2.33,-3.64,0.01,-0.51,-0.07,8.41
327437,230.83,974.03,30.15,2.60,-2.44,-4.01,0.05,-0.47,-0.05,8.41
327476,228.42,974.31,30.15,2.56,-2.53,-3.75,0.13,-0.30,-0.07,8.41
327514,226.01,974.59,30.14,1.96,-2.55,-3.67,0.14,-0.08,-0.11,8.41
327552,223.61,974.86,30.15,2.62,-2.45,-3.20,0.11,0.12,-0.17,8.40
327604,221.27,975.14,30.15,2.48,-2.62,-3.54,0.07,0.12,-0.16,8.41
327643,218.76,975.43,30.15,3.17,-2.36,-2.99,0.03,0.02,-0.14,8.41
327681,216.36,975.71,30.14,2.57,-2.42,-3.40,-0.02,-0.30,-0.10,8.40
327719,213.90,975.99,30.15,2.87,-2.61,-4.27,-0.06,-0.52,-0.07,8.40
327757,211.69,976.25,30.15,3.22,-2.45,-3.73,-0.04,-0.69,-0.03,8.40
327809,209.52,976.50,30.15,2.81,-2.50,-3.00,-0.01,-0.83,0.02,8.40
327848,206.95,976.80,30.15,2.87,-2.68,-3.73,-0.02,-0.79,0.03,8.40
327886,204.55,977.08,30.15,2.56,-2.61,-3.70,-0.04,-0.64,0.01,8.40
327924,202.11,977.36,30.15,2.42,-2.65,-3.49,-0.02,-0.42,-0.02,8.40
327974,199.69,977.65,30.15,2.46,-2.63,-3.65,-0.08,-0.05,-0.09,8.40
328026,197.16,977.94,30.15,2.64,-2.71,-3.80,-0.05,0.26,-0.13,8.40
328065,194.54,978.25,30.14,2.93,-2.65,-3.79,-0.01,0.37,-0.16,8.40
328103,191.89,978.55,30.14,2.94,-2.80,-3.91,-0.01,0.46,-0.17,8.40
328141,189.35,978.85,30.14,2.34,-2.70,-3.36,-0.02,0.50,-0.17,8.40
328179,186.89,979.14,30.14,2.86,-2.73,-4.21,-0.06,0.48,-0.15,8.40
328231,184.48,979.42,30.14,3.30,-2.64,-3.74,-0.08,0.27,-0.08,8.40
328270,181.82,979.73,30.14,3.28,-2.81,-3.91,-0.08,0.09,-0.02,8.40
328308,179.44,980.01,30.14,3.09,-2.81,-3.35,-0.07,-0.05,0.04,8.40
328346,176.89,980.30,30.14,3.48,-2.87,-3.85,-0.04,-0.07,0.08,8.40
328384,174.40,980.59,30.14,2.87,-2.97,-3.92,-0.02,-0.03,0.08,8.40
328436,171.93,980.88,30.15,2.68,-2.84,-3.66,-0.02,0.16,0.04,8.40
328485,169.24,981.20,30.15,2.88,-2.91,-4.22,-0.03,0.36,0.01,8.40
328524,166.51,981.51,30.14,3.25,-2.86,-3.62,-0.02,0.61,-0.04,8.40
328562,163.71,981.84,30.14,2.28,-3.02,-3.84,-0.02,0.78,-0.08,8.40
328600,160.90,982.17,30.14,3.17,-3.02,-3.16,-0.05,0.93,-0.11,8.40
328652,158.23,982.48,30.14,3.40,-3.19,-4.15,-0.11,0.95,-0.08,8.40
328691,155.55,982.80,30.14,3.94,-3.10,-3.63,-0.14,0.88,-0.06,8.41
328729,152.56,983.15,30.14,3.96,-3.21,-3.51,-0.17,0.77,-0.01,8.41
328767,149.85,983.46,30.14,3.85,-3.08,-3.59,-0.20,0.73,0.03,8.41
328805,146.99,983.80,30.14,3.52,-3.21,-3.48,-0.22,0.69,0.07,8.41
328857,144.65,984.07,30.15,3.73,-3.12,-4.26,-0.27,0.65,0.06,8.41
328895,142.17,984.36,30.14,3.55,-3.31,-4.50,-0.17,0.73,0.11,8.41
328933,139.62,984.66,30.14,3.45,-3.19,-3.70,-0.18,0.76,0.09,8.41
328971,137.11,984.95,30.14,3.41,-3.22,-5.08,-0.15,0.79,0.07,8.41
329019,134.58,985.25,30.15,3.91,-3.05,-4.72,-0.12,0.80,0.08,8.41
329071,131.79,985.58,30.14,2.66,-3.22,-4.44,-0.07,1.06,-0.00,8.41
329110,128.75,985.93,30.14,3.24,-3.18,-3.45,-0.13,1.20,-0.05,8.41
329148,125.87,986.27,30.14,4.22,-3.37,-4.18,-0.18,1.26,-0.08,8.41
329186,122.96,986.61,30.14,4.84,-3.52,-4.23,-0.21,1.15,-0.07,8.41
329224,120.06,986.95,30.14,4.09,-3.32,-4.88,-0.18,1.00,-0.02,8.41
329276,117.37,987.27,30.14,4.07,-3.35,-3.83,-0.12,0.79,0.08,8.41
329315,114.55,987.60,30.14,3.59,-3.37,-4.26,-0.16,0.83,0.08,8.40
329353,111.54,987.95,30.14,3.89,-3.35,-4.00,-0.17,0.85,0.08,8.41
329391,108.84,988.27,30.14,3.58,-3.48,-5.23,-0.18,1.01,0.05,8.41
329429,106.02,988.60,30.14,4.04,-3.52,-4.78,-0.13,1.21,0.02,8.41
329481,103.29,988.92,30.14,3.95,-3.31,-4.12,-0.07,1.16,0.06,8.40
329527,100.42,989.26,30.14,4.35,-3.53,-4.55,-0.01,1.12,0.13,8.41
329566,97.32,989.62,30.14,3.81,-3.56,-4.33,-0.01,1.18,0.17,8.41
329604,94.16,989.99,30.14,3.83,-3.54,-4.12,-0.06,1.30,0.16,8.40
329642,91.10,990.35,30.14,4.30,-3.53,-3.56,-0.15,1.42,0.14,8.40
329694,88.06,990.71,30.14,3.77,-3.61,-3.76,-0.27,1.50,0.06,8.40
329733,84.87,991.09,30.14,3.94,-3.53,-3.89,-0.35,1.58,0.01,8.40
329771,81.82,991.45,30.14,4.08,-3.62,-4.88,-0.34,1.80,-0.01,8.40
329809,78.93,991.79,30.14,3.90,-3.81,-5.05,-0.32,1.93,0.02,8.40
329847,76.28,992.10,30.14,4.33,-3.86,-4.63,-0.26,2.07,0.06,8.40
329899,73.47,992.43,30.14,4.19,-3.90,-4.42,-0.22,2.26,0.09,8.40
329938,70.40,992.79,30.14,4.75,-3.81,-5.00,-0.22,2.46,0.09,8.40
329976,67.47,993.14,30.14,4.49,-3.83,-5.15,-0.22,2.53,0.14,8.40
330014,64.59,993.48,30.14,4.57,-3.81,-4.60,-0.22,2.56,0.21,8.40
330062,61.61,993.83,30.14,4.78,-4.04,-4.82,-0.28,2.63,0.21,8.40
330114,58.51,994.19,30.14,5.34,-3.69,-3.21,-0.41,2.66,0.19,8.40
330153,55.17,994.59,30.14,4.14,-4.05,-4.54,-0.47,2.71,0.14,8.40
330191,52.04,994.96,30.14,4.68,-3.77,-4.10,-0.50,2.89,0.10,8.40
330229,49.08,995.31,30.14,5.43,-4.13,-5.88,-0.46,3.00,0.12,8.40
330267,46.23,995.64,30.14,4.85,-3.98,-5.33,-0.41,3.12,0.16,8.40
330319,43.43,995.97,30.14,4.77,-4.03,-4.96,-0.33,3.25,0.26,8.40
330357,40.31,996.34,30.14,4.46,-4.05,-3.91,-0.34,3.20,0.29,8.40
330395,37.07,996.73,30.14,4.99,-4.04,-4.33,-0.44,3.17,0.29,8.40
330433,33.95,997.10,30.14,4.98,-4.02,-4.65,-0.50,3.19,0.25,8.40
330471,30.92,997.45,30.14,4.68,-3.98,-3.85,-0.53,3.28,0.22,8.40
330523,27.89,997.81,30.14,4.84,-4.13,-5.31,-0.56,3.40,0.20,8.40
